timestamp,accel_x,accel_y,accel_z,gyro_x,gyro_y,gyro_z,quat_w,quat_x,quat_y,quat_z,roll,pitch,yaw,att_sp_roll,att_sp_pitch,att_sp_yaw,rate_sp_roll,rate_sp_pitch,rate_sp_yaw,att_cmd_roll,att_cmd_pitch,att_cmd_yaw,rate_cmd_roll,rate_cmd_pitch,rate_cmd_yaw,altitude,climb_rate,flight_state,flight_mode
24052,0.076,0.004,1.012,0.076,-1.947,0.145,0.9956,0.0051,-0.0372,0.0862,0.215,-4.303,189.891,0.215,-1.564,2.111,0.000,0.000,0.000,0.000,9.554,2.111,-0.060,0.976,0.098,-0.19,0.53,1,0
24096,0.083,0.004,1.013,0.096,-0.226,0.081,0.9954,0.0054,-0.0405,0.0863,0.216,-4.676,189.903,0.215,-1.564,2.111,0.000,0.000,0.000,0.000,10.748,2.111,0.005,0.556,0.154,-0.24,0.06,1,0
24110,0.083,0.004,1.013,0.019,-0.122,0.136,0.9954,0.0057,-0.0405,0.0863,0.247,-4.683,189.902,0.215,-1.564,2.111,0.000,0.000,0.000,0.063,10.933,2.111,0.003,0.556,0.148,-0.24,0.06,1,0
24124,0.083,0.004,1.013,0.137,0.102,0.206,0.9954,0.0054,-0.0403,0.0864,0.222,-4.653,189.907,0.215,-1.564,2.111,0.000,0.000,0.000,-0.100,10.853,2.111,-0.011,0.535,0.129,-0.24,0.05,1,0
24144,0.083,0.004,1.013,0.107,0.231,-0.193,0.9954,0.0054,-0.0407,0.0864,0.214,-4.701,189.907,0.215,-1.564,1.760,0.000,0.000,0.000,0.244,10.936,1.760,0.000,0.486,0.141,-0.23,0.08,1,0
24166,0.084,0.004,1.012,0.010,0.143,-0.024,0.9954,0.0054,-0.0410,0.0863,0.213,-4.741,189.906,0.215,-1.564,1.408,0.000,0.000,0.000,0.000,10.949,1.760,0.013,0.482,0.126,-0.23,0.32,1,0
24195,0.084,0.002,1.012,0.128,0.695,-0.460,0.9954,0.0048,-0.0411,0.0863,0.139,-4.739,189.910,0.215,-1.564,2.111,0.000,0.000,0.000,0.445,11.078,1.760,0.010,0.427,0.114,-0.22,0.25,1,0
24214,0.084,0.005,1.012,0.122,0.777,0.076,0.9954,0.0059,-0.0411,0.0862,0.267,-4.749,189.893,0.215,-1.564,2.111,0.000,0.000,0.000,-0.226,11.061,1.760,0.023,0.407,0.111,-0.23,-0.14,1,0
24227,0.084,0.005,1.012,0.145,0.831,0.220,0.9954,0.0057,-0.0409,0.0863,0.252,-4.727,189.896,0.215,-1.564,2.111,0.000,0.000,0.000,-0.251,11.122,2.111,0.013,0.403,0.092,-0.23,-0.14,1,0
24251,0.084,0.004,1.012,-0.085,1.000,0.176,0.9954,0.0057,-0.0411,0.0863,0.240,-4.752,189.904,0.215,-1.564,2.111,0.000,0.000,0.000,-0.089,11.062,2.111,0.011,0.369,0.092,-0.23,-0.13,1,0
24272,0.084,0.005,1.012,0.040,0.839,0.248,0.9954,0.0058,-0.0410,0.0864,0.252,-4.735,189.906,0.108,-1.564,2.111,0.000,0.000,0.000,-0.220,11.063,2.111,0.006,0.388,0.105,-0.23,-0.13,1,0
24294,0.084,0.004,1.012,-0.061,1.019,0.202,0.9954,0.0055,-0.0409,0.0864,0.228,-4.725,189.912,0.108,-1.564,2.111,0.000,0.000,0.000,-0.200,11.036,2.111,-0.018,0.393,0.108,-0.24,-0.14,1,0
24314,0.084,0.004,1.012,0.100,1.090,-0.067,0.9954,0.0053,-0.0409,0.0864,0.198,-4.720,189.916,0.215,-1.564,2.111,0.000,0.000,0.000,0.000,11.015,2.111,0.012,0.376,0.135,-0.24,-0.13,1,0
24327,0.084,0.004,1.012,0.045,1.110,-0.081,0.9954,0.0056,-0.0410,0.0864,0.231,-4.735,189.912,0.215,-1.564,2.111,0.000,0.000,0.000,0.050,11.048,2.111,0.019,0.383,0.144,-0.24,-0.13,1,0
24346,0.083,0.004,1.012,0.137,1.305,-0.093,0.9954,0.0053,-0.0407,0.0864,0.202,-4.696,189.913,0.215,-1.564,2.111,0.000,0.000,0.000,0.000,11.013,2.111,0.013,0.371,0.146,-0.24,-0.11,1,0
24360,0.083,0.004,1.012,0.294,1.122,-0.293,0.9954,0.0055,-0.0406,0.0864,0.222,-4.696,189.909,0.215,-1.564,2.111,0.000,0.000,0.000,0.000,10.970,2.111,0.002,0.372,0.157,-0.24,0.04,1,0
24376,0.083,0.005,1.012,0.131,0.963,-0.098,0.9954,0.0061,-0.0408,0.0863,0.291,-4.716,189.900,0.215,-1.564,2.111,0.000,0.000,0.000,-0.163,10.974,2.111,-0.009,0.398,0.154,-0.24,0.04,1,0
24402,0.083,0.005,1.012,0.130,1.112,0.095,0.9954,0.0058,-0.0403,0.0863,0.269,-4.662,189.904,0.215,-1.564,2.111,0.000,0.000,0.000,-0.269,10.816,2.111,-0.026,0.399,0.111,-0.24,0.04,1,0
24420,0.083,0.005,1.013,-0.077,0.869,0.147,0.9954,0.0060,-0.0404,0.0864,0.283,-4.669,189.906,0.215,-1.564,2.111,0.000,0.000,0.000,-0.314,10.776,2.111,-0.018,0.400,0.099,-0.24,0.08,1,0
24440,0.082,0.005,1.013,-0.027,0.613,0.161,0.9954,0.0060,-0.0401,0.0864,0.287,-4.639,189.909,0.215,-1.564,2.111,0.000,0.000,0.000,-0.274,10.753,2.111,-0.022,0.446,0.090,-0.23,0.07,1,0
24453,0.082,0.005,1.013,-0.028,0.658,0.150,0.9954,0.0059,-0.0403,0.0864,0.272,-4.656,189.913,0.215,-1.564,2.111,0.000,0.000,0.000,-0.290,10.712,2.111,-0.017,0.450,0.091,-0.23,0.06,1,0
24472,0.082,0.004,1.012,0.220,0.447,-0.025,0.9954,0.0057,-0.0401,0.0864,0.250,-4.630,189.914,0.215,-1.564,2.111,0.000,0.000,0.000,-0.070,10.725,2.111,-0.015,0.470,0.108,-0.23,-0.01,1,0
24494,0.082,0.004,1.013,0.066,0.639,-0.160,0.9954,0.0055,-0.0398,0.0864,0.231,-4.594,189.914,0.215,-1.564,2.111,0.000,0.000,0.000,0.000,10.672,2.111,-0.011,0.453,0.128,-0.23,-0.01,1,0
24516,0.082,0.004,1.013,0.147,0.617,0.007,0.9954,0.0055,-0.0399,0.0864,0.228,-4.615,189.913,0.215,-1.564,2.111,0.000,0.000,0.000,-0.220,10.631,2.111,-0.012,0.428,0.125,-0.24,-0.03,1,0
24934,0.083,0.004,1.013,0.119,-0.380,-0.026,0.9954,0.0055,-0.0404,0.0865,0.230,-4.672,189.918,0.215,-1.564,2.111,0.000,0.000,0.000,-0.094,10.841,2.111,0.000,0.543,0.107,-0.39,-0.03,1,0
24974,0.083,0.004,1.012,0.071,-0.108,0.161,0.9954,0.0054,-0.0405,0.0865,0.211,-4.673,189.921,0.108,-1.564,2.111,0.000,0.000,0.000,-0.578,10.857,2.111,-0.079,0.513,0.093,-0.40,-0.03,1,0
24998,0.083,0.003,1.012,-0.102,-0.090,0.127,0.9954,0.0051,-0.0404,0.0865,0.180,-4.659,189.927,0.108,-1.564,2.111,0.000,0.000,0.000,-0.385,10.797,2.111,-0.062,0.502,0.080,-0.40,-0.11,1,0
25015,0.083,0.004,1.013,-0.020,-0.131,0.028,0.9954,0.0054,-0.0404,0.0865,0.217,-4.664,189.926,0.108,-1.564,2.111,0.000,0.000,0.000,-0.503,10.869,2.111,-0.051,0.504,0.089,-0.40,-0.10,1,0
25034,0.083,0.004,1.012,0.026,-0.077,-0.130,0.9954,0.0053,-0.0406,0.0865,0.207,-4.693,189.926,0.108,-1.564,2.111,0.000,0.000,0.000,-0.680,10.910,2.111,-0.059,0.506,0.107,-0.40,-0.04,1,0
25054,0.083,0.005,1.012,0.136,0.148,-0.214,0.9954,0.0058,-0.0405,0.0865,0.257,-4.682,189.918,0.108,-1.564,2.111,0.000,0.000,0.000,-0.870,10.965,2.111,-0.085,0.503,0.131,-0.39,0.45,1,0
25067,0.083,0.005,1.012,0.293,0.359,-0.039,0.9954,0.0061,-0.0407,0.0864,0.291,-4.710,189.915,0.108,-1.564,2.111,0.000,0.000,0.000,-0.844,11.027,2.111,-0.098,0.491,0.126,-0.38,0.45,1,0
25084,0.083,0.005,1.012,0.144,0.502,0.060,0.9954,0.0059,-0.0406,0.0865,0.267,-4.693,189.917,0.108,-1.564,2.111,0.000,0.000,0.000,-0.790,10.874,2.111,-0.102,0.457,0.109,-0.38,0.42,1,0
25102,0.083,0.004,1.012,0.024,0.438,0.150,0.9954,0.0055,-0.0405,0.0865,0.224,-4.674,189.923,0.108,-1.564,2.111,0.000,0.000,0.000,-0.830,10.979,2.111,-0.091,0.457,0.092,-0.37,0.40,1,0
25114,0.083,0.004,1.013,-0.134,0.315,0.158,0.9954,0.0056,-0.0406,0.0865,0.236,-4.691,189.924,0.108,-1.564,2.111,0.000,0.000,0.000,-0.621,10.957,2.111,-0.072,0.475,0.085,-0.37,0.36,1,0
25135,0.083,0.004,1.013,-0.006,0.368,-0.033,0.9954,0.0056,-0.0405,0.0865,0.233,-4.676,189.926,0.108,-1.564,2.111,0.000,0.000,0.000,-0.530,10.852,2.111,-0.065,0.481,0.096,-0.36,0.13,1,0
25160,0.083,0.005,1.013,-0.031,0.452,0.058,0.9954,0.0058,-0.0404,0.0865,0.263,-4.675,189.923,0.108,-1.564,2.111,0.000,0.000,0.000,-0.909,10.944,2.111,-0.076,0.480,0.106,-0.36,0.13,1,0
25182,0.083,0.004,1.013,0.099,0.512,0.070,0.9954,0.0057,-0.0407,0.0865,0.250,-4.701,189.926,0.108,-1.564,2.111,0.000,0.000,0.000,-0.853,10.926,2.111,-0.098,0.480,0.097,-0.36,0.09,1,0
25192,0.083,0.004,1.013,0.083,0.501,0.068,0.9954,0.0056,-0.0407,0.0865,0.241,-4.703,189.927,0.108,-1.564,2.111,0.000,0.000,0.000,-0.743,10.957,2.111,-0.096,0.481,0.098,-0.37,-0.24,1,0
25211,0.083,0.004,1.013,0.081,0.380,0.080,0.9954,0.0053,-0.0406,0.0866,0.207,-4.684,189.931,0.108,-1.564,2.111,0.000,0.000,0.000,-0.668,10.856,2.111,-0.085,0.498,0.097,-0.37,-0.23,1,0
25226,0.083,0.003,1.013,0.184,0.403,-0.070,0.9954,0.0053,-0.0405,0.0866,0.206,-4.674,189.932,0.108,-1.564,2.111,0.000,0.000,0.000,-0.542,10.855,2.111,-0.078,0.499,0.105,-0.37,-0.23,1,0
25243,0.083,0.004,1.013,0.059,0.336,-0.207,0.9954,0.0056,-0.0403,0.0865,0.235,-4.656,189.927,0.108,-1.564,2.111,0.000,0.000,0.000,-0.616,10.841,2.111,-0.064,0.506,0.127,-0.37,-0.17,1,0
25257,0.083,0.005,1.013,-0.041,0.354,0.050,0.9954,0.0060,-0.0404,0.0865,0.282,-4.678,189.922,0.108,-1.564,2.111,0.000,0.000,0.000,-0.985,10.787,2.111,-0.070,0.505,0.122,-0.37,0.22,1,0
25283,0.082,0.004,1.012,0.046,0.426,-0.164,0.9954,0.0053,-0.0402,0.0865,0.209,-4.644,189.929,0.108,-1.564,2.111,0.000,0.000,0.000,-0.582,10.737,2.111,-0.078,0.495,0.113,-0.36,0.21,1,0
25305,0.082,0.004,1.012,0.035,0.288,-0.071,0.9954,0.0055,-0.0402,0.0865,0.234,-4.642,189.923,0.000,-1.564,2.111,0.000,0.000,0.000,-1.173,10.771,2.111,-0.079,0.505,0.129,-0.35,0.24,1,0
25323,0.082,0.003,1.012,0.060,0.205,0.096,0.9954,0.0052,-0.0401,0.0865,0.194,-4.632,189.927,0.000,-1.564,2.111,0.000,0.000,0.000,-1.116,10.729,2.111,-0.107,0.524,0.106,-0.34,0.63,1,0
25338,0.082,0.003,1.012,0.033,0.208,0.094,0.9954,0.0053,-0.0400,0.0865,0.207,-4.618,189.927,0.000,-1.564,2.111,0.000,0.000,0.000,-0.960,10.682,2.111,-0.109,0.527,0.096,-0.33,0.60,1,0
25356,0.082,0.004,1.012,0.128,0.222,0.087,0.9954,0.0053,-0.0400,0.0865,0.214,-4.617,189.928,0.000,-1.564,2.111,0.000,0.000,0.000,-1.195,10.673,2.111,-0.107,0.528,0.093,-0.32,0.57,1,0
25382,0.081,0.004,1.012,0.020,0.005,-0.063,0.9954,0.0057,-0.0398,0.0865,0.254,-4.599,189.924,0.000,-1.564,2.111,0.000,0.000,0.000,-1.405,10.606,2.111,-0.119,0.538,0.112,-0.31,0.50,1,0
25783,0.082,0.004,1.013,0.079,-0.150,-0.027,0.9954,0.0057,-0.0404,0.0866,0.248,-4.670,189.931,0.000,-1.564,2.111,0.000,0.000,0.000,-1.280,10.762,2.287,-0.122,0.583,0.134,-0.26,0.22,1,0
25812,0.082,0.004,1.012,0.069,0.111,0.051,0.9954,0.0055,-0.0403,0.0866,0.228,-4.651,189.936,5.161,-1.564,2.111,0.000,0.000,0.000,22.735,10.780,2.111,0.020,0.570,0.097,-0.24,0.26,1,0
25840,0.082,0.005,1.013,0.157,0.161,0.033,0.9954,0.0061,-0.0400,0.0865,0.297,-4.623,189.925,23.548,-1.564,2.111,0.000,0.000,0.000,90.000,10.610,2.111,0.432,0.551,0.118,-0.24,-0.08,1,0
25856,0.082,0.004,1.013,0.160,0.202,0.067,0.9954,0.0054,-0.0400,0.0866,0.220,-4.623,189.933,24.140,-1.564,2.111,0.000,0.000,0.000,90.000,10.499,2.111,0.517,0.537,0.098,-0.24,-0.07,1,0
25882,0.082,0.004,1.013,-0.004,-0.070,-0.016,0.9954,0.0056,-0.0400,0.0866,0.238,-4.623,189.931,24.892,-1.564,2.111,0.000,0.000,0.000,90.000,10.512,2.111,0.629,0.547,0.101,-0.25,-0.07,1,0
25897,0.082,0.004,1.012,0.060,-0.083,0.026,0.9954,0.0057,-0.0402,0.0866,0.255,-4.642,189.930,24.892,-1.564,2.111,0.000,0.000,0.000,90.000,10.465,2.111,0.678,0.562,0.099,-0.25,-0.09,1,0
25916,0.082,0.005,1.012,-0.062,0.084,0.049,0.9954,0.0058,-0.0401,0.0866,0.266,-4.642,189.930,24.892,-1.564,2.111,0.000,0.000,0.000,90.000,10.583,2.111,0.731,0.565,0.097,-0.25,-0.25,1,0
25935,0.082,0.004,1.013,0.176,0.147,-0.053,0.9954,0.0057,-0.0399,0.0866,0.252,-4.617,189.932,24.839,-1.564,2.111,0.000,0.000,0.000,90.000,10.582,2.111,0.780,0.555,0.101,-0.26,-0.24,1,0
25954,0.082,0.005,1.011,0.162,0.081,-0.089,0.9954,0.0059,-0.0402,0.0866,0.273,-4.651,189.930,24.032,-1.564,2.111,0.000,0.000,0.000,90.000,10.606,2.111,0.805,0.562,0.109,-0.26,-0.24,1,0
25964,0.082,0.004,1.012,0.172,0.010,0.139,0.9954,0.0057,-0.0400,0.0866,0.257,-4.624,189.932,23.441,-1.564,2.111,0.000,0.000,0.000,90.000,10.635,2.111,0.838,0.582,0.098,-0.27,-0.28,1,0
25994,0.082,0.003,1.012,0.067,0.127,-0.028,0.9954,0.0050,-0.0402,0.0866,0.172,-4.642,189.941,21.398,-1.466,2.111,0.000,0.000,0.000,90.000,10.950,2.111,0.870,0.596,0.100,-0.29,-0.78,1,0
26016,0.082,0.004,1.012,0.234,-0.076,-0.064,0.9954,0.0057,-0.0404,0.0866,0.247,-4.665,189.931,17.258,-1.466,2.111,0.000,0.000,0.000,90.000,10.965,2.111,0.900,0.647,0.125,-0.30,-0.62,1,0
26040,0.083,0.005,1.012,0.023,0.091,0.162,0.9954,0.0057,-0.0402,0.0866,0.256,-4.652,189.932,13.118,-1.466,2.111,0.000,0.000,0.000,71.743,11.075,2.111,0.917,0.650,0.103,-0.30,0.13,1,0
26055,0.083,0.005,1.011,0.120,-0.003,0.184,0.9954,0.0059,-0.0405,0.0866,0.277,-4.685,189.934,4.140,-1.564,2.111,0.000,0.000,0.000,46.125,10.783,2.111,0.505,0.647,0.085,-0.30,0.13,1,0
26075,0.082,0.004,1.011,0.081,-0.292,0.240,0.9954,0.0056,-0.0403,0.0867,0.244,-4.655,189.942,0.645,-1.564,2.111,0.000,0.000,0.000,11.634,10.817,2.111,0.230,0.650,0.071,-0.30,0.09,1,0
26095,0.082,0.004,1.012,-0.089,-0.273,-0.092,0.9954,0.0054,-0.0404,0.0867,0.213,-4.662,189.945,0.430,-1.564,2.111,0.000,0.000,0.000,1.324,10.781,2.111,0.025,0.657,0.097,-0.30,-0.23,1,0
26106,0.082,0.004,1.011,0.126,-0.329,-0.085,0.9954,0.0055,-0.0403,0.0867,0.233,-4.652,189.942,0.376,-1.564,2.111,0.000,0.000,0.000,1.303,10.856,2.111,-0.110,0.661,0.117,-0.31,-0.23,1,0
26133,0.082,0.004,1.012,-0.017,-0.210,-0.043,0.9954,0.0056,-0.0402,0.0867,0.240,-4.644,189.941,0.215,-1.564,2.111,0.000,0.000,0.000,-0.116,10.748,2.111,-0.315,0.652,0.114,-0.31,-0.21,1,0
26146,0.083,0.005,1.010,0.012,-0.075,-0.069,0.9954,0.0058,-0.0404,0.0866,0.267,-4.666,189.938,0.215,-1.564,2.111,0.000,0.000,0.000,-0.331,10.732,2.111,-0.380,0.631,0.116,-0.31,-0.21,1,0
26156,0.083,0.005,1.011,0.111,-0.113,-0.032,0.9954,0.0057,-0.0403,0.0866,0.250,-4.657,189.939,0.215,-1.564,2.111,0.000,0.000,0.000,-0.227,10.944,2.111,-0.422,0.625,0.118,-0.32,-0.20,1,0
26184,0.083,0.004,1.010,0.187,-0.178,0.084,0.9954,0.0057,-0.0404,0.0867,0.253,-4.676,189.941,0.108,-1.564,2.111,0.000,0.000,0.000,-0.874,10.946,2.111,-0.413,0.635,0.101,-0.32,-0.19,1,0
26204,0.082,0.005,1.011,0.230,-0.097,-0.015,0.9954,0.0057,-0.0404,0.0867,0.256,-4.665,189.941,0.108,-1.564,2.111,0.000,0.000,0.000,-0.769,10.895,2.111,-0.372,0.636,0.105,-0.33,-0.18,1,0
26218,0.083,0.004,1.010,0.131,-0.062,-0.014,0.9954,0.0057,-0.0404,0.0867,0.247,-4.666,189.942,0.108,-1.564,2.111,0.000,0.000,0.000,-0.758,10.590,2.111,-0.336,0.613,0.109,-0.32,-0.14,1,0
26235,0.082,0.004,1.012,0.075,-0.062,-0.043,0.9954,0.0056,-0.0402,0.0867,0.246,-4.642,189.942,0.108,-1.564,2.111,0.000,0.000,0.000,-0.716,10.891,2.111,-0.282,0.612,0.110,-0.32,0.19,1,0
26658,0.082,0.004,1.011,0.175,-0.042,-0.046,0.9954,0.0054,-0.0400,0.0868,0.221,-4.626,189.954,0.108,-1.564,2.287,0.000,0.000,0.000,-0.515,10.656,2.287,0.010,0.648,0.123,-0.32,-0.19,1,0
26684,0.082,0.004,1.013,0.098,-0.177,-0.053,0.9954,0.0055,-0.0402,0.0867,0.230,-4.647,189.952,0.108,-1.564,2.111,0.000,0.000,0.000,0.000,10.776,2.111,0.057,0.656,0.113,-0.33,-0.18,1,0
26702,0.082,0.004,1.013,0.084,-0.131,0.009,0.9954,0.0056,-0.0401,0.0868,0.238,-4.629,189.952,0.108,-1.564,2.111,0.000,0.000,0.000,-0.770,10.709,2.111,0.015,0.664,0.104,-0.34,-0.26,1,0
26720,0.082,0.004,1.013,0.025,-0.133,0.052,0.9954,0.0056,-0.0403,0.0868,0.241,-4.653,189.952,0.000,-1.564,2.111,0.000,0.000,0.000,-1.353,10.703,2.111,-0.040,0.662,0.100,-0.34,-0.24,1,0
26734,0.082,0.004,1.013,-0.011,-0.135,0.063,0.9954,0.0057,-0.0401,0.0868,0.250,-4.633,189.952,0.000,-1.564,2.111,0.000,0.000,0.000,-1.353,10.703,2.111,-0.052,0.661,0.098,-0.34,-0.24,1,0
26754,0.082,0.004,1.013,0.010,-0.151,0.079,0.9954,0.0053,-0.0400,0.0868,0.210,-4.618,189.957,0.000,-1.564,2.111,0.000,0.000,0.000,-1.267,10.665,2.111,-0.067,0.659,0.092,-0.35,-0.25,1,0
26764,0.082,0.004,1.013,0.105,-0.070,0.013,0.9954,0.0056,-0.0402,0.0868,0.238,-4.644,189.956,0.000,-1.564,2.111,0.000,0.000,0.000,-1.271,10.675,2.111,-0.066,0.659,0.098,-0.35,-0.35,1,0
26782,0.082,0.005,1.013,0.098,0.019,0.125,0.9954,0.0060,-0.0401,0.0868,0.286,-4.635,189.953,0.000,-1.564,2.111,0.000,0.000,0.000,-1.611,10.727,2.111,-0.077,0.649,0.096,-0.36,-0.33,1,0
26796,0.082,0.004,1.013,0.167,0.041,0.054,0.9954,0.0055,-0.0402,0.0868,0.223,-4.648,189.960,0.000,-1.564,2.111,0.000,0.000,0.000,-1.479,10.697,2.111,-0.101,0.640,0.094,-0.35,-0.19,1,0
26812,0.082,0.004,1.013,0.181,-0.045,-0.158,0.9954,0.0055,-0.0402,0.0868,0.227,-4.645,189.959,0.000,-1.564,2.111,0.000,0.000,0.000,-1.254,10.759,2.111,-0.098,0.653,0.108,-0.34,0.91,1,0
26826,0.082,0.004,1.013,0.221,-0.026,-0.163,0.9954,0.0053,-0.0402,0.0868,0.209,-4.644,189.958,0.000,-1.564,2.111,0.000,0.000,0.000,-1.160,10.805,2.111,-0.086,0.658,0.128,-0.33,0.91,1,0
26842,0.082,0.004,1.013,0.121,0.106,-0.074,0.9954,0.0055,-0.0404,0.0868,0.221,-4.665,189.956,0.000,-1.564,2.111,0.000,0.000,0.000,-1.208,10.811,2.111,-0.075,0.649,0.124,-0.31,0.86,1,0
26866,0.082,0.004,1.012,0.129,0.160,0.106,0.9954,0.0055,-0.0404,0.0868,0.228,-4.664,189.955,0.000,-1.564,2.111,0.000,0.000,0.000,-1.324,10.832,2.111,-0.070,0.641,0.105,-0.31,0.73,1,0
26876,0.083,0.004,1.013,0.104,0.113,0.055,0.9954,0.0054,-0.0404,0.0868,0.218,-4.667,189.957,0.000,-1.564,2.111,0.000,0.000,0.000,-1.266,10.740,2.111,-0.073,0.645,0.100,-0.31,-0.06,1,0
26902,0.083,0.005,1.012,-0.073,0.021,0.132,0.9954,0.0058,-0.0403,0.0868,0.267,-4.661,189.953,0.000,-1.564,2.111,0.000,0.000,0.000,-1.492,10.812,2.111,-0.073,0.663,0.100,-0.31,-0.06,1,0
26920,0.082,0.004,1.012,0.107,0.056,0.206,0.9954,0.0058,-0.0402,0.0868,0.264,-4.654,189.957,0.000,-1.564,2.111,0.000,0.000,0.000,-1.493,10.713,2.111,-0.082,0.665,0.083,-0.31,-0.06,1,0
26934,0.082,0.004,1.012,0.117,0.094,0.189,0.9954,0.0055,-0.0400,0.0868,0.229,-4.620,189.961,0.000,-1.564,2.111,0.000,0.000,0.000,-1.471,10.786,2.111,-0.086,0.664,0.081,-0.31,0.01,1,0
26952,0.082,0.004,1.012,0.077,-0.060,0.168,0.9954,0.0056,-0.0402,0.0869,0.240,-4.643,189.964,0.000,-1.564,2.111,0.000,0.000,0.000,-1.415,10.808,2.111,-0.081,0.679,0.086,-0.30,0.55,1,0
26970,0.082,0.004,1.012,0.178,-0.188,0.042,0.9954,0.0055,-0.0403,0.0869,0.222,-4.657,189.968,0.000,-1.564,2.111,0.000,0.000,0.000,-1.161,10.733,2.111,-0.081,0.701,0.093,-0.29,0.52,1,0
26986,0.082,0.004,1.012,0.158,-0.080,-0.022,0.9954,0.0053,-0.0402,0.0869,0.202,-4.646,189.970,0.000,-1.564,2.111,0.000,0.000,0.000,-1.187,10.825,2.111,-0.072,0.700,0.106,-0.28,0.52,1,0
27002,0.082,0.004,1.012,0.177,0.086,-0.132,0.9954,0.0053,-0.0403,0.0869,0.202,-4.651,189.969,0.000,-1.564,2.111,0.000,0.000,0.000,-1.231,10.735,2.111,-0.069,0.682,0.120,-0.28,0.45,1,0
27016,0.082,0.004,1.012,0.099,0.105,-0.080,0.9954,0.0057,-0.0401,0.0869,0.246,-4.634,189.964,0.000,-1.564,2.111,0.000,0.000,0.000,-1.246,10.737,2.111,-0.076,0.666,0.125,-0.28,-0.03,1,0
27035,0.082,0.004,1.012,0.070,-0.031,0.015,0.9954,0.0055,-0.0400,0.0869,0.230,-4.622,189.965,0.000,-1.564,2.111,0.000,0.000,0.000,-1.354,10.740,2.111,-0.082,0.672,0.115,-0.28,-0.02,1,0
27064,0.082,0.004,1.012,-0.000,-0.135,0.032,0.9954,0.0057,-0.0401,0.0869,0.252,-4.633,189.964,0.000,-1.564,2.111,0.000,0.000,0.000,-1.285,10.680,2.111,-0.077,0.694,0.104,-0.28,0.03,1,0
27474,0.082,0.004,1.012,0.053,-0.060,-0.104,0.9954,0.0056,-0.0399,0.0870,0.247,-4.608,189.975,0.000,-1.564,2.111,0.000,0.000,0.000,-1.233,10.656,2.111,-0.096,0.700,0.117,-0.29,-0.81,1,0
27514,0.082,0.004,1.012,0.195,-0.038,-0.029,0.9954,0.0057,-0.0398,0.0870,0.252,-4.597,189.976,0.000,-1.564,2.111,0.000,0.000,0.000,-1.297,10.630,2.111,-0.117,0.709,0.111,-0.32,-0.73,1,0
27532,0.082,0.005,1.012,0.026,0.002,0.096,0.9954,0.0060,-0.0399,0.0870,0.283,-4.619,189.974,0.000,-1.564,2.111,0.000,0.000,0.000,-1.589,10.664,2.111,-0.118,0.711,0.109,-0.33,-0.62,1,0
27556,0.082,0.004,1.012,0.092,-0.021,-0.034,0.9954,0.0056,-0.0401,0.0870,0.241,-4.633,189.979,0.000,-1.564,2.111,0.000,0.000,0.000,-1.394,10.635,2.111,-0.128,0.716,0.107,-0.34,-0.59,1,0
27584,0.082,0.004,1.012,0.171,-0.018,0.100,0.9954,0.0056,-0.0401,0.0870,0.235,-4.631,189.980,0.108,-1.564,2.111,0.000,0.000,0.000,-0.776,10.787,2.111,-0.069,0.733,0.103,-0.35,-0.55,1,0
27596,0.082,0.004,1.012,0.108,-0.041,0.041,0.9954,0.0054,-0.0403,0.0870,0.216,-4.650,189.983,0.108,-1.564,2.111,0.000,0.000,0.000,-0.721,10.723,2.111,-0.064,0.738,0.101,-0.36,-0.44,1,0
27612,0.082,0.004,1.012,0.132,0.035,-0.122,0.9954,0.0054,-0.0403,0.0870,0.212,-4.659,189.982,0.108,-1.564,2.111,0.000,0.000,0.000,-0.597,10.782,2.111,-0.054,0.738,0.112,-0.36,-0.44,1,0
27626,0.082,0.004,1.012,0.250,0.085,-0.145,0.9954,0.0057,-0.0402,0.0870,0.254,-4.642,189.976,0.108,-1.564,2.111,0.000,0.000,0.000,-0.686,10.801,2.111,-0.054,0.735,0.131,-0.37,-0.42,1,0
27642,0.082,0.005,1.012,0.186,0.013,0.102,0.9954,0.0060,-0.0402,0.0870,0.285,-4.652,189.974,0.108,-1.564,2.111,0.000,0.000,0.000,-0.985,10.780,2.111,-0.073,0.732,0.110,-0.37,-0.38,1,0
27658,0.082,0.004,1.013,-0.048,0.047,0.092,0.9954,0.0058,-0.0402,0.0870,0.261,-4.653,189.977,0.108,-1.564,2.111,0.000,0.000,0.000,-0.885,10.749,2.111,-0.076,0.729,0.099,-0.38,-0.18,1,0
27674,0.082,0.005,1.013,-0.004,-0.096,0.121,0.9954,0.0058,-0.0403,0.0870,0.258,-4.655,189.979,0.108,-1.564,2.111,0.000,0.000,0.000,-0.962,10.798,2.111,-0.066,0.742,0.091,-0.38,-0.17,1,0
27702,0.082,0.004,1.012,-0.010,-0.075,0.022,0.9954,0.0058,-0.0402,0.0870,0.260,-4.649,189.982,0.108,-1.564,2.111,0.000,0.000,0.000,-0.611,10.822,2.111,-0.065,0.761,0.094,-0.38,-0.16,1,0
27714,0.083,0.004,1.013,0.079,-0.025,-0.038,0.9954,0.0055,-0.0405,0.0870,0.220,-4.675,189.985,0.108,-1.564,2.111,0.000,0.000,0.000,-0.712,10.792,2.111,-0.059,0.756,0.105,-0.39,-0.16,1,0
27735,0.082,0.004,1.013,0.176,-0.154,-0.058,0.9954,0.0055,-0.0401,0.0870,0.232,-4.635,189.984,0.108,-1.564,2.111,0.000,0.000,0.000,-0.696,10.720,2.111,-0.069,0.764,0.111,-0.39,-0.24,1,0
27744,0.082,0.004,1.013,0.125,-0.161,-0.050,0.9954,0.0054,-0.0402,0.0870,0.214,-4.647,189.985,0.108,-1.564,2.111,0.000,0.000,0.000,-0.585,10.765,2.111,-0.071,0.764,0.114,-0.39,-0.24,1,0
27766,0.082,0.004,1.012,0.078,0.138,0.081,0.9954,0.0057,-0.0404,0.0870,0.249,-4.672,189.983,0.108,-1.564,2.111,0.000,0.000,0.000,-0.872,10.807,2.111,-0.078,0.739,0.100,-0.40,-0.22,1,0
27792,0.082,0.004,1.012,-0.058,-0.085,0.072,0.9954,0.0055,-0.0403,0.0871,0.231,-4.657,189.988,0.108,-1.564,2.111,0.000,0.000,0.000,-0.586,10.755,2.111,-0.062,0.741,0.094,-0.41,-0.25,1,0
27803,0.082,0.004,1.012,-0.014,-0.071,0.040,0.9954,0.0055,-0.0403,0.0871,0.228,-4.660,189.988,0.108,-1.564,2.111,0.000,0.000,0.000,-0.601,10.741,2.111,-0.057,0.745,0.097,-0.41,-0.25,1,0
27818,0.083,0.004,1.012,0.124,-0.047,-0.065,0.9954,0.0055,-0.0404,0.0871,0.222,-4.672,189.989,0.108,-1.564,2.111,0.000,0.000,0.000,-0.647,10.831,2.111,-0.062,0.752,0.109,-0.41,-0.24,1,0
27834,0.083,0.004,1.012,0.156,-0.044,-0.130,0.9954,0.0055,-0.0404,0.0871,0.225,-4.672,189.987,0.108,-1.564,2.111,0.000,0.000,0.000,-0.650,10.847,2.111,-0.069,0.756,0.120,-0.41,-0.19,1,0
27850,0.082,0.005,1.012,0.098,0.143,0.152,0.9954,0.0061,-0.0402,0.0870,0.298,-4.648,189.981,0.108,-1.564,2.111,0.000,0.000,0.000,-1.062,10.767,2.111,-0.082,0.751,0.112,-0.41,0.13,1,0
27876,0.082,0.004,1.012,0.127,0.154,0.201,0.9954,0.0057,-0.0403,0.0871,0.249,-4.663,189.990,0.108,-1.564,2.111,0.000,0.000,0.000,-0.687,10.768,2.111,-0.098,0.729,0.085,-0.41,0.13,1,0
27886,0.082,0.004,1.012,0.058,-0.004,0.024,0.9954,0.0057,-0.0404,0.0871,0.247,-4.665,189.991,0.108,-1.564,2.111,0.000,0.000,0.000,-0.798,10.811,2.111,-0.089,0.736,0.091,-0.41,0.13,1,0
27904,0.082,0.004,1.012,0.117,-0.071,0.027,0.9954,0.0055,-0.0403,0.0871,0.225,-4.658,189.993,0.108,-1.564,2.111,0.000,0.000,0.000,-0.557,10.748,2.111,-0.082,0.755,0.102,-0.40,0.14,1,0
28307,0.082,0.004,1.012,0.263,-0.074,-0.092,0.9954,0.0055,-0.0404,0.0871,0.225,-4.670,189.991,0.108,-1.564,2.111,0.000,0.000,0.000,-0.670,10.780,2.111,-0.146,0.781,0.118,-0.40,-0.17,1,0
28344,0.082,0.004,1.012,0.232,-0.102,-0.058,0.9954,0.0056,-0.0401,0.0871,0.238,-4.638,189.989,0.108,-1.564,2.111,0.000,0.000,0.000,-0.723,10.727,2.111,-0.132,0.792,0.112,-0.40,-0.11,1,0
28362,0.082,0.005,1.012,0.051,-0.109,-0.021,0.9954,0.0060,-0.0400,0.0870,0.284,-4.625,189.983,0.108,-1.564,2.111,0.000,0.000,0.000,-0.963,10.666,2.111,-0.126,0.786,0.119,-0.39,-0.03,1,0
28377,0.082,0.005,1.012,0.174,-0.146,0.111,0.9954,0.0057,-0.0402,0.0871,0.245,-4.645,189.988,0.108,-1.564,2.111,0.000,0.000,0.000,-0.873,10.720,2.111,-0.131,0.787,0.105,-0.38,0.62,1,0
28402,0.082,0.005,1.012,-0.087,-0.233,0.123,0.9954,0.0057,-0.0401,0.0871,0.246,-4.634,189.990,0.108,-1.564,2.111,0.000,0.000,0.000,-0.771,10.715,2.111,-0.111,0.808,0.095,-0.37,0.59,1,0
28424,0.082,0.005,1.012,-0.033,-0.250,0.074,0.9954,0.0056,-0.0402,0.0871,0.241,-4.648,189.991,0.108,-1.564,2.111,0.000,0.000,0.000,-0.880,10.765,2.111,-0.108,0.814,0.094,-0.37,0.49,1,0
28434,0.082,0.004,1.012,0.081,-0.332,0.031,0.9954,0.0056,-0.0402,0.0871,0.243,-4.646,189.992,0.108,-1.564,2.111,0.000,0.000,0.000,-0.611,10.744,2.111,-0.106,0.822,0.097,-0.37,-0.16,1,0
28452,0.082,0.004,1.012,0.120,-0.376,-0.064,0.9954,0.0056,-0.0404,0.0871,0.234,-4.664,189.993,0.108,-1.564,2.111,0.000,0.000,0.000,-0.708,10.822,2.111,-0.105,0.833,0.106,-0.37,-0.15,1,0
28463,0.083,0.004,1.012,0.128,-0.211,-0.082,0.9954,0.0056,-0.0404,0.0871,0.240,-4.673,189.991,0.108,-1.564,2.111,0.000,0.000,0.000,-0.691,10.842,2.111,-0.112,0.835,0.113,-0.38,-0.15,1,0
28486,0.083,0.004,1.012,0.046,-0.134,0.033,0.9954,0.0058,-0.0405,0.0871,0.260,-4.688,189.990,0.108,-1.564,2.111,0.000,0.000,0.000,-0.760,10.862,2.111,-0.121,0.821,0.107,-0.38,-0.14,1,0
28505,0.083,0.004,1.012,0.069,-0.114,-0.018,0.9953,0.0058,-0.0407,0.0871,0.253,-4.704,189.990,0.108,-1.564,2.111,0.000,0.000,0.000,-0.799,10.879,2.111,-0.115,0.823,0.110,-0.37,-0.07,1,0
28522,0.083,0.004,1.012,0.080,-0.084,-0.002,0.9954,0.0057,-0.0405,0.0871,0.248,-4.681,189.991,0.108,-1.564,2.111,0.000,0.000,0.000,-0.794,10.882,2.111,-0.118,0.816,0.108,-0.36,0.52,1,0
28540,0.083,0.004,1.012,0.052,-0.019,-0.006,0.9953,0.0056,-0.0406,0.0871,0.230,-4.697,189.993,0.108,-1.564,2.111,0.000,0.000,0.000,-0.780,10.884,2.111,-0.114,0.814,0.106,-0.35,0.49,1,0
28566,0.083,0.005,1.013,0.018,-0.042,0.084,0.9954,0.0059,-0.0406,0.0871,0.274,-4.692,189.990,0.108,-1.564,2.111,0.000,0.000,0.000,-1.054,10.938,2.111,-0.123,0.813,0.103,-0.35,0.40,1,0
28582,0.083,0.005,1.013,0.063,-0.004,0.099,0.9954,0.0058,-0.0405,0.0871,0.254,-4.681,189.994,0.108,-1.564,2.111,0.000,0.000,0.000,-0.816,10.875,2.111,-0.137,0.811,0.095,-0.36,-0.24,1,0
28602,0.083,0.004,1.012,0.096,0.135,-0.063,0.9954,0.0058,-0.0405,0.0871,0.253,-4.684,189.994,0.108,-1.564,2.111,0.000,0.000,0.000,-0.907,10.940,2.111,-0.133,0.802,0.104,-0.36,-0.23,1,0
28615,0.083,0.005,1.012,0.135,0.087,-0.033,0.9954,0.0058,-0.0405,0.0871,0.259,-4.681,189.993,0.108,-1.564,2.111,0.000,0.000,0.000,-0.699,10.869,2.111,-0.128,0.801,0.115,-0.36,-0.14,1,0
28627,0.083,0.005,1.013,0.103,0.129,0.056,0.9954,0.0058,-0.0405,0.0871,0.259,-4.683,189.993,0.108,-1.564,2.111,0.000,0.000,0.000,-0.843,10.885,2.111,-0.127,0.797,0.111,-0.35,-0.14,1,0
28636,0.083,0.004,1.013,0.102,0.152,0.099,0.9954,0.0058,-0.0405,0.0871,0.254,-4.680,189.994,0.108,-1.564,2.111,0.000,0.000,0.000,-0.842,10.886,2.111,-0.128,0.795,0.105,-0.35,0.53,1,0
28655,0.083,0.004,1.012,0.078,0.294,0.026,0.9954,0.0058,-0.0405,0.0871,0.256,-4.678,189.995,0.108,-1.564,2.111,0.000,0.000,0.000,-0.700,10.868,2.111,-0.127,0.784,0.103,-0.34,0.50,1,0
28667,0.083,0.004,1.012,0.066,0.252,-0.027,0.9954,0.0056,-0.0405,0.0871,0.234,-4.682,189.997,0.108,-1.564,2.111,0.000,0.000,0.000,-0.831,10.873,2.111,-0.123,0.781,0.106,-0.33,0.50,1,0
28696,0.083,0.004,1.013,-0.003,0.224,0.014,0.9954,0.0056,-0.0404,0.0871,0.239,-4.673,189.997,0.108,-1.564,2.111,0.000,0.000,0.000,-0.863,10.866,2.111,-0.125,0.791,0.106,-0.34,-0.14,1,0
28715,0.083,0.004,1.013,0.068,0.135,0.013,0.9953,0.0055,-0.0406,0.0871,0.227,-4.692,189.998,0.108,-1.564,2.111,0.000,0.000,0.000,-0.683,10.840,2.111,-0.116,0.804,0.109,-0.34,-0.13,1,0
28731,0.083,0.004,1.012,0.118,0.098,0.059,0.9954,0.0055,-0.0404,0.0872,0.223,-4.669,189.999,0.108,-1.564,2.111,0.000,0.000,0.000,-0.649,10.838,2.111,-0.111,0.817,0.103,-0.34,-0.12,1,0
29161,0.056,-0.001,1.011,-0.696,5.997,0.716,0.9958,0.0022,-0.0275,0.0871,-0.018,-3.158,190.002,0.108,-1.564,2.111,0.000,0.000,0.000,0.562,5.604,2.111,-0.088,0.150,0.052,-0.40,-0.74,1,0
29194,0.052,0.002,1.010,-0.084,5.294,-0.342,0.9959,0.0031,-0.0256,0.0872,0.100,-2.951,190.006,0.108,-1.564,2.111,0.000,0.000,0.000,0.423,4.978,2.111,0.029,0.248,0.097,-0.42,-0.65,1,0
29211,0.052,0.006,1.011,0.102,4.973,-0.436,0.9959,0.0043,-0.0251,0.0871,0.236,-2.908,189.994,0.108,-1.564,2.111,0.000,0.000,0.000,-0.212,4.773,2.111,-0.022,0.279,0.149,-0.42,-0.65,1,0
29225,0.049,0.007,1.010,0.310,4.836,-0.428,0.9959,0.0057,-0.0239,0.0870,0.415,-2.781,189.978,0.108,-1.564,2.111,0.000,0.000,0.000,-1.488,4.382,2.111,-0.167,0.304,0.176,-0.43,-0.44,1,0
29246,0.047,0.005,1.011,0.068,4.722,-0.084,0.9959,0.0043,-0.0231,0.0870,0.262,-2.677,189.980,0.108,-1.564,2.111,0.000,0.000,0.000,-1.307,4.087,2.111,-0.235,0.284,0.165,-0.44,-0.41,1,0
29272,0.046,-0.001,1.011,-0.272,4.044,0.410,0.9959,0.0023,-0.0227,0.0871,0.036,-2.618,189.995,0.108,-1.564,2.111,0.000,0.000,0.000,-0.117,3.833,2.111,-0.140,0.312,0.090,-0.44,-0.37,1,0
29284,0.044,-0.002,1.012,-0.442,3.590,0.420,0.9959,0.0010,-0.0219,0.0872,-0.102,-2.516,190.009,0.108,-1.564,2.111,0.000,0.000,0.000,1.180,3.475,2.111,-0.021,0.364,0.056,-0.45,-0.19,1,0
29303,0.043,0.001,1.011,-0.392,3.197,0.080,0.9960,0.0023,-0.0210,0.0872,0.047,-2.421,190.007,0.108,-1.564,2.111,0.000,0.000,0.000,0.575,3.075,2.111,0.046,0.399,0.068,-0.45,-0.25,1,0
29322,0.042,0.005,1.011,0.404,2.616,-0.371,0.9960,0.0038,-0.0203,0.0872,0.231,-2.355,189.997,0.108,-1.564,2.111,0.000,0.000,0.000,-0.041,2.907,2.111,-0.028,0.429,0.118,-0.46,-0.24,1,0
29335,0.040,0.007,1.010,0.623,2.445,-0.602,0.9960,0.0053,-0.0195,0.0870,0.416,-2.279,189.981,0.108,-1.564,2.111,0.000,0.000,0.000,-1.343,2.628,2.111,-0.146,0.454,0.171,-0.46,-0.21,1,0
29353,0.039,0.006,1.011,0.339,2.377,-0.349,0.9960,0.0046,-0.0189,0.0870,0.331,-2.206,189.977,0.108,-1.564,2.111,0.000,0.000,0.000,-1.248,2.242,2.111,-0.234,0.449,0.179,-0.46,-0.05,1,0
29372,0.038,0.001,1.011,0.079,1.924,0.256,0.9960,0.0026,-0.0188,0.0870,0.109,-2.169,189.986,0.108,-1.564,2.111,0.000,0.000,0.000,-0.134,2.122,2.111,-0.193,0.439,0.120,-0.46,-0.04,1,0
29393,0.037,-0.002,1.011,-0.439,1.312,0.428,0.9960,0.0007,-0.0183,0.0871,-0.100,-2.096,190.002,0.108,-1.564,2.111,0.000,0.000,0.000,1.154,1.870,2.111,-0.041,0.486,0.058,-0.46,-0.04,1,0
29406,0.036,-0.000,1.011,-0.278,0.863,0.352,0.9960,0.0014,-0.0179,0.0872,-0.022,-2.052,190.005,0.108,-1.564,2.111,0.000,0.000,0.000,0.999,1.786,2.111,0.034,0.520,0.046,-0.46,-0.04,1,0
29433,0.035,0.004,1.010,0.430,0.199,-0.305,0.9960,0.0033,-0.0170,0.0872,0.205,-1.977,189.997,0.108,-1.564,2.111,0.000,0.000,0.000,-0.413,1.427,2.111,-0.022,0.580,0.101,-0.46,-0.01,1,0
29452,0.034,0.007,1.010,0.522,-0.166,-0.426,0.9960,0.0050,-0.0167,0.0870,0.409,-1.955,189.981,0.108,-1.564,2.111,0.000,0.000,0.000,-1.643,1.332,2.111,-0.179,0.607,0.160,-0.45,0.09,1,0
29470,0.034,0.006,1.011,0.469,-0.210,-0.191,0.9961,0.0044,-0.0166,0.0870,0.332,-1.939,189.980,0.108,-1.564,2.111,0.000,0.000,0.000,-1.455,1.452,2.111,-0.258,0.608,0.155,-0.44,0.09,1,0
29483,0.034,0.003,1.011,0.329,-0.587,0.214,0.9961,0.0031,-0.0166,0.0870,0.185,-1.924,189.985,0.108,-1.564,2.111,0.000,0.000,0.000,-0.678,1.274,2.111,-0.233,0.613,0.115,-0.43,0.90,1,0
29498,0.033,-0.000,1.011,-0.413,-1.124,0.410,0.9961,0.0017,-0.0165,0.0871,0.026,-1.900,189.995,0.108,-1.564,2.111,0.000,0.000,0.000,-0.055,1.240,2.111,-0.146,0.648,0.073,-0.42,0.86,1,0
29512,0.033,-0.001,1.012,-0.509,-1.604,0.452,0.9961,0.0011,-0.0164,0.0872,-0.034,-1.886,190.005,0.108,-1.564,2.111,0.000,0.000,0.000,0.757,1.112,2.111,-0.049,0.690,0.045,-0.41,0.76,1,0
29530,0.033,0.002,1.012,0.141,-2.003,0.117,0.9961,0.0023,-0.0163,0.0872,0.095,-1.884,190.005,0.108,-1.564,2.111,0.000,0.000,0.000,0.072,1.117,2.111,0.003,0.729,0.061,-0.40,0.29,1,0
29544,0.033,0.005,1.011,0.243,-2.267,-0.121,0.9961,0.0035,-0.0159,0.0872,0.244,-1.856,190.000,0.108,-1.564,2.111,0.000,0.000,0.000,-0.417,1.073,2.111,-0.051,0.757,0.095,-0.40,0.29,1,0
29573,0.033,0.006,1.011,0.715,-2.994,-0.503,0.9961,0.0043,-0.0161,0.0871,0.327,-1.876,189.989,0.108,-1.564,2.111,0.000,0.000,0.000,-0.968,1.071,2.111,-0.190,0.801,0.158,-0.39,0.28,1,0
29592,0.033,0.004,1.012,0.098,-2.956,0.098,0.9961,0.0032,-0.0162,0.0871,0.207,-1.882,189.987,0.108,-1.564,2.111,0.000,0.000,0.000,-0.554,1.112,2.111,-0.220,0.814,0.142,-0.39,0.20,1,0
30055,0.079,0.001,1.012,0.437,-7.920,-0.207,0.9954,0.0040,-0.0390,0.0878,0.069,-4.490,190.074,0.108,-1.564,2.111,0.000,0.000,0.000,0.134,9.983,2.111,-0.143,0.992,0.172,-0.31,0.17,1,0
30090,0.083,0.001,1.012,0.011,-6.527,0.375,0.9953,0.0042,-0.0408,0.0878,0.066,-4.696,190.077,0.108,-1.564,2.111,0.000,0.000,0.000,0.226,10.965,2.111,-0.061,0.979,0.104,-0.31,0.15,1,0
30106,0.085,0.002,1.012,0.205,-6.463,0.151,0.9952,0.0046,-0.0420,0.0878,0.105,-4.847,190.078,0.108,-1.564,2.111,0.000,0.000,0.000,0.119,11.248,2.111,-0.060,0.982,0.090,-0.31,0.15,1,0
30126,0.088,0.006,1.012,0.406,-5.998,-0.089,0.9952,0.0069,-0.0429,0.0877,0.352,-4.966,190.055,0.108,-1.564,2.111,0.000,0.000,0.000,-0.836,11.704,2.111,-0.131,0.986,0.125,-0.29,0.22,1,0
30143,0.090,0.006,1.012,0.406,-5.600,0.027,0.9952,0.0069,-0.0439,0.0877,0.350,-5.078,190.055,0.108,-1.564,2.111,0.000,0.000,0.000,-1.477,12.253,2.111,-0.206,0.986,0.123,-0.28,0.89,1,0
30156,0.092,0.006,1.012,0.500,-5.256,0.075,0.9951,0.0068,-0.0448,0.0877,0.330,-5.187,190.058,0.108,-1.564,2.111,0.000,0.000,0.000,-1.508,12.376,2.111,-0.241,0.988,0.117,-0.27,0.84,1,0
30171,0.092,0.005,1.011,0.155,-5.058,0.150,0.9951,0.0063,-0.0451,0.0877,0.271,-5.209,190.064,0.108,-1.564,2.111,0.000,0.000,0.000,-1.142,12.724,2.111,-0.235,0.989,0.108,-0.26,0.84,1,0
30185,0.095,0.003,1.012,-0.019,-4.371,0.285,0.9950,0.0058,-0.0463,0.0878,0.193,-5.340,190.076,0.108,-1.564,2.111,0.000,0.000,0.000,-0.611,13.137,2.111,-0.164,0.987,0.085,-0.25,0.76,1,0
30203,0.096,0.003,1.012,-0.016,-3.660,0.004,0.9950,0.0053,-0.0471,0.0878,0.129,-5.431,190.084,0.108,-1.564,2.111,0.000,0.000,0.000,-0.166,13.411,2.111,-0.111,0.963,0.094,-0.24,0.35,1,0
30218,0.098,0.003,1.012,0.230,-3.124,-0.187,0.9950,0.0058,-0.0479,0.0878,0.184,-5.524,190.077,0.108,-1.564,2.111,0.000,0.000,0.000,-0.184,13.655,2.111,-0.102,0.940,0.123,-0.24,0.34,1,0
30246,0.100,0.005,1.012,0.384,-1.707,-0.304,0.9949,0.0071,-0.0486,0.0877,0.318,-5.626,190.057,0.108,-1.564,2.111,0.000,0.000,0.000,-0.859,14.177,2.111,-0.153,0.873,0.153,-0.23,0.31,1,0
30262,0.101,0.006,1.012,0.414,-0.948,-0.209,0.9949,0.0076,-0.0491,0.0876,0.373,-5.678,190.049,0.108,-1.564,2.111,0.000,0.000,0.000,-1.476,14.285,2.111,-0.195,0.807,0.151,-0.23,0.21,1,0
30274,0.101,0.006,1.011,-0.135,-0.454,-0.018,0.9949,0.0075,-0.0495,0.0876,0.359,-5.728,190.049,0.108,-1.564,2.111,0.000,0.000,0.000,-1.466,14.461,2.111,-0.203,0.759,0.134,-0.23,0.20,1,0
30287,0.103,0.005,1.012,-0.049,0.226,0.211,0.9948,0.0067,-0.0503,0.0877,0.255,-5.815,190.062,0.108,-1.564,2.111,0.000,0.000,0.000,-1.164,14.607,2.111,-0.197,0.707,0.099,-0.22,0.20,1,0
30306,0.104,0.003,1.012,-0.186,0.989,0.314,0.9948,0.0062,-0.0507,0.0878,0.196,-5.854,190.072,0.108,-1.564,2.111,0.000,0.000,0.000,-0.559,14.827,2.111,-0.140,0.667,0.076,-0.23,0.11,1,0
30322,0.104,0.003,1.011,-0.288,1.345,0.299,0.9948,0.0060,-0.0510,0.0878,0.177,-5.881,190.079,0.108,-1.564,2.111,0.000,0.000,0.000,-0.368,15.057,2.111,-0.087,0.652,0.061,-0.24,-0.55,1,0
30345,0.105,0.004,1.012,0.188,1.985,-0.116,0.9948,0.0064,-0.0511,0.0878,0.216,-5.905,190.077,0.108,-1.564,2.111,0.000,0.000,0.000,-0.579,15.103,2.111,-0.095,0.633,0.093,-0.26,-0.52,1,0
30363,0.105,0.005,1.012,0.212,2.510,-0.299,0.9948,0.0071,-0.0510,0.0877,0.303,-5.893,190.064,0.108,-1.564,2.111,0.000,0.000,0.000,-0.894,15.130,2.111,-0.142,0.618,0.135,-0.26,-0.50,1,0
30383,0.105,0.005,1.012,0.285,2.899,-0.131,0.9948,0.0070,-0.0513,0.0877,0.279,-5.925,190.063,0.108,-1.564,2.111,0.000,0.000,0.000,-0.960,15.249,2.111,-0.180,0.605,0.141,-0.27,-0.46,1,0
30406,0.105,0.004,1.012,-0.218,3.336,0.116,0.9948,0.0066,-0.0512,0.0877,0.238,-5.913,190.068,0.108,-1.564,2.111,0.000,0.000,0.000,-0.896,15.221,2.111,-0.153,0.587,0.107,-0.28,-0.30,1,0
30424,0.105,0.004,1.012,-0.194,3.309,0.236,0.9948,0.0067,-0.0513,0.0878,0.249,-5.924,190.071,0.108,-1.564,2.111,0.000,0.000,0.000,-0.661,15.160,2.111,-0.115,0.604,0.079,-0.28,-0.29,1,0
30444,0.104,0.005,1.012,-0.273,3.528,0.054,0.9948,0.0068,-0.0508,0.0878,0.267,-5.865,190.072,0.108,-1.564,2.111,0.000,0.000,0.000,-0.892,15.029,2.111,-0.107,0.631,0.082,-0.30,-0.33,1,0
30466,0.103,0.006,1.012,0.076,3.775,-0.123,0.9948,0.0071,-0.0503,0.0878,0.309,-5.813,190.067,0.108,-1.564,2.111,0.000,0.000,0.000,-1.116,14.941,2.111,-0.151,0.634,0.110,-0.32,-0.86,1,0
30490,0.102,0.006,1.012,-0.003,3.947,-0.031,0.9949,0.0074,-0.0497,0.0877,0.345,-5.754,190.062,0.108,-1.564,2.111,0.000,0.000,0.000,-1.323,14.627,2.111,-0.193,0.630,0.118,-0.33,-0.75,1,0
30953,0.071,0.005,1.011,-0.154,2.229,-0.127,0.9955,0.0053,-0.0349,0.0878,0.254,-4.032,190.066,0.108,-1.564,2.111,0.000,0.000,0.000,-0.828,8.666,2.111,-0.184,0.671,0.101,-0.46,-0.29,1,0
31316,0.064,0.004,1.012,0.085,-1.867,-0.041,0.9956,0.0048,-0.0311,0.0878,0.240,-3.596,190.076,0.108,-1.564,2.111,0.000,0.000,0.000,-0.770,7.136,2.111,-0.175,0.927,0.119,-0.50,0.15,1,0
31338,0.064,0.004,1.012,0.147,-1.978,0.007,0.9956,0.0046,-0.0315,0.0878,0.208,-3.638,190.078,0.108,-1.564,2.111,0.000,0.000,0.000,-0.427,7.169,2.111,-0.174,0.939,0.115,-0.49,0.20,1,0
31364,0.065,0.004,1.012,0.158,-2.353,-0.003,0.9956,0.0045,-0.0315,0.0878,0.201,-3.642,190.078,0.108,-1.564,2.111,0.000,0.000,0.000,-0.481,7.234,2.111,-0.169,0.952,0.113,-0.47,0.75,1,0
31386,0.065,0.004,1.012,0.165,-2.590,0.092,0.9956,0.0050,-0.0319,0.0879,0.248,-3.689,190.077,0.108,-1.564,2.111,0.000,0.000,0.000,-0.704,7.350,2.111,-0.185,0.963,0.098,-0.45,0.71,1,0
31402,0.066,0.004,1.012,-0.006,-2.721,0.089,0.9956,0.0049,-0.0324,0.0879,0.238,-3.749,190.079,0.108,-1.564,2.111,0.000,0.000,0.000,-0.721,7.527,2.111,-0.190,0.968,0.096,-0.44,0.68,1,0
31416,0.067,0.003,1.012,-0.002,-2.945,0.215,0.9956,0.0045,-0.0327,0.0879,0.188,-3.780,190.085,0.108,-1.564,2.111,0.000,0.000,0.000,-0.561,7.690,2.111,-0.178,0.972,0.090,-0.43,0.65,1,0
31427,0.067,0.003,1.012,0.043,-2.995,0.230,0.9956,0.0043,-0.0329,0.0879,0.155,-3.796,190.089,0.108,-1.564,2.111,0.000,0.000,0.000,-0.422,7.679,2.111,-0.170,0.975,0.085,-0.43,0.65,1,0
31452,0.068,0.002,1.012,-0.155,-3.089,0.305,0.9956,0.0037,-0.0332,0.0880,0.085,-3.829,190.099,0.108,-1.564,2.111,0.000,0.000,0.000,0.000,7.838,2.111,-0.132,0.979,0.073,-0.42,0.65,1,0
31480,0.069,0.003,1.012,-0.067,-3.093,0.346,0.9955,0.0043,-0.0339,0.0881,0.145,-3.914,190.108,0.108,-1.564,2.111,0.000,0.000,0.000,-0.086,8.163,2.111,-0.076,0.986,0.059,-0.40,0.54,1,0
31950,0.066,-0.001,1.012,-1.041,4.135,2.244,0.9958,0.0016,-0.0321,0.0855,-0.133,-3.686,189.824,0.108,-1.564,2.111,0.000,0.000,0.000,2.390,7.475,2.111,0.042,0.059,0.017,-0.41,0.11,1,0
31963,0.063,0.002,1.014,-2.044,0.672,3.936,0.9958,0.0027,-0.0316,0.0860,-0.008,-3.632,189.867,0.108,-1.564,2.111,0.000,0.000,0.000,0.822,7.300,2.111,0.112,0.200,-0.135,-0.41,-0.11,1,0
31983,0.060,0.008,1.012,-0.018,-2.156,5.226,0.9957,0.0041,-0.0307,0.0867,0.168,-3.543,189.948,0.108,-1.564,2.111,0.000,0.000,0.000,-0.121,6.955,2.111,-0.004,0.346,-0.293,-0.41,-0.10,1,0
32155,0.057,-0.004,1.011,-0.314,1.016,-0.717,0.9954,0.0004,-0.0282,0.0912,-0.250,-3.222,190.482,0.108,-1.564,2.111,0.000,0.000,0.000,1.915,5.702,2.111,-0.019,0.271,0.447,-0.42,-0.06,1,0
32175,0.058,-0.006,1.012,-0.540,0.223,0.044,0.9954,-0.0005,-0.0288,0.0912,-0.359,-3.277,190.483,0.108,-1.564,2.111,0.000,0.000,0.000,2.394,5.791,2.111,0.107,0.376,0.362,-0.42,-0.05,1,0
32192,0.057,-0.006,1.012,-0.472,-0.167,-0.109,0.9954,-0.0003,-0.0284,0.0912,-0.329,-3.241,190.480,0.108,-1.564,2.111,0.000,0.000,0.000,2.543,5.895,2.111,0.186,0.480,0.305,-0.42,-0.05,1,0
32206,0.057,-0.001,1.013,0.193,-0.727,0.163,0.9954,0.0011,-0.0283,0.0912,-0.172,-3.236,190.471,0.108,-1.564,2.111,0.000,0.000,0.000,2.078,5.803,2.111,0.140,0.548,0.266,-0.42,-0.05,1,0
32226,0.057,0.001,1.012,0.062,-0.781,0.467,0.9954,0.0027,-0.0282,0.0912,0.015,-3.245,190.467,0.215,-1.564,2.111,0.000,0.000,0.000,1.373,5.861,2.111,0.043,0.616,0.198,-0.42,-0.05,1,0
32244,0.057,-0.001,1.013,-0.882,-0.272,0.584,0.9954,0.0019,-0.0279,0.0913,-0.071,-3.200,190.481,0.108,-1.564,2.111,0.000,0.000,0.000,1.125,5.823,2.111,0.042,0.615,0.143,-0.42,-0.05,1,0
32262,0.057,-0.000,1.013,-2.282,-0.591,1.166,0.9954,0.0025,-0.0280,0.0914,-0.013,-3.219,190.491,0.108,-1.564,2.111,0.000,0.000,0.000,0.818,5.767,2.111,0.100,0.642,0.082,-0.42,-0.03,1,0
32281,0.057,0.000,1.013,-2.467,-0.631,1.355,0.9954,0.0027,-0.0279,0.0916,0.011,-3.207,190.517,0.215,-1.564,2.111,0.000,0.000,0.000,1.195,5.671,2.111,0.147,0.687,-0.001,-0.42,0.05,1,0
32298,0.058,0.002,1.012,-1.562,-0.324,0.849,0.9954,0.0035,-0.0284,0.0917,0.095,-3.279,190.529,0.108,-1.564,2.111,0.000,0.000,0.000,0.459,5.946,2.111,0.116,0.693,0.026,-0.42,0.05,1,0
32313,0.057,0.003,1.011,-0.701,0.175,0.882,0.9954,0.0039,-0.0280,0.0918,0.146,-3.241,190.537,0.108,-1.564,2.111,0.000,0.000,0.000,-0.210,5.779,2.111,0.022,0.675,0.051,-0.42,0.09,1,0
32334,0.057,-0.000,1.012,-0.568,0.606,1.086,0.9954,0.0026,-0.0281,0.0920,-0.003,-3.234,190.565,0.108,-1.564,2.111,0.000,0.000,0.000,0.346,5.849,2.111,-0.081,0.606,0.042,-0.41,0.50,1,0
32346,0.057,-0.003,1.013,-1.060,0.743,1.067,0.9953,0.0013,-0.0282,0.0922,-0.149,-3.232,190.586,0.108,-1.564,2.111,0.000,0.000,0.000,1.023,5.798,2.111,-0.049,0.577,0.039,-0.40,0.50,1,0
32374,0.058,-0.004,1.013,-2.776,1.424,1.136,0.9953,0.0005,-0.0287,0.0925,-0.243,-3.277,190.622,0.215,-1.564,2.111,0.000,0.000,0.000,2.052,6.042,2.111,0.196,0.557,0.024,-0.39,0.40,1,0
32388,0.058,-0.001,1.014,-2.964,1.616,0.771,0.9953,0.0014,-0.0285,0.0925,-0.143,-3.263,190.626,0.108,-1.564,2.111,0.000,0.000,0.000,2.367,5.979,2.111,0.280,0.526,0.047,-0.39,0.40,1,0
32406,0.057,0.001,1.014,-2.747,2.032,0.685,0.9953,0.0027,-0.0278,0.0926,0.008,-3.197,190.626,0.108,-1.564,2.111,0.000,0.000,0.000,0.829,5.803,2.111,0.239,0.474,0.092,-0.39,-0.02,1,0
32424,0.056,0.000,1.015,-3.582,2.725,0.806,0.9953,0.0026,-0.0277,0.0927,0.007,-3.187,190.638,0.108,-1.564,2.111,0.000,0.000,0.000,0.435,5.634,2.111,0.181,0.402,0.090,-0.39,-0.01,1,0
32444,0.057,-0.001,1.015,-4.381,2.505,1.076,0.9953,0.0018,-0.0279,0.0928,-0.091,-3.198,190.653,0.108,-1.564,2.111,0.000,0.000,0.000,0.851,5.720,2.111,0.248,0.377,0.069,-0.39,-0.01,1,0
32466,0.056,-0.003,1.015,-4.748,0.655,0.883,0.9953,0.0008,-0.0275,0.0930,-0.198,-3.147,190.681,0.108,-1.564,2.111,0.000,0.000,0.000,1.613,5.646,2.111,0.402,0.510,0.044,-0.39,0.01,1,0
32490,0.055,-0.007,1.015,-5.037,0.520,0.621,0.9953,-0.0011,-0.0275,0.0931,-0.414,-3.122,190.703,0.108,-1.564,2.111,0.000,0.000,0.000,2.908,5.438,2.111,0.455,0.617,0.093,-0.38,0.23,1,0
32886,0.051,-0.004,1.013,1.084,-2.372,-0.746,0.9947,0.0003,-0.0254,0.1000,-0.259,-2.901,191.491,0.108,-1.564,2.111,0.000,0.000,0.000,1.870,4.629,2.111,-0.017,0.876,0.312,-0.34,-0.03,1,0
32905,0.052,-0.005,1.013,1.075,-2.187,-0.818,0.9947,0.0001,-0.0260,0.0999,-0.281,-2.962,191.478,0.108,-1.564,2.111,0.000,0.000,0.000,2.267,4.714,2.111,-0.012,0.890,0.308,-0.34,-0.01,1,0
32922,0.053,-0.006,1.013,1.594,-1.949,-0.173,0.9946,-0.0005,-0.0264,0.0999,-0.360,-3.004,191.476,0.108,-1.564,2.111,0.000,0.000,0.000,2.571,4.939,2.111,-0.017,0.876,0.242,-0.34,0.13,1,0
32937,0.053,-0.009,1.011,2.473,-1.729,0.337,0.9946,-0.0017,-0.0266,0.0999,-0.494,-3.011,191.488,0.108,-1.564,2.111,0.000,0.000,0.000,2.948,5.033,2.111,-0.022,0.861,0.159,-0.33,0.12,1,0
32960,0.054,-0.009,1.011,3.275,-1.538,0.606,0.9946,-0.0017,-0.0266,0.1000,-0.498,-3.017,191.501,0.108,-1.564,2.111,0.000,0.000,0.000,3.626,5.047,2.111,-0.049,0.832,0.080,-0.33,0.11,1,0
32986,0.054,-0.007,1.012,2.882,-0.978,0.431,0.9946,-0.0006,-0.0270,0.1002,-0.377,-3.067,191.517,0.108,-1.564,2.111,0.000,0.000,0.000,2.747,5.085,2.111,-0.109,0.767,0.048,-0.33,0.10,1,0
33002,0.054,-0.006,1.011,2.061,-0.698,0.174,0.9946,-0.0002,-0.0268,0.1003,-0.307,-3.046,191.520,0.108,-1.564,2.111,0.000,0.000,0.000,2.558,5.246,2.111,-0.061,0.736,0.078,-0.33,-0.02,1,0
33203,0.053,0.001,1.013,0.129,3.104,-0.452,0.9946,0.0031,-0.0261,0.1000,0.056,-3.014,191.480,0.108,-1.564,2.111,0.000,0.000,0.000,0.394,5.091,2.111,-0.035,0.385,0.186,-0.38,-0.58,1,0
33220,0.052,0.002,1.012,0.329,2.932,-0.332,0.9947,0.0035,-0.0257,0.0999,0.108,-2.970,191.471,0.108,-1.564,2.111,0.000,0.000,0.000,0.156,5.015,2.111,-0.046,0.429,0.174,-0.39,-0.55,1,0
33235,0.052,0.000,1.013,0.612,2.844,-0.059,0.9947,0.0028,-0.0256,0.0999,0.024,-2.953,191.473,0.108,-1.564,2.111,0.000,0.000,0.000,0.327,4.848,2.111,-0.074,0.455,0.146,-0.39,-0.46,1,0
33247,0.052,-0.001,1.013,0.476,2.894,0.120,0.9947,0.0019,-0.0255,0.1000,-0.075,-2.924,191.480,0.108,-1.564,2.111,0.000,0.000,0.000,0.778,4.841,2.111,-0.060,0.472,0.114,-0.39,-0.46,1,0
33275,0.050,-0.002,1.013,0.139,2.783,0.224,0.9947,0.0015,-0.0248,0.1000,-0.109,-2.840,191.487,0.215,-1.564,2.111,0.000,0.000,0.000,1.284,4.446,2.111,0.052,0.479,0.071,-0.38,0.18,1,0
33300,0.050,-0.001,1.013,0.123,2.798,-0.336,0.9947,0.0018,-0.0244,0.1000,-0.072,-2.805,191.486,0.108,-1.564,2.111,0.000,0.000,0.000,1.315,4.378,2.111,0.092,0.491,0.102,-0.38,0.12,1,0
33316,0.049,0.002,1.013,0.204,2.759,-0.450,0.9947,0.0034,-0.0238,0.0999,0.117,-2.753,191.467,0.215,-1.564,2.111,0.000,0.000,0.000,0.925,4.149,2.111,0.067,0.491,0.160,-0.39,-0.30,1,0
33336,0.048,0.001,1.012,0.233,2.658,0.127,0.9947,0.0031,-0.0234,0.0999,0.089,-2.706,191.466,0.108,-1.564,2.111,0.000,0.000,0.000,0.000,4.060,2.111,0.001,0.508,0.122,-0.39,-0.29,1,0
33354,0.047,-0.000,1.012,-0.103,2.540,0.240,0.9947,0.0023,-0.0230,0.0999,0.002,-2.649,191.474,0.108,-1.564,2.111,0.000,0.000,0.000,0.404,3.897,2.111,-0.006,0.508,0.085,-0.40,-0.25,1,0
33375,0.046,-0.000,1.012,-0.007,2.139,0.394,0.9947,0.0022,-0.0229,0.1000,-0.007,-2.634,191.481,0.108,-1.564,2.111,0.000,0.000,0.000,0.756,3.736,2.111,0.025,0.531,0.055,-0.40,-0.06,1,0
33394,0.045,-0.001,1.012,0.163,1.879,0.185,0.9947,0.0020,-0.0223,0.1000,-0.023,-2.562,191.485,0.108,-1.564,2.111,0.000,0.000,0.000,0.690,3.558,2.111,0.029,0.561,0.057,-0.40,-0.06,1,0
33404,0.045,0.001,1.013,0.168,1.632,-0.322,0.9947,0.0025,-0.0218,0.1000,0.039,-2.516,191.481,0.108,-1.564,2.111,0.000,0.000,0.000,0.514,3.428,2.111,0.022,0.588,0.099,-0.40,-0.06,1,0
33426,0.044,0.003,1.012,0.312,1.517,-0.415,0.9948,0.0037,-0.0216,0.0999,0.176,-2.501,191.466,0.108,-1.564,2.111,0.000,0.000,0.000,-0.139,3.268,2.111,-0.036,0.613,0.158,-0.41,-0.08,1,0
33434,0.044,0.003,1.012,0.285,1.667,-0.258,0.9948,0.0036,-0.0212,0.0999,0.169,-2.464,191.464,0.108,-1.564,2.111,0.000,0.000,0.000,-0.379,3.240,2.111,-0.058,0.609,0.156,-0.41,-0.27,1,0
33456,0.043,0.001,1.012,0.134,1.799,0.028,0.9948,0.0024,-0.0211,0.0999,0.030,-2.438,191.469,0.108,-1.564,2.111,0.000,0.000,0.000,0.109,3.039,2.111,-0.077,0.561,0.114,-0.41,-0.26,1,0
33480,0.042,0.000,1.013,0.010,1.210,0.230,0.9948,0.0023,-0.0208,0.0999,0.019,-2.402,191.471,0.108,-1.564,2.111,0.000,0.000,0.000,0.602,2.891,2.111,-0.017,0.599,0.089,-0.42,-0.25,1,0
33492,0.042,0.000,1.012,0.048,1.122,0.334,0.9948,0.0022,-0.0206,0.0999,0.015,-2.376,191.475,0.108,-1.564,2.111,0.000,0.000,0.000,0.505,2.860,2.111,0.002,0.619,0.069,-0.42,-0.27,1,0
33514,0.041,0.001,1.011,0.200,1.011,-0.078,0.9948,0.0022,-0.0204,0.1000,0.020,-2.348,191.478,0.108,-1.564,2.111,0.000,0.000,0.000,0.435,2.674,2.111,-0.003,0.625,0.077,-0.44,-0.53,1,0
33942,0.040,0.002,1.011,0.029,-1.889,0.398,0.9948,0.0030,-0.0195,0.0999,0.117,-2.257,191.466,0.108,-1.564,2.111,0.000,0.000,0.000,-0.141,2.375,2.111,-0.046,0.837,0.077,-0.36,1.01,1,0
33964,0.040,0.002,1.011,0.130,-2.134,0.057,0.9948,0.0028,-0.0197,0.0999,0.094,-2.280,191.472,0.108,-1.564,2.111,0.000,0.000,0.000,0.111,2.511,2.111,-0.035,0.869,0.082,-0.36,-0.25,1,0
33980,0.041,0.002,1.011,0.047,-2.266,-0.163,0.9948,0.0029,-0.0199,0.0999,0.102,-2.305,191.471,0.108,-1.564,2.111,0.000,0.000,0.000,-0.075,2.615,2.111,0.001,0.877,0.114,-0.37,-0.24,1,0
33993,0.041,0.003,1.011,0.578,-2.341,-0.229,0.9948,0.0031,-0.0200,0.0999,0.131,-2.311,191.468,0.108,-1.564,2.111,0.000,0.000,0.000,-0.129,2.609,2.111,-0.031,0.888,0.131,-0.37,-0.23,1,0
34026,0.042,0.003,1.011,0.057,-2.212,0.034,0.9948,0.0037,-0.0206,0.0999,0.186,-2.388,191.460,0.108,-1.564,2.111,0.000,0.000,0.000,0.222,2.722,2.111,-0.058,0.895,0.132,-0.37,-0.19,1,0
34254,0.052,0.004,1.012,-0.009,-2.814,0.151,0.9947,0.0045,-0.0253,0.0999,0.224,-2.932,191.469,0.108,-1.564,2.111,0.000,0.000,0.000,-0.679,4.758,2.111,-0.110,0.924,0.091,-0.35,-0.09,1,0
34274,0.053,0.002,1.012,-0.190,-2.909,0.300,0.9946,0.0034,-0.0259,0.1000,0.087,-2.990,191.481,0.108,-1.564,2.111,0.000,0.000,0.000,-0.106,4.959,2.111,-0.078,0.934,0.068,-0.36,-0.13,1,0
34292,0.054,0.000,1.012,0.086,-2.975,0.112,0.9946,0.0029,-0.0264,0.1001,0.026,-3.039,191.488,0.108,-1.564,2.111,0.000,0.000,0.000,0.486,5.205,2.111,-0.041,0.945,0.071,-0.37,-0.52,1,0
34318,0.055,0.002,1.012,0.031,-3.164,-0.017,0.9946,0.0040,-0.0268,0.1000,0.149,-3.107,191.481,0.108,-1.564,2.111,0.000,0.000,0.000,-0.124,5.318,2.111,-0.027,0.958,0.100,-0.38,-0.49,1,0
34334,0.056,0.003,1.012,0.437,-2.993,-0.268,0.9946,0.0044,-0.0273,0.1000,0.193,-3.166,191.477,0.108,-1.564,2.111,0.000,0.000,0.000,-0.340,5.443,2.111,-0.071,0.963,0.122,-0.38,-0.41,1,0
34352,0.056,0.004,1.012,0.181,-2.897,-0.208,0.9946,0.0048,-0.0275,0.1000,0.236,-3.192,191.472,0.108,-1.564,2.111,0.000,0.000,0.000,-0.476,5.661,2.111,-0.088,0.965,0.135,-0.38,-0.41,1,0
34367,0.057,0.004,1.012,0.213,-2.995,0.056,0.9946,0.0046,-0.0280,0.1000,0.207,-3.250,191.472,0.108,-1.564,2.111,0.000,0.000,0.000,-0.715,5.825,2.111,-0.112,0.971,0.120,-0.38,0.13,1,0
34386,0.058,0.002,1.012,0.196,-3.049,0.196,0.9946,0.0039,-0.0286,0.1000,0.112,-3.309,191.480,0.108,-1.564,2.111,0.000,0.000,0.000,-0.149,6.027,2.111,-0.098,0.977,0.091,-0.38,0.12,1,0
34404,0.059,0.002,1.012,-0.036,-3.003,0.410,0.9945,0.0039,-0.0291,0.1001,0.109,-3.367,191.486,0.108,-1.564,2.111,0.000,0.000,0.000,-0.139,6.230,2.111,-0.057,0.980,0.065,-0.37,0.13,1,0
34426,0.060,0.002,1.012,0.099,-2.936,0.202,0.9945,0.0040,-0.0295,0.1001,0.122,-3.407,191.492,0.108,-1.564,2.111,0.000,0.000,0.000,0.000,6.456,2.111,-0.043,0.984,0.061,-0.37,0.21,1,0
34442,0.061,0.003,1.012,-0.080,-2.826,0.063,0.9945,0.0046,-0.0299,0.1001,0.185,-3.459,191.490,0.108,-1.564,2.111,0.000,0.000,0.000,-0.415,6.579,2.111,-0.049,0.982,0.084,-0.37,0.20,1,0
34458,0.062,0.004,1.012,0.310,-3.106,-0.106,0.9945,0.0047,-0.0302,0.1001,0.192,-3.494,191.490,0.108,-1.564,2.111,0.000,0.000,0.000,-0.576,6.686,2.111,-0.086,0.985,0.107,-0.37,0.18,1,0
34474,0.063,0.004,1.012,0.229,-2.868,-0.206,0.9945,0.0048,-0.0307,0.1001,0.194,-3.553,191.487,0.108,-1.564,2.111,0.000,0.000,0.000,-0.491,6.921,2.111,-0.106,0.987,0.132,-0.36,0.05,1,0
34491,0.063,0.004,1.012,-0.054,-2.595,0.065,0.9945,0.0048,-0.0309,0.1001,0.195,-3.581,191.485,0.215,-1.564,2.111,0.000,0.000,0.000,0.000,7.045,2.111,-0.090,0.983,0.127,-0.36,0.05,1,0
34520,0.064,0.001,1.012,0.076,-2.614,0.102,0.9945,0.0035,-0.0315,0.1001,0.043,-3.632,191.500,0.215,-1.564,2.111,0.000,0.000,0.000,0.831,7.239,2.111,-0.039,0.977,0.089,-0.36,0.05,1,0
34537,0.065,0.002,1.012,-0.038,-2.585,0.187,0.9944,0.0043,-0.0322,0.1001,0.118,-3.723,191.496,0.215,-1.564,2.111,0.000,0.000,0.000,0.764,7.466,2.111,0.032,0.981,0.094,-0.36,0.07,1,0
34974,0.079,0.001,1.012,0.124,0.597,-0.252,0.9942,0.0044,-0.0384,0.1003,0.065,-4.428,191.517,0.108,-1.564,2.111,0.000,0.000,0.000,0.346,10.047,2.111,-0.035,0.867,0.122,-0.38,-0.39,1,0
34987,0.079,0.002,1.011,0.021,0.804,-0.130,0.9942,0.0049,-0.0385,0.1002,0.122,-4.448,191.509,0.108,-1.564,2.111,0.000,0.000,0.000,0.160,10.040,2.111,-0.011,0.842,0.129,-0.39,-0.39,1,0
35012,0.079,0.003,1.011,0.138,0.854,0.146,0.9942,0.0052,-0.0385,0.1002,0.150,-4.450,191.508,0.108,-1.564,2.111,0.000,0.000,0.000,-0.240,10.075,2.111,-0.029,0.841,0.095,-0.39,-0.02,1,0
35033,0.079,0.003,1.012,-0.015,1.058,0.178,0.9942,0.0056,-0.0385,0.1002,0.196,-4.453,191.507,0.108,-1.564,2.111,0.000,0.000,0.000,-0.453,10.024,2.111,-0.051,0.836,0.081,-0.39,-0.02,1,0
35052,0.078,0.003,1.012,0.067,1.236,0.045,0.9942,0.0051,-0.0384,0.1003,0.138,-4.439,191.514,0.108,-1.564,2.111,0.000,0.000,0.000,-0.207,9.951,2.111,-0.065,0.825,0.087,-0.39,-0.03,1,0
35233,0.074,0.002,1.012,0.079,2.295,-0.065,0.9943,0.0048,-0.0364,0.1003,0.125,-4.205,191.511,0.108,-1.564,2.111,0.000,0.000,0.000,-0.112,9.241,2.111,-0.054,0.742,0.106,-0.40,0.25,1,0
35247,0.074,0.002,1.012,0.111,2.324,-0.009,0.9943,0.0050,-0.0361,0.1002,0.153,-4.173,191.509,0.108,-1.564,2.111,0.000,0.000,0.000,-0.213,9.134,2.111,-0.054,0.736,0.110,-0.39,0.25,1,0
35263,0.073,0.002,1.012,0.144,2.333,-0.113,0.9943,0.0046,-0.0358,0.1003,0.117,-4.140,191.511,0.108,-1.564,2.111,0.000,0.000,0.000,-0.043,9.042,2.111,-0.066,0.734,0.117,-0.38,0.46,1,0
35287,0.073,0.002,1.012,0.175,2.558,-0.259,0.9943,0.0047,-0.0356,0.1002,0.127,-4.111,191.505,0.108,-1.564,2.111,0.000,0.000,0.000,-0.131,8.970,2.111,-0.066,0.721,0.138,-0.37,0.43,1,0
35306,0.072,0.003,1.012,0.093,2.506,-0.084,0.9943,0.0050,-0.0354,0.1002,0.158,-4.096,191.499,0.108,-1.564,2.111,0.000,0.000,0.000,-0.120,8.781,2.111,-0.062,0.706,0.135,-0.36,0.41,1,0
35322,0.072,0.002,1.012,0.005,2.583,0.102,0.9943,0.0046,-0.0351,0.1002,0.120,-4.055,191.503,0.108,-1.564,2.111,0.000,0.000,0.000,-0.066,8.707,2.111,-0.061,0.712,0.108,-0.37,0.35,1,0
35342,0.071,0.002,1.012,-0.048,2.770,0.114,0.9944,0.0046,-0.0345,0.1002,0.124,-3.981,191.505,0.108,-1.564,2.111,0.000,0.000,0.000,0.000,8.480,2.111,-0.044,0.689,0.090,-0.37,-0.05,1,0
35355,0.070,0.002,1.012,0.014,2.745,0.004,0.9944,0.0045,-0.0344,0.1002,0.121,-3.977,191.506,0.108,-1.564,2.111,0.000,0.000,0.000,0.000,8.427,2.111,-0.036,0.681,0.092,-0.37,-0.05,1,0
35372,0.070,0.002,1.012,-0.001,2.624,-0.013,0.9944,0.0046,-0.0341,0.1002,0.130,-3.939,191.505,0.108,-1.564,2.111,0.000,0.000,0.000,-0.151,8.361,2.111,-0.039,0.685,0.097,-0.37,-0.05,1,0
35394,0.069,0.002,1.012,0.160,2.753,-0.121,0.9944,0.0045,-0.0338,0.1002,0.127,-3.903,191.504,0.108,-1.564,2.111,0.000,0.000,0.000,-0.192,8.160,2.111,-0.061,0.692,0.112,-0.36,0.22,1,0
35415,0.068,0.002,1.012,0.079,2.953,-0.096,0.9944,0.0043,-0.0334,0.1002,0.112,-3.859,191.504,0.108,-1.564,2.111,0.000,0.000,0.000,-0.111,7.966,2.111,-0.058,0.672,0.114,-0.36,0.21,1,0
35432,0.068,0.002,1.012,0.055,2.790,-0.055,0.9944,0.0046,-0.0331,0.1002,0.145,-3.828,191.500,0.108,-1.564,2.111,0.000,0.000,0.000,-0.211,7.903,2.111,-0.053,0.670,0.117,-0.35,0.17,1,0
35446,0.067,0.003,1.012,0.013,2.813,0.255,0.9944,0.0045,-0.0326,0.1002,0.141,-3.775,191.503,0.108,-1.564,2.111,0.000,0.000,0.000,-0.356,7.815,2.111,-0.060,0.677,0.094,-0.36,0.17,1,0
35455,0.066,0.002,1.012,0.016,2.819,0.209,0.9944,0.0040,-0.0325,0.1002,0.083,-3.748,191.509,0.108,-1.564,2.111,0.000,0.000,0.000,-0.078,7.650,2.111,-0.062,0.678,0.082,-0.36,-0.07,1,0
35480,0.065,0.002,1.011,0.178,2.955,-0.268,0.9945,0.0042,-0.0315,0.1002,0.119,-3.643,191.504,0.108,-1.564,2.111,0.000,0.000,0.000,-0.095,7.354,2.111,-0.037,0.660,0.124,-0.36,-0.07,1,0
35498,0.064,0.003,1.012,0.077,2.953,0.005,0.9945,0.0048,-0.0312,0.1002,0.191,-3.609,191.498,0.108,-1.564,2.111,0.000,0.000,0.000,-0.412,7.277,2.111,-0.060,0.646,0.126,-0.35,-0.00,1,0
35520,0.063,0.003,1.012,-0.030,3.101,0.047,0.9945,0.0043,-0.0308,0.1002,0.139,-3.567,191.503,0.108,-1.564,2.111,0.000,0.000,0.000,-0.297,7.037,2.111,-0.077,0.614,0.099,-0.34,0.52,1,0
35534,0.062,0.002,1.011,-0.082,2.938,0.013,0.9945,0.0038,-0.0305,0.1002,0.088,-3.518,191.507,0.215,-1.564,2.111,0.000,0.000,0.000,-0.047,6.908,2.111,-0.056,0.620,0.101,-0.33,0.49,1,0
35556,0.061,0.002,1.012,0.082,2.915,-0.063,0.9945,0.0041,-0.0299,0.1002,0.122,-3.462,191.503,0.108,-1.564,2.111,0.000,0.000,0.000,0.653,6.655,2.111,0.001,0.624,0.113,-0.32,0.47,1,0
35967,0.042,0.001,1.011,0.077,1.316,0.329,0.9947,0.0024,-0.0206,0.1004,0.038,-2.378,191.522,0.108,-1.564,2.111,0.000,0.000,0.000,0.000,2.990,2.111,-0.051,0.636,0.060,-0.27,0.06,1,0
35984,0.043,0.000,1.012,-0.052,1.102,0.039,0.9947,0.0023,-0.0207,0.1004,0.018,-2.391,191.525,0.108,-1.564,2.111,0.000,0.000,0.000,0.491,2.974,2.111,-0.025,0.650,0.070,-0.28,-0.20,1,0
36006,0.042,0.001,1.012,0.087,0.800,-0.034,0.9947,0.0023,-0.0204,0.1004,0.031,-2.356,191.524,0.108,-1.564,2.111,0.000,0.000,0.000,0.308,2.800,2.111,-0.005,0.700,0.100,-0.28,-0.19,1,0
36025,0.041,0.001,1.012,0.090,1.132,-0.205,0.9947,0.0027,-0.0203,0.1003,0.075,-2.343,191.519,0.108,-1.564,2.111,0.000,0.000,0.000,0.395,2.723,2.111,-0.016,0.684,0.122,-0.29,-0.20,1,0
36042,0.041,0.002,1.011,0.253,0.819,0.023,0.9947,0.0034,-0.0201,0.1003,0.155,-2.333,191.514,0.108,-1.564,2.111,0.000,0.000,0.000,-0.173,2.730,2.111,-0.042,0.680,0.121,-0.29,-0.36,1,0
36072,0.040,0.001,1.012,0.217,0.898,0.076,0.9948,0.0025,-0.0196,0.1004,0.059,-2.263,191.522,0.108,-1.564,2.111,0.000,0.000,0.000,0.061,2.552,2.111,-0.077,0.672,0.089,-0.30,-0.35,1,0
36323,0.039,0.002,1.011,0.207,-1.114,0.276,0.9948,0.0031,-0.0188,0.1005,0.131,-2.182,191.532,0.108,-1.564,2.111,0.000,0.000,0.000,-0.228,2.193,2.111,-0.078,0.849,0.088,-0.26,0.42,1,0
36344,0.039,0.001,1.011,0.055,-1.132,0.240,0.9948,0.0026,-0.0188,0.1005,0.074,-2.178,191.538,0.108,-1.564,2.111,0.000,0.000,0.000,0.040,2.134,2.111,-0.064,0.831,0.067,-0.25,0.40,1,0
36366,0.039,0.001,1.012,0.028,-1.571,0.071,0.9947,0.0024,-0.0193,0.1005,0.057,-2.226,191.541,0.108,-1.564,2.111,0.000,0.000,0.000,0.249,2.310,2.111,-0.019,0.860,0.084,-0.24,0.41,1,0
36386,0.039,0.002,1.011,0.152,-1.716,-0.156,0.9947,0.0031,-0.0193,0.1005,0.128,-2.234,191.537,0.108,-1.564,2.111,0.000,0.000,0.000,0.193,2.441,2.111,-0.027,0.881,0.103,-0.23,0.59,1,0
36403,0.040,0.003,1.012,0.024,-1.512,-0.031,0.9947,0.0036,-0.0196,0.1005,0.183,-2.271,191.533,0.108,-1.564,2.111,0.000,0.000,0.000,-0.352,2.484,2.111,-0.051,0.882,0.120,-0.22,0.56,1,0
36425,0.041,0.002,1.011,0.234,-1.759,0.208,0.9947,0.0030,-0.0199,0.1005,0.119,-2.301,191.539,0.108,-1.564,2.111,0.000,0.000,0.000,-0.233,2.525,2.111,-0.085,0.881,0.087,-0.22,0.47,1,0
36441,0.041,0.002,1.011,0.173,-2.003,0.055,0.9947,0.0028,-0.0201,0.1005,0.086,-2.318,191.542,0.108,-1.564,2.111,0.000,0.000,0.000,0.074,2.544,2.111,-0.068,0.898,0.089,-0.22,-0.14,1,0
36456,0.041,0.001,1.011,0.025,-2.029,0.189,0.9947,0.0026,-0.0202,0.1006,0.067,-2.338,191.545,0.108,-1.564,2.111,0.000,0.000,0.000,0.119,2.686,2.111,-0.055,0.910,0.086,-0.22,-0.14,1,0
36475,0.042,0.001,1.011,0.074,-2.204,0.032,0.9947,0.0026,-0.0203,0.1006,0.062,-2.345,191.547,0.108,-1.564,2.111,0.000,0.000,0.000,0.340,2.768,2.111,-0.037,0.924,0.090,-0.22,-0.05,1,0
36496,0.042,0.002,1.012,0.067,-2.274,0.036,0.9947,0.0031,-0.0206,0.1006,0.117,-2.389,191.546,0.108,-1.564,2.111,0.000,0.000,0.000,0.000,2.860,2.111,-0.036,0.939,0.102,-0.20,0.64,1,0
36506,0.042,0.002,1.012,0.243,-2.278,0.000,0.9947,0.0034,-0.0207,0.1006,0.144,-2.403,191.545,0.108,-1.564,2.111,0.000,0.000,0.000,0.064,2.861,2.111,-0.044,0.944,0.106,-0.20,0.64,1,0
36523,0.043,0.003,1.011,0.135,-2.385,0.005,0.9947,0.0035,-0.0210,0.1006,0.153,-2.429,191.544,0.108,-1.564,2.111,0.000,0.000,0.000,-0.251,2.984,2.111,-0.064,0.950,0.111,-0.19,0.61,1,0
36538,0.043,0.002,1.011,0.154,-2.433,0.087,0.9947,0.0033,-0.0211,0.1006,0.134,-2.446,191.546,0.108,-1.564,2.111,0.000,0.000,0.000,-0.212,2.991,2.111,-0.073,0.957,0.104,-0.18,0.54,1,0
36556,0.044,0.002,1.011,0.249,-2.506,0.098,0.9947,0.0032,-0.0214,0.1006,0.120,-2.480,191.548,0.108,-1.564,2.111,0.000,0.000,0.000,-0.107,3.214,2.111,-0.076,0.961,0.099,-0.18,0.17,1,0
36576,0.044,0.002,1.011,0.000,-2.655,0.204,0.9947,0.0030,-0.0218,0.1006,0.095,-2.526,191.553,0.108,-1.564,2.111,0.000,0.000,0.000,0.137,3.235,2.111,-0.063,0.969,0.089,-0.18,0.16,1,0
36998,0.064,0.003,1.011,0.266,-2.632,-0.032,0.9944,0.0045,-0.0310,0.1009,0.158,-3.584,191.582,19.731,-1.564,2.111,0.000,0.000,0.000,67.787,7.044,2.111,0.855,0.984,0.117,-0.14,0.49,1,0
37018,0.065,0.002,1.011,-0.013,-2.452,0.000,0.9944,0.0044,-0.0322,0.1009,0.126,-3.719,191.584,28.602,-1.564,2.111,0.000,0.000,0.000,90.000,7.315,2.111,0.891,0.988,0.110,-0.14,-0.19,1,0
37043,0.066,0.003,1.012,-0.023,-2.379,0.117,0.9944,0.0047,-0.0324,0.1009,0.156,-3.751,191.584,30.538,-1.564,2.111,0.000,0.000,0.000,90.000,7.420,2.111,0.918,0.991,0.099,-0.15,-0.18,1,0
37067,0.067,0.003,1.012,0.021,-2.253,0.082,0.9943,0.0049,-0.0331,0.1009,0.176,-3.832,191.586,31.828,-1.564,2.111,0.000,0.000,0.000,90.000,7.576,2.111,0.934,0.986,0.092,-0.14,-0.12,1,0
37094,0.068,0.003,1.012,0.114,-2.237,0.069,0.9943,0.0049,-0.0334,0.1009,0.168,-3.871,191.588,32.473,-1.564,2.111,0.000,0.000,0.000,90.000,7.749,2.111,0.948,0.989,0.096,-0.14,0.27,1,0
37312,0.076,0.003,1.012,0.123,-0.723,-0.055,0.9942,0.0054,-0.0373,0.1010,0.181,-4.311,191.592,35.699,-1.564,2.111,0.000,0.000,0.000,90.000,9.280,2.111,0.994,0.974,0.120,-0.13,-0.07,1,0
37324,0.076,0.003,1.012,0.153,-0.662,0.039,0.9942,0.0056,-0.0374,0.1010,0.204,-4.329,191.590,35.699,-1.564,2.111,0.000,0.000,0.000,90.000,9.314,2.111,0.995,0.973,0.108,-0.12,-0.02,1,0
37347,0.077,0.003,1.012,-0.064,-0.392,0.066,0.9941,0.0051,-0.0378,0.1010,0.145,-4.373,191.596,35.753,-1.564,2.111,0.000,0.000,0.000,90.000,9.358,2.111,0.996,0.968,0.099,-0.11,0.43,1,0
37372,0.078,0.002,1.012,0.071,-0.180,0.123,0.9941,0.0051,-0.0379,0.1010,0.145,-4.384,191.599,35.914,-1.564,2.111,0.000,0.000,0.000,90.000,9.521,2.111,0.997,0.961,0.092,-0.10,0.39,1,0
37396,0.078,0.002,1.012,0.013,-0.012,0.036,0.9941,0.0052,-0.0379,0.1010,0.148,-4.387,191.600,35.914,-1.564,2.111,0.000,0.000,0.000,90.000,9.511,2.111,0.997,0.954,0.094,-0.10,0.39,1,0
37416,0.078,0.003,1.012,0.213,0.260,-0.075,0.9941,0.0054,-0.0381,0.1010,0.179,-4.408,191.597,36.613,-1.564,2.111,0.000,0.000,0.000,90.000,9.627,2.111,0.998,0.940,0.109,-0.09,0.35,1,0
37432,0.078,0.003,1.012,0.099,0.423,-0.073,0.9941,0.0055,-0.0381,0.1010,0.187,-4.410,191.596,36.720,-1.564,2.111,0.000,0.000,0.000,90.000,9.597,2.111,0.998,0.931,0.117,-0.08,0.33,1,0
37452,0.078,0.003,1.012,0.152,0.570,-0.040,0.9941,0.0051,-0.0382,0.1010,0.144,-4.415,191.598,36.882,-1.564,2.111,0.000,0.000,0.000,90.000,9.645,2.111,0.999,0.923,0.114,-0.08,0.31,1,0
37472,0.078,0.002,1.013,0.046,0.708,-0.103,0.9941,0.0052,-0.0383,0.1010,0.145,-4.431,191.597,37.419,-1.564,2.111,0.000,0.000,0.000,90.000,9.647,2.111,0.999,0.921,0.117,-0.07,0.31,1,0
37494,0.078,0.003,1.013,-0.060,0.901,0.049,0.9941,0.0053,-0.0382,0.1010,0.159,-4.415,191.596,37.419,-1.564,2.111,0.000,0.000,0.000,90.000,9.618,2.111,0.999,0.904,0.110,-0.07,0.24,1,0
37512,0.078,0.003,1.012,0.109,0.989,-0.001,0.9941,0.0052,-0.0382,0.1010,0.147,-4.412,191.597,37.312,-1.564,2.111,0.000,0.000,0.000,90.000,9.538,2.111,0.999,0.895,0.104,-0.07,0.23,1,0
37524,0.078,0.003,1.013,-0.049,1.126,-0.060,0.9941,0.0056,-0.0383,0.1010,0.196,-4.431,191.592,35.914,-1.564,2.111,0.000,0.000,0.000,90.000,9.674,2.111,0.999,0.892,0.109,-0.06,0.20,1,0
37544,0.078,0.003,1.012,0.074,1.257,0.150,0.9941,0.0055,-0.0382,0.1010,0.184,-4.424,191.595,34.624,-1.564,2.111,0.000,0.000,0.000,90.000,9.625,2.111,0.999,0.889,0.095,-0.06,0.09,1,0
37561,0.078,0.003,1.012,0.101,1.302,-0.053,0.9941,0.0051,-0.0381,0.1010,0.140,-4.403,191.599,33.118,-1.564,2.111,0.000,0.000,0.000,90.000,9.628,2.111,1.000,0.893,0.094,-0.06,0.09,1,0
37596,0.078,0.003,1.012,0.132,1.481,0.002,0.9941,0.0052,-0.0379,0.1010,0.155,-4.386,191.595,26.183,-1.564,2.111,0.000,0.000,0.000,90.000,9.675,2.111,1.000,0.894,0.113,-0.05,0.13,1,0
37987,0.064,0.003,1.010,0.011,2.616,0.011,0.9944,0.0046,-0.0312,0.1010,0.168,-3.615,191.592,0.108,-1.564,2.111,0.000,0.000,0.000,-0.384,7.203,2.111,-0.112,0.730,0.099,0.01,0.04,1,0
38006,0.062,0.003,1.011,0.149,2.727,-0.027,0.9944,0.0044,-0.0306,0.1010,0.142,-3.541,191.594,0.108,-1.564,2.111,0.000,0.000,0.000,-0.299,6.989,2.111,-0.118,0.719,0.097,0.02,0.57,1,0
38025,0.062,0.002,1.011,0.049,2.722,-0.099,0.9944,0.0043,-0.0304,0.1010,0.133,-3.519,191.593,0.108,-1.564,2.111,0.000,0.000,0.000,-0.153,6.801,2.111,-0.098,0.698,0.110,0.03,0.54,1,0
38042,0.061,0.002,1.012,0.127,2.749,-0.078,0.9944,0.0042,-0.0300,0.1010,0.135,-3.472,191.592,0.108,-1.564,2.111,0.000,0.000,0.000,-0.214,6.609,2.111,-0.099,0.695,0.112,0.02,0.41,1,0
38066,0.060,0.002,1.012,0.065,2.716,-0.135,0.9944,0.0041,-0.0294,0.1010,0.132,-3.404,191.589,0.108,-1.564,2.111,0.000,0.000,0.000,0.000,6.495,2.111,-0.086,0.696,0.119,0.01,-0.48,1,0
38086,0.059,0.003,1.012,-0.131,2.711,0.053,0.9945,0.0045,-0.0291,0.1009,0.174,-3.372,191.586,0.108,-1.564,2.111,0.000,0.000,0.000,-0.246,6.365,2.111,-0.072,0.701,0.106,-0.00,-0.46,1,0
38106,0.059,0.003,1.012,-0.059,2.673,0.140,0.9945,0.0046,-0.0288,0.1009,0.193,-3.336,191.587,0.108,-1.564,2.111,0.000,0.000,0.000,-0.479,6.259,2.111,-0.080,0.705,0.092,-0.00,-0.42,1,0
38324,0.049,0.002,1.013,-0.068,1.901,-0.138,0.9946,0.0037,-0.0240,0.1010,0.147,-2.775,191.594,0.215,-1.564,2.111,0.000,0.000,0.000,-0.104,4.306,2.111,-0.050,0.733,0.082,-0.08,-0.13,1,0
38342,0.048,0.003,1.012,0.232,1.514,-0.284,0.9946,0.0039,-0.0236,0.1010,0.174,-2.738,191.588,0.215,-1.564,2.111,0.000,0.000,0.000,0.474,4.173,2.111,-0.047,0.761,0.123,-0.08,-0.13,1,0
38356,0.048,0.003,1.012,0.278,1.565,-0.290,0.9946,0.0040,-0.0235,0.1009,0.185,-2.726,191.586,0.215,-1.564,2.111,0.000,0.000,0.000,0.190,3.988,2.111,-0.042,0.770,0.132,-0.08,-0.11,1,0
38366,0.048,0.003,1.013,-0.004,1.998,-0.194,0.9946,0.0039,-0.0231,0.1009,0.183,-2.677,191.582,0.215,-1.564,2.111,0.000,0.000,0.000,0.188,4.014,2.111,-0.050,0.738,0.135,-0.08,-0.11,1,0
38386,0.047,0.003,1.012,0.123,1.822,0.038,0.9946,0.0036,-0.0227,0.1009,0.145,-2.625,191.584,0.108,-1.564,2.111,0.000,0.000,0.000,-0.321,3.819,2.111,-0.075,0.692,0.111,-0.08,0.02,1,0
38402,0.046,0.003,1.012,0.062,1.400,0.103,0.9946,0.0038,-0.0223,0.1009,0.171,-2.589,191.584,0.108,-1.564,2.111,0.000,0.000,0.000,-0.313,3.670,2.111,-0.091,0.727,0.094,-0.08,0.02,1,0
38417,0.046,0.003,1.012,-0.099,1.464,0.249,0.9946,0.0036,-0.0223,0.1009,0.154,-2.579,191.587,0.108,-1.564,2.111,0.000,0.000,0.000,-0.240,3.596,2.111,-0.081,0.735,0.078,-0.08,0.02,1,0
38432,0.045,0.002,1.012,-0.088,1.375,0.218,0.9946,0.0032,-0.0220,0.1010,0.108,-2.559,191.593,0.108,-1.564,2.111,0.000,0.000,0.000,-0.047,3.503,2.111,-0.073,0.739,0.071,-0.08,0.01,1,0
38446,0.045,0.002,1.012,0.075,1.100,-0.102,0.9946,0.0033,-0.0218,0.1010,0.129,-2.523,191.592,0.108,-1.564,2.111,0.000,0.000,0.000,0.110,3.379,2.111,-0.067,0.760,0.093,-0.08,0.01,1,0
38462,0.044,0.004,1.012,0.028,1.252,-0.052,0.9946,0.0040,-0.0215,0.1010,0.203,-2.497,191.587,0.108,-1.564,2.111,0.000,0.000,0.000,-0.550,3.275,2.111,-0.077,0.757,0.110,-0.08,-0.07,1,0
38482,0.044,0.002,1.012,0.250,1.176,-0.072,0.9946,0.0033,-0.0215,0.1010,0.126,-2.493,191.590,0.215,-1.564,2.111,0.000,0.000,0.000,-0.320,3.275,2.111,-0.101,0.748,0.110,-0.08,-0.07,1,0
38494,0.043,0.003,1.011,0.208,0.930,-0.117,0.9947,0.0035,-0.0212,0.1009,0.156,-2.461,191.586,0.108,-1.564,2.111,0.000,0.000,0.000,-0.204,3.214,2.111,-0.088,0.764,0.124,-0.08,-0.07,1,0
38516,0.043,0.002,1.011,0.176,0.857,0.225,0.9947,0.0028,-0.0210,0.1010,0.073,-2.422,191.592,0.108,-1.564,2.111,0.000,0.000,0.000,-0.092,3.126,2.111,-0.105,0.784,0.090,-0.08,-0.08,1,0
38536,0.042,0.001,1.011,0.131,0.815,-0.116,0.9947,0.0026,-0.0208,0.1010,0.053,-2.398,191.594,0.108,-1.564,2.111,0.000,0.000,0.000,0.181,2.916,2.111,-0.086,0.780,0.102,-0.08,-0.08,1,0
38547,0.042,0.002,1.012,-0.095,0.756,-0.165,0.9947,0.0031,-0.0205,0.1010,0.121,-2.377,191.589,0.108,-1.564,2.111,0.000,0.000,0.000,0.050,2.876,2.111,-0.061,0.773,0.116,-0.08,-0.08,1,0
38566,0.042,0.003,1.012,0.099,0.570,0.047,0.9947,0.0033,-0.0203,0.1009,0.147,-2.353,191.587,0.108,-1.564,2.111,0.000,0.000,0.000,-0.220,2.771,2.111,-0.063,0.773,0.112,-0.09,-0.10,1,0
38584,0.041,0.003,1.012,-0.088,0.335,0.167,0.9947,0.0037,-0.0201,0.1010,0.174,-2.320,191.588,0.108,-1.564,2.111,0.000,0.000,0.000,-0.492,2.688,2.111,-0.080,0.796,0.091,-0.10,-0.35,1,0
38601,0.041,0.003,1.012,0.128,0.325,0.155,0.9947,0.0034,-0.0200,0.1010,0.155,-2.319,191.592,0.108,-1.564,2.111,0.000,0.000,0.000,-0.176,2.697,2.111,-0.093,0.802,0.083,-0.10,-0.33,1,0
38618,0.041,0.002,1.012,0.269,0.241,-0.109,0.9947,0.0028,-0.0197,0.1010,0.095,-2.282,191.594,0.108,-1.564,2.111,0.000,0.000,0.000,0.000,2.583,2.111,-0.092,0.804,0.102,-0.11,-0.32,1,0
39046,0.046,0.002,1.011,0.139,-2.361,-0.003,0.9946,0.0034,-0.0225,0.1012,0.130,-2.600,191.620,0.000,-1.564,2.111,0.000,0.000,0.000,-0.461,3.544,2.111,-0.111,0.984,0.113,-0.20,-0.36,1,0
39064,0.046,0.002,1.012,0.131,-2.385,0.087,0.9946,0.0035,-0.0228,0.1012,0.134,-2.636,191.621,0.000,-1.564,2.111,0.000,0.000,0.000,-0.746,3.714,2.111,-0.120,0.986,0.107,-0.20,-0.34,1,0
39076,0.047,0.002,1.012,0.104,-2.440,0.063,0.9946,0.0035,-0.0229,0.1012,0.135,-2.654,191.621,0.000,-1.564,2.111,0.000,0.000,0.000,-0.633,3.762,2.111,-0.123,0.987,0.103,-0.20,-0.33,1,0
39084,0.047,0.002,1.012,0.166,-2.491,0.028,0.9946,0.0035,-0.0230,0.1012,0.115,-2.667,191.623,0.000,-1.564,2.111,0.000,0.000,0.000,-0.770,3.829,2.111,-0.122,0.988,0.104,-0.21,-0.33,1,0
39104,0.048,0.002,1.012,0.107,-2.480,-0.024,0.9946,0.0035,-0.0235,0.1012,0.121,-2.722,191.621,-0.753,-1.564,2.111,0.000,0.000,0.000,-0.900,3.919,2.111,-0.128,0.991,0.113,-0.22,-0.42,1,0
39134,0.049,0.002,1.012,0.086,-2.668,0.031,0.9946,0.0037,-0.0240,0.1012,0.140,-2.775,191.621,-5.591,-1.564,2.111,0.000,0.000,0.000,-24.847,4.134,2.111,-0.320,0.993,0.106,-0.22,-0.26,1,0
39383,0.060,0.003,1.011,0.109,-2.563,0.017,0.9944,0.0043,-0.0292,0.1013,0.153,-3.376,191.627,-43.495,-1.564,2.111,0.000,0.000,0.000,-90.000,5.976,2.111,-0.944,0.996,0.113,-0.19,-0.48,1,0
39398,0.060,0.003,1.012,-0.052,-2.494,-0.006,0.9944,0.0043,-0.0295,0.1013,0.151,-3.419,191.627,-43.495,-1.564,2.111,0.000,0.000,0.000,-90.000,6.023,2.111,-0.953,0.996,0.110,-0.20,-0.44,1,0
39416,0.061,0.003,1.012,-0.036,-2.595,0.068,0.9944,0.0046,-0.0300,0.1013,0.172,-3.471,191.626,-43.495,-1.564,2.111,0.000,0.000,0.000,-90.000,6.287,2.111,-0.961,0.997,0.103,-0.20,-0.27,1,0
39434,0.062,0.004,1.012,0.011,-2.574,0.056,0.9944,0.0048,-0.0304,0.1013,0.199,-3.518,191.625,-43.495,-1.564,2.111,0.000,0.000,0.000,-90.000,6.386,2.111,-0.967,0.997,0.101,-0.21,-0.26,1,0
39464,0.063,0.004,1.012,0.119,-2.460,0.178,0.9944,0.0050,-0.0308,0.1013,0.216,-3.566,191.627,-43.495,-1.564,2.111,0.000,0.000,0.000,-90.000,6.679,2.111,-0.975,0.998,0.088,-0.21,-0.24,1,0
39476,0.064,0.003,1.012,0.205,-2.473,0.057,0.9944,0.0048,-0.0311,0.1013,0.191,-3.604,191.631,-43.495,-1.564,2.111,0.000,0.000,0.000,-90.000,6.789,2.111,-0.979,0.998,0.090,-0.21,-0.13,1,0
39492,0.064,0.003,1.012,0.143,-2.454,0.105,0.9943,0.0048,-0.0314,0.1013,0.188,-3.641,191.632,-43.495,-1.564,2.111,0.000,0.000,0.000,-90.000,6.845,2.111,-0.982,0.999,0.093,-0.19,0.77,1,0
39512,0.065,0.002,1.012,0.152,-2.392,0.029,0.9943,0.0044,-0.0319,0.1014,0.128,-3.683,191.638,-43.495,-1.564,2.111,0.000,0.000,0.000,-90.000,7.000,2.111,-0.985,0.999,0.099,-0.18,0.73,1,0
39530,0.066,0.002,1.012,0.044,-2.356,-0.074,0.9943,0.0045,-0.0324,0.1014,0.132,-3.744,191.637,-43.495,-1.564,2.111,0.000,0.000,0.000,-90.000,7.162,2.111,-0.987,0.999,0.109,-0.17,0.73,1,0
39554,0.067,0.003,1.012,0.124,-2.218,-0.048,0.9943,0.0048,-0.0328,0.1013,0.168,-3.794,191.633,-43.495,-1.564,2.111,0.000,0.000,0.000,-90.000,7.454,2.111,-0.990,0.999,0.117,-0.13,1.51,1,0
39572,0.068,0.003,1.011,0.052,-2.124,0.028,0.9943,0.0050,-0.0332,0.1013,0.186,-3.849,191.631,-43.495,-1.564,2.111,0.000,0.000,0.000,-90.000,7.526,2.111,-0.992,0.999,0.109,-0.10,1.44,1,0
39586,0.069,0.003,1.012,0.100,-2.074,0.116,0.9943,0.0049,-0.0338,0.1013,0.167,-3.909,191.634,-43.495,-1.564,2.111,0.000,0.000,0.000,-90.000,7.673,2.111,-0.993,0.999,0.103,-0.08,1.44,1,0
39600,0.069,0.003,1.012,0.177,-1.956,0.127,0.9943,0.0049,-0.0338,0.1014,0.171,-3.915,191.636,-43.495,-1.564,2.111,0.000,0.000,0.000,-90.000,7.800,2.111,-0.994,1.000,0.093,-0.07,1.34,1,0
39622,0.070,0.003,1.012,0.130,-1.915,0.118,0.9942,0.0048,-0.0342,0.1014,0.149,-3.953,191.639,-43.495,-1.564,2.111,0.000,0.000,0.000,-90.000,7.906,2.111,-0.995,1.000,0.092,-0.05,1.01,1,0
39635,0.070,0.002,1.012,0.138,-1.861,0.033,0.9942,0.0045,-0.0345,0.1014,0.115,-3.990,191.643,-43.495,-1.564,2.111,0.000,0.000,0.000,-90.000,7.996,2.111,-0.996,1.000,0.096,-0.03,0.96,1,0
40072,0.077,0.002,1.012,0.182,1.103,0.016,0.9941,0.0050,-0.0374,0.1015,0.134,-4.327,191.656,-33.387,-1.564,2.111,0.000,0.000,0.000,-90.000,9.430,2.111,-1.000,0.926,0.113,0.02,-0.21,1,0
40092,0.077,0.003,1.011,0.026,1.144,0.087,0.9941,0.0053,-0.0375,0.1015,0.163,-4.336,191.655,-19.462,-1.564,2.111,0.000,0.000,0.000,-90.000,9.527,2.111,-1.000,0.907,0.103,0.01,-0.16,1,0
40113,0.077,0.003,1.012,-0.023,1.311,0.106,0.9941,0.0052,-0.0374,0.1015,0.155,-4.324,191.659,-12.312,-1.564,2.111,0.000,0.000,0.000,-69.549,9.611,2.111,-1.000,0.929,0.094,0.01,-0.13,1,0
40134,0.077,0.002,1.011,0.008,1.309,0.026,0.9941,0.0048,-0.0375,0.1016,0.111,-4.327,191.663,-5.430,-1.564,2.111,0.000,0.000,0.000,-50.504,9.640,2.111,-0.736,0.930,0.096,0.01,-0.13,1,0
40154,0.076,0.003,1.012,0.180,1.475,-0.175,0.9941,0.0051,-0.0372,0.1015,0.144,-4.303,191.659,0.000,-1.564,2.111,0.000,0.000,0.000,-0.745,9.525,2.111,-0.335,0.935,0.121,0.01,0.01,1,0
40364,0.070,0.002,1.011,0.105,2.135,-0.084,0.9942,0.0043,-0.0344,0.1016,0.088,-3.970,191.663,0.215,-1.564,2.111,0.000,0.000,0.000,0.810,8.398,2.111,0.037,0.848,0.093,0.08,0.03,1,0
40383,0.070,0.003,1.012,0.062,2.308,0.014,0.9942,0.0048,-0.0341,0.1015,0.153,-3.940,191.658,0.215,-1.564,2.111,0.000,0.000,0.000,0.346,8.325,2.111,0.010,0.840,0.103,0.07,-0.07,1,0
40396,0.069,0.003,1.012,-0.132,2.534,0.042,0.9942,0.0048,-0.0338,0.1016,0.148,-3.912,191.659,0.215,-1.564,2.111,0.000,0.000,0.000,0.362,8.329,2.111,-0.013,0.824,0.098,0.06,-0.90,1,0
40407,0.069,0.003,1.012,0.026,2.646,0.024,0.9942,0.0049,-0.0337,0.1016,0.167,-3.905,191.658,0.215,-1.564,2.111,0.000,0.000,0.000,0.341,8.160,2.111,-0.033,0.806,0.098,0.05,-0.90,1,0
40427,0.069,0.003,1.012,0.056,2.528,0.053,0.9943,0.0047,-0.0335,0.1016,0.149,-3.870,191.660,0.215,-1.564,2.111,0.000,0.000,0.000,0.383,8.053,2.111,-0.061,0.792,0.098,0.03,-0.85,1,0
40443,0.068,0.002,1.012,0.374,2.531,0.011,0.9943,0.0043,-0.0331,0.1016,0.106,-3.828,191.664,0.215,-1.564,2.111,0.000,0.000,0.000,0.605,7.934,2.111,-0.079,0.803,0.097,0.04,-0.66,1,0
40463,0.067,0.002,1.012,0.233,2.640,-0.203,0.9943,0.0042,-0.0327,0.1016,0.097,-3.779,191.663,0.215,-1.564,2.111,0.000,0.000,0.000,0.667,7.778,2.111,-0.068,0.797,0.118,0.06,0.74,1,0
40476,0.067,0.002,1.012,-0.090,2.693,-0.170,0.9943,0.0043,-0.0326,0.1016,0.113,-3.768,191.659,0.215,-1.564,2.111,0.000,0.000,0.000,0.495,7.650,2.111,-0.066,0.791,0.128,0.07,0.70,1,0
40498,0.066,0.003,1.012,-0.008,2.782,-0.181,0.9943,0.0045,-0.0319,0.1015,0.139,-3.691,191.654,0.215,-1.564,2.111,0.000,0.000,0.000,0.570,7.534,2.111,-0.080,0.783,0.131,0.08,0.67,1,0
40516,0.065,0.003,1.012,-0.037,2.787,-0.056,0.9943,0.0050,-0.0316,0.1015,0.201,-3.663,191.649,0.215,-1.564,2.111,0.000,0.000,0.000,0.198,7.375,2.111,-0.088,0.778,0.123,0.09,0.54,1,0
40538,0.064,0.003,1.012,-0.031,2.692,0.131,0.9943,0.0048,-0.0312,0.1015,0.181,-3.612,191.651,0.215,-1.564,2.111,0.000,0.000,0.000,0.256,7.172,2.111,-0.114,0.781,0.095,0.08,-0.30,1,0
40556,0.063,0.003,1.012,-0.126,2.740,0.187,0.9943,0.0044,-0.0309,0.1015,0.136,-3.578,191.657,0.215,-1.564,2.111,0.000,0.000,0.000,0.330,7.043,2.111,-0.112,0.783,0.082,0.07,-0.28,1,0
40582,0.062,0.002,1.012,0.104,2.585,0.131,0.9943,0.0045,-0.0304,0.1016,0.154,-3.521,191.659,0.215,-1.564,2.111,0.000,0.000,0.000,0.473,6.886,2.111,-0.113,0.794,0.080,0.07,-0.22,1,0
40595,0.062,0.003,1.012,0.036,2.663,0.004,0.9944,0.0045,-0.0300,0.1016,0.162,-3.474,191.660,0.215,-1.564,2.111,0.000,0.000,0.000,0.390,6.658,2.111,-0.119,0.794,0.090,0.08,0.28,1,0
40615,0.060,0.002,1.012,0.116,2.650,-0.229,0.9944,0.0040,-0.0296,0.1016,0.108,-3.426,191.661,0.215,-1.564,2.111,0.000,0.000,0.000,0.591,6.476,2.111,-0.115,0.779,0.116,0.08,0.26,1,0
40634,0.060,0.002,1.012,0.115,2.526,-0.259,0.9944,0.0042,-0.0290,0.1015,0.146,-3.360,191.656,0.215,-1.564,2.111,0.000,0.000,0.000,0.433,6.362,2.111,-0.111,0.782,0.136,0.09,0.20,1,0
40647,0.059,0.003,1.012,0.074,2.474,-0.003,0.9944,0.0043,-0.0290,0.1015,0.154,-3.352,191.654,0.215,-1.564,2.111,0.000,0.000,0.000,0.275,6.225,2.111,-0.119,0.791,0.123,0.08,0.20,1,0
40665,0.058,0.002,1.012,-0.016,2.716,0.109,0.9944,0.0040,-0.0283,0.1015,0.128,-3.269,191.657,0.215,-1.564,2.111,0.000,0.000,0.000,0.546,6.095,2.111,-0.112,0.773,0.098,0.08,-0.21,1,0
41123,0.042,0.002,1.012,0.066,0.451,0.085,0.9946,0.0033,-0.0208,0.1016,0.133,-2.408,191.665,-39.409,-1.173,2.111,0.000,0.000,0.000,-90.000,4.026,2.111,-0.951,0.889,0.085,0.11,-0.00,1,0
41144,0.042,0.003,1.011,0.091,0.135,-0.280,0.9946,0.0036,-0.0206,0.1016,0.173,-2.393,191.657,-39.516,-1.173,2.111,0.000,0.000,0.000,-90.000,4.072,2.111,-0.964,0.918,0.136,0.11,-0.00,1,0
41160,0.042,0.003,1.011,0.044,0.104,-0.105,0.9946,0.0037,-0.0206,0.1016,0.179,-2.390,191.656,-39.516,-1.173,2.111,0.000,0.000,0.000,-90.000,4.005,2.111,-0.967,0.924,0.133,0.11,0.03,1,0
41176,0.042,0.003,1.011,0.145,0.199,-0.024,0.9946,0.0037,-0.0203,0.1015,0.186,-2.362,191.655,-39.409,-1.173,2.111,0.000,0.000,0.000,-90.000,4.053,2.111,-0.972,0.926,0.116,0.12,0.36,1,0
41402,0.043,0.003,1.012,-0.080,-1.577,0.148,0.9946,0.0039,-0.0209,0.1017,0.203,-2.423,191.669,-42.903,-1.173,2.111,0.000,0.000,0.000,-90.000,4.137,2.111,-0.997,0.987,0.084,0.24,0.71,1,0
41426,0.043,0.003,1.012,0.128,-1.756,0.006,0.9946,0.0039,-0.0212,0.1017,0.201,-2.461,191.671,-43.065,-1.222,2.111,0.000,0.000,0.000,-90.000,4.014,2.111,-0.998,0.990,0.101,0.23,0.54,1,0
41450,0.043,0.002,1.012,0.243,-1.925,-0.068,0.9946,0.0034,-0.0211,0.1017,0.140,-2.445,191.673,-42.903,-1.222,2.111,0.000,0.000,0.000,-90.000,4.065,2.111,-0.998,0.992,0.115,0.21,-0.58,1,0
41481,0.044,0.004,1.012,0.097,-2.095,0.031,0.9946,0.0041,-0.0218,0.1017,0.213,-2.527,191.667,-42.796,-1.320,2.111,0.000,0.000,0.000,-90.000,3.932,2.111,-0.999,0.984,0.121,0.20,-0.53,1,0
41500,0.045,0.003,1.011,0.094,-2.120,0.142,0.9946,0.0035,-0.0217,0.1017,0.151,-2.521,191.672,-42.634,-1.320,2.111,0.000,0.000,0.000,-90.000,4.045,2.111,-0.999,0.987,0.097,0.19,-0.28,1,0
41515,0.045,0.003,1.012,0.070,-2.199,-0.097,0.9946,0.0039,-0.0219,0.1017,0.193,-2.538,191.670,-42.204,-1.369,2.111,0.000,0.000,0.000,-90.000,3.886,2.111,-0.999,0.989,0.104,0.19,-0.27,1,0
41532,0.045,0.004,1.012,-0.005,-2.229,-0.060,0.9946,0.0040,-0.0221,0.1017,0.196,-2.562,191.670,-42.097,-1.369,2.111,0.000,0.000,0.000,-90.000,3.957,2.111,-0.999,0.990,0.112,0.19,-0.27,1,0
41554,0.046,0.003,1.012,0.171,-2.345,0.011,0.9945,0.0038,-0.0226,0.1017,0.172,-2.622,191.671,-41.505,-1.369,2.111,0.000,0.000,0.000,-90.000,4.141,2.111,-0.999,0.993,0.105,0.18,-0.21,1,0
41576,0.047,0.003,1.012,0.100,-2.448,0.164,0.9945,0.0037,-0.0229,0.1017,0.158,-2.650,191.673,-41.398,-1.369,2.111,0.000,0.000,0.000,-90.000,4.294,2.111,-1.000,0.994,0.098,0.18,0.05,1,0
41595,0.048,0.002,1.012,0.225,-2.537,0.144,0.9945,0.0035,-0.0234,0.1017,0.128,-2.707,191.678,-41.344,-1.369,2.111,0.000,0.000,0.000,-90.000,4.389,2.111,-1.000,0.995,0.086,0.18,0.05,1,0
41623,0.049,0.002,1.011,0.176,-2.688,-0.091,0.9945,0.0037,-0.0239,0.1017,0.145,-2.763,191.676,-41.237,-1.369,2.111,0.000,0.000,0.000,-90.000,4.549,2.111,-1.000,0.996,0.113,0.18,0.02,1,0
41635,0.049,0.003,1.011,0.122,-2.663,0.007,0.9945,0.0040,-0.0241,0.1017,0.175,-2.790,191.674,-41.237,-1.369,2.111,0.000,0.000,0.000,-90.000,4.685,2.111,-1.000,0.997,0.115,0.18,-0.21,1,0
41656,0.050,0.003,1.011,-0.063,-2.603,0.049,0.9945,0.0040,-0.0244,0.1017,0.176,-2.826,191.675,-41.075,-1.369,2.111,0.000,0.000,0.000,-90.000,4.801,2.111,-1.000,0.997,0.106,0.18,-0.20,1,0
41672,0.051,0.002,1.011,0.051,-2.671,0.064,0.9945,0.0036,-0.0248,0.1017,0.126,-2.874,191.679,-40.968,-1.320,2.111,0.000,0.000,0.000,-90.000,5.173,2.111,-1.000,0.998,0.098,0.17,-0.16,1,0
41695,0.052,0.002,1.011,0.094,-2.764,0.017,0.9945,0.0035,-0.0254,0.1018,0.104,-2.941,191.682,-40.968,-1.369,2.111,0.000,0.000,0.000,-90.000,5.145,2.111,-1.000,0.998,0.098,0.17,0.05,1,0
42143,0.071,0.003,1.011,0.165,-1.814,-0.004,0.9942,0.0050,-0.0350,0.1019,0.161,-4.045,191.693,-41.237,-1.369,2.111,0.000,0.000,0.000,-90.000,8.911,2.111,-1.000,0.998,0.115,0.07,-0.15,1,0
42167,0.072,0.003,1.011,0.087,-1.699,0.019,0.9942,0.0051,-0.0354,0.1019,0.166,-4.095,191.695,-41.344,-1.369,2.111,0.000,0.000,0.000,-90.000,9.057,2.111,-1.000,0.998,0.107,0.07,-0.25,1,0
42185,0.073,0.003,1.011,0.084,-1.588,0.043,0.9941,0.0054,-0.0357,0.1019,0.194,-4.129,191.693,-41.344,-1.369,2.111,0.000,0.000,0.000,-90.000,9.165,2.111,-1.000,0.999,0.109,0.06,-0.24,1,0
42201,0.074,0.003,1.011,0.104,-1.454,0.036,0.9941,0.0053,-0.0360,0.1019,0.187,-4.169,191.694,-41.237,-1.369,2.111,0.000,0.000,0.000,-90.000,9.328,2.111,-1.000,0.999,0.108,0.06,-0.24,1,0
42394,0.078,0.003,1.011,0.087,0.067,0.005,0.9940,0.0053,-0.0382,0.1020,0.154,-4.416,191.706,-41.344,-1.466,2.111,0.000,0.000,0.000,-90.000,9.864,2.111,-1.000,0.983,0.098,0.01,-0.39,1,0
42411,0.078,0.003,1.011,0.056,0.169,0.004,0.9940,0.0053,-0.0384,0.1019,0.159,-4.443,191.705,-41.344,-1.466,2.111,0.000,0.000,0.000,-90.000,9.855,2.111,-1.000,0.985,0.105,0.01,-0.39,1,0
42425,0.078,0.003,1.011,0.055,0.370,0.006,0.9940,0.0055,-0.0384,0.1019,0.175,-4.438,191.705,-41.344,-1.466,2.111,0.000,0.000,0.000,-90.000,9.847,2.111,-1.000,0.985,0.106,-0.00,-0.58,1,0
42442,0.078,0.003,1.011,0.059,0.589,-0.090,0.9940,0.0054,-0.0381,0.1019,0.171,-4.404,191.704,-41.344,-1.466,2.111,0.000,0.000,0.000,-90.000,9.814,2.111,-1.000,0.973,0.115,-0.01,-0.55,1,0
42466,0.078,0.003,1.011,0.116,0.744,0.006,0.9940,0.0055,-0.0381,0.1019,0.181,-4.414,191.702,-41.344,-1.466,2.111,0.000,0.000,0.000,-90.000,9.926,2.111,-1.000,0.972,0.117,-0.02,-0.52,1,0
42484,0.078,0.003,1.011,0.083,0.867,0.084,0.9940,0.0055,-0.0381,0.1019,0.187,-4.405,191.704,-41.344,-1.564,2.111,0.000,0.000,0.000,-90.000,9.870,2.111,-1.000,0.973,0.100,-0.03,-0.48,1,0
42502,0.078,0.003,1.011,0.014,0.917,0.010,0.9940,0.0054,-0.0381,0.1020,0.168,-4.408,191.706,-41.237,-1.466,2.111,0.000,0.000,0.000,-90.000,9.506,2.111,-1.000,0.959,0.102,-0.04,-0.45,1,0
42522,0.078,0.003,1.011,0.011,1.029,0.038,0.9940,0.0054,-0.0379,0.1020,0.173,-4.384,191.706,-41.237,-1.466,2.111,0.000,0.000,0.000,-90.000,9.751,2.111,-1.000,0.965,0.104,-0.05,-0.41,1,0
42535,0.078,0.003,1.011,0.035,1.155,0.033,0.9940,0.0053,-0.0381,0.1020,0.159,-4.406,191.707,-41.075,-1.466,2.111,0.000,0.000,0.000,-90.000,9.788,2.111,-1.000,0.968,0.103,-0.05,-0.17,1,0
42553,0.077,0.003,1.011,0.100,1.325,-0.097,0.9941,0.0054,-0.0378,0.1020,0.177,-4.369,191.706,-41.075,-1.564,2.111,0.000,0.000,0.000,-90.000,9.400,2.111,-1.000,0.956,0.109,-0.05,-0.17,1,0
42576,0.077,0.003,1.011,0.029,1.426,0.034,0.9941,0.0056,-0.0377,0.1019,0.201,-4.363,191.703,-41.075,-1.466,2.111,0.000,0.000,0.000,-90.000,9.632,2.111,-1.000,0.934,0.112,-0.05,-0.16,1,0
42594,0.077,0.003,1.011,0.075,1.480,0.113,0.9941,0.0051,-0.0377,0.1020,0.143,-4.354,191.710,-41.075,-1.466,2.111,0.000,0.000,0.000,-90.000,9.624,2.111,-1.000,0.946,0.093,-0.05,-0.10,1,0
42616,0.076,0.003,1.011,0.018,1.596,-0.034,0.9941,0.0051,-0.0373,0.1020,0.151,-4.312,191.710,-40.968,-1.564,2.111,0.000,0.000,0.000,-90.000,9.231,2.111,-1.000,0.927,0.101,-0.05,0.31,1,0
42634,0.076,0.002,1.011,0.049,1.689,-0.078,0.9941,0.0052,-0.0373,0.1020,0.156,-4.319,191.709,-40.914,-1.564,2.111,0.000,0.000,0.000,-90.000,9.236,2.111,-1.000,0.915,0.110,-0.04,0.29,1,0
42651,0.076,0.003,1.011,0.054,1.740,-0.126,0.9941,0.0052,-0.0371,0.1020,0.165,-4.289,191.707,-40.914,-1.564,2.111,0.000,0.000,0.000,-90.000,9.105,2.111,-1.000,0.911,0.118,-0.04,0.29,1,0
42666,0.076,0.003,1.012,0.051,1.769,-0.058,0.9941,0.0054,-0.0368,0.1019,0.182,-4.264,191.704,-40.806,-1.564,2.111,0.000,0.000,0.000,-90.000,9.064,2.111,-1.000,0.918,0.120,-0.05,0.22,1,0
42682,0.075,0.003,1.012,0.124,1.877,-0.099,0.9941,0.0051,-0.0368,0.1019,0.147,-4.254,191.705,-40.699,-1.466,2.111,0.000,0.000,0.000,-90.000,8.979,2.111,-1.000,0.912,0.118,-0.05,-0.34,1,0
42700,0.075,0.003,1.011,0.041,2.059,-0.033,0.9941,0.0052,-0.0365,0.1019,0.172,-4.223,191.702,-40.699,-1.564,2.111,0.000,0.000,0.000,-90.000,8.945,2.111,-1.000,0.905,0.116,-0.06,-0.32,1,0
42724,0.074,0.003,1.011,0.104,2.088,0.028,0.9941,0.0051,-0.0362,0.1019,0.161,-4.184,191.704,-40.699,-1.564,2.111,0.000,0.000,0.000,-90.000,8.874,2.111,-1.000,0.908,0.102,-0.07,-0.35,1,0
43140,0.058,0.002,1.012,-0.112,2.366,-0.022,0.9944,0.0041,-0.0281,0.1019,0.141,-3.251,191.699,-40.914,-1.466,2.111,0.000,0.000,0.000,-90.000,5.941,2.111,-1.000,0.793,0.107,-0.24,-0.50,1,0
43152,0.057,0.002,1.013,0.076,2.245,-0.044,0.9944,0.0037,-0.0278,0.1019,0.092,-3.212,191.701,-40.914,-1.466,2.111,0.000,0.000,0.000,-90.000,5.896,2.111,-1.000,0.808,0.113,-0.25,-0.47,1,0
43163,0.056,0.002,1.013,0.098,2.258,-0.173,0.9944,0.0035,-0.0275,0.1019,0.075,-3.176,191.701,-40.914,-1.466,2.111,0.000,0.000,0.000,-90.000,5.761,2.111,-1.000,0.815,0.120,-0.25,-0.47,1,0
43180,0.056,0.002,1.012,0.053,2.350,-0.207,0.9944,0.0039,-0.0271,0.1019,0.125,-3.133,191.695,-40.914,-1.466,2.111,0.000,0.000,0.000,-90.000,5.656,2.111,-1.000,0.810,0.134,-0.26,-0.40,1,0
43195,0.055,0.002,1.013,0.200,2.389,-0.130,0.9944,0.0040,-0.0270,0.1018,0.146,-3.120,191.691,-40.914,-1.466,2.111,0.000,0.000,0.000,-90.000,5.503,2.111,-1.000,0.799,0.132,-0.25,0.08,1,0
43216,0.054,0.004,1.013,0.056,2.224,0.124,0.9944,0.0044,-0.0263,0.1018,0.197,-3.047,191.688,-40.806,-1.466,2.111,0.000,0.000,0.000,-90.000,5.392,2.111,-1.000,0.803,0.113,-0.25,0.08,1,0
43240,0.053,0.002,1.012,0.144,2.120,0.159,0.9944,0.0038,-0.0258,0.1019,0.132,-2.991,191.697,-40.806,-1.466,2.111,0.000,0.000,0.000,-90.000,5.183,2.111,-1.000,0.813,0.080,-0.25,0.08,1,0
43440,0.047,0.004,1.011,-0.086,1.037,-0.032,0.9945,0.0041,-0.0230,0.1019,0.201,-2.667,191.696,-40.645,-1.466,2.111,0.000,0.000,0.000,-90.000,4.043,2.111,-1.000,0.865,0.110,-0.25,-0.02,1,0
43457,0.046,0.003,1.011,0.223,0.970,0.103,0.9945,0.0037,-0.0228,0.1019,0.160,-2.638,191.699,-40.645,-1.466,2.111,0.000,0.000,0.000,-90.000,3.850,2.111,-1.000,0.872,0.099,-0.24,0.66,1,0
43476,0.046,0.002,1.012,0.213,1.130,-0.235,0.9945,0.0034,-0.0224,0.1019,0.129,-2.596,191.699,-40.538,-1.466,2.111,0.000,0.000,0.000,-90.000,3.792,2.111,-1.000,0.860,0.120,-0.22,0.63,1,0
43494,0.046,0.002,1.012,-0.014,1.032,-0.024,0.9945,0.0034,-0.0221,0.1019,0.124,-2.561,191.697,-40.538,-1.466,2.111,0.000,0.000,0.000,-90.000,3.732,2.111,-1.000,0.853,0.123,-0.22,0.63,1,0
43504,0.045,0.002,1.011,0.223,0.747,0.090,0.9945,0.0030,-0.0219,0.1019,0.085,-2.537,191.700,-40.538,-1.564,2.111,0.000,0.000,0.000,-90.000,3.300,2.111,-1.000,0.861,0.102,-0.23,0.47,1,0
43520,0.045,0.002,1.012,-0.081,0.603,0.008,0.9945,0.0033,-0.0217,0.1019,0.127,-2.515,191.699,-40.538,-1.466,2.111,0.000,0.000,0.000,-90.000,3.566,2.111,-1.000,0.870,0.102,-0.24,-0.70,1,0
43546,0.044,0.003,1.011,0.147,0.386,0.145,0.9945,0.0037,-0.0215,0.1019,0.170,-2.495,191.699,-40.538,-1.466,2.111,0.000,0.000,0.000,-90.000,3.473,2.111,-1.000,0.868,0.091,-0.26,-0.67,1,0
43566,0.044,0.003,1.012,-0.012,0.186,-0.010,0.9945,0.0037,-0.0215,0.1019,0.169,-2.495,191.701,-40.538,-1.466,2.111,0.000,0.000,0.000,-90.000,3.463,2.111,-1.000,0.893,0.098,-0.25,-0.55,1,0
43584,0.044,0.003,1.011,0.169,0.187,0.034,0.9946,0.0037,-0.0213,0.1019,0.168,-2.466,191.701,-40.538,-1.466,2.111,0.000,0.000,0.000,-90.000,3.417,2.111,-1.000,0.906,0.103,-0.25,0.26,1,0
43603,0.044,0.002,1.011,0.129,0.110,0.050,0.9946,0.0031,-0.0212,0.1020,0.111,-2.452,191.705,-40.538,-1.466,2.111,0.000,0.000,0.000,-90.000,3.432,2.111,-1.000,0.915,0.097,-0.24,0.25,1,0
43625,0.043,0.002,1.011,0.113,0.010,0.024,0.9946,0.0033,-0.0213,0.1020,0.130,-2.464,191.705,-40.538,-1.466,2.111,0.000,0.000,0.000,-90.000,3.286,2.111,-1.000,0.924,0.105,-0.24,0.19,1,0
43642,0.043,0.003,1.011,0.058,-0.187,0.076,0.9946,0.0036,-0.0211,0.1020,0.158,-2.445,191.705,-40.538,-1.466,2.111,0.000,0.000,0.000,-90.000,3.262,2.111,-1.000,0.934,0.099,-0.25,-0.21,1,0
43673,0.043,0.003,1.011,0.150,-0.374,-0.092,0.9946,0.0037,-0.0209,0.1020,0.176,-2.422,191.705,-40.538,-1.466,2.111,0.000,0.000,0.000,-90.000,3.208,2.111,-1.000,0.952,0.111,-0.25,-0.19,1,0
43692,0.043,0.004,1.011,-0.002,-0.466,0.003,0.9946,0.0039,-0.0210,0.1020,0.199,-2.440,191.703,-40.538,-1.466,2.111,0.000,0.000,0.000,-90.000,3.253,2.111,-1.000,0.960,0.117,-0.25,-0.11,1,0
43706,0.043,0.003,1.011,0.012,-0.595,0.088,0.9946,0.0038,-0.0210,0.1020,0.185,-2.442,191.704,-40.538,-1.466,2.111,0.000,0.000,0.000,-90.000,3.239,2.111,-1.000,0.964,0.107,-0.25,-0.11,1,0
43732,0.043,0.002,1.011,0.074,-0.657,0.065,0.9946,0.0034,-0.0210,0.1020,0.142,-2.435,191.708,-40.538,-1.466,2.111,0.000,0.000,0.000,-90.000,3.191,2.111,-1.000,0.971,0.100,-0.24,0.49,1,0
43746,0.043,0.002,1.012,0.080,-0.861,0.084,0.9945,0.0035,-0.0211,0.1020,0.147,-2.449,191.710,-40.538,-1.466,2.111,0.000,0.000,0.000,-90.000,3.249,2.111,-1.000,0.976,0.094,-0.23,0.47,1,0
44182,0.054,0.002,1.011,0.107,-2.489,0.128,0.9944,0.0038,-0.0266,0.1022,0.126,-3.073,191.728,-37.204,-1.564,2.111,0.000,0.000,0.000,-90.000,4.907,2.111,-1.000,1.000,0.087,-0.11,0.11,1,0
44199,0.055,0.002,1.011,0.115,-2.556,0.077,0.9944,0.0041,-0.0268,0.1022,0.149,-3.097,191.727,-35.484,-1.564,2.111,0.000,0.000,0.000,-90.000,5.082,2.111,-1.000,1.000,0.088,-0.11,0.11,1,0
44206,0.055,0.002,1.011,0.151,-2.583,-0.019,0.9944,0.0039,-0.0272,0.1022,0.127,-3.148,191.729,-33.817,-1.564,2.111,0.000,0.000,0.000,-90.000,5.234,2.111,-1.000,1.000,0.099,-0.11,0.11,1,0
44218,0.056,0.003,1.011,0.117,-2.640,0.010,0.9944,0.0042,-0.0274,0.1022,0.163,-3.179,191.727,-31.398,-1.564,2.111,0.000,0.000,0.000,-90.000,5.408,2.111,-1.000,1.000,0.104,-0.11,0.09,1,0
44234,0.056,0.003,1.011,0.126,-2.693,0.037,0.9944,0.0042,-0.0274,0.1022,0.162,-3.178,191.727,-30.538,-1.564,2.111,0.000,0.000,0.000,-90.000,5.437,2.111,-1.000,1.000,0.105,-0.11,0.09,1,0
44252,0.057,0.004,1.011,0.165,-2.510,0.053,0.9944,0.0047,-0.0280,0.1022,0.213,-3.251,191.725,-28.172,-1.564,2.111,0.000,0.000,0.000,-90.000,5.747,2.111,-1.000,1.000,0.103,-0.11,-0.06,1,0
44494,0.068,0.003,1.011,0.307,-2.064,-0.008,0.9942,0.0051,-0.0332,0.1022,0.195,-3.841,191.737,0.000,-1.564,2.111,0.000,0.000,0.000,-1.183,7.831,2.111,-0.159,1.000,0.112,-0.13,0.63,1,0
44512,0.068,0.003,1.012,0.073,-1.977,0.047,0.9942,0.0051,-0.0330,0.1022,0.192,-3.826,191.737,0.000,-1.564,2.111,0.000,0.000,0.000,-1.107,7.943,2.111,-0.027,1.000,0.108,-0.12,0.63,1,0
44527,0.069,0.002,1.012,0.053,-1.911,0.076,0.9942,0.0046,-0.0336,0.1023,0.133,-3.887,191.743,0.000,-1.564,2.111,0.000,0.000,0.000,-0.789,8.069,2.111,0.159,1.000,0.099,-0.11,0.60,1,0
44551,0.070,0.002,1.012,-0.127,-1.865,0.097,0.9942,0.0047,-0.0340,0.1023,0.141,-3.936,191.744,0.000,-1.564,2.111,0.000,0.000,0.000,-0.694,8.322,2.111,0.211,1.000,0.099,-0.11,-0.09,1,0
44562,0.070,0.002,1.011,0.000,-1.799,0.133,0.9941,0.0047,-0.0343,0.1023,0.137,-3.970,191.745,0.000,-1.564,2.111,0.000,0.000,0.000,-0.694,8.322,2.111,0.203,1.000,0.096,-0.11,-0.09,1,0
44574,0.071,0.003,1.012,0.108,-1.732,0.080,0.9941,0.0048,-0.0345,0.1023,0.139,-3.987,191.746,0.108,-1.564,2.111,0.000,0.000,0.000,-0.222,8.479,2.111,0.162,1.000,0.096,-0.11,-0.08,1,0
44586,0.072,0.003,1.010,0.089,-1.676,0.057,0.9941,0.0052,-0.0350,0.1023,0.178,-4.047,191.744,0.108,-1.564,2.111,0.000,0.000,0.000,-0.336,8.608,2.111,0.141,1.000,0.098,-0.11,-0.08,1,0
44603,0.072,0.003,1.011,0.156,-1.547,-0.008,0.9941,0.0050,-0.0350,0.1023,0.158,-4.046,191.746,0.108,-1.564,2.111,0.000,0.000,0.000,-0.362,8.605,2.111,0.095,1.000,0.104,-0.11,-0.09,1,0
44618,0.072,0.003,1.010,0.158,-1.453,-0.069,0.9941,0.0052,-0.0350,0.1023,0.182,-4.052,191.744,0.215,-1.564,2.111,0.000,0.000,0.000,-0.369,8.759,2.111,0.051,1.000,0.113,-0.12,-0.19,1,0
44636,0.074,0.003,1.009,-0.040,-1.347,0.111,0.9941,0.0051,-0.0358,0.1023,0.167,-4.144,191.746,0.215,-1.564,2.111,0.000,0.000,0.000,0.200,8.740,2.111,0.048,1.000,0.105,-0.12,-0.18,1,0
44662,0.073,0.002,1.010,0.030,-1.276,0.180,0.9941,0.0049,-0.0358,0.1023,0.134,-4.141,191.751,0.215,-1.564,2.111,0.000,0.000,0.000,0.448,8.909,2.111,0.040,1.000,0.088,-0.12,-0.14,1,0
44676,0.074,0.003,1.011,0.059,-1.177,0.122,0.9941,0.0053,-0.0362,0.1024,0.174,-4.194,191.751,0.215,-1.564,2.111,0.000,0.000,0.000,0.429,9.018,2.111,0.006,1.000,0.092,-0.12,0.16,1,0
44694,0.074,0.003,1.012,-0.006,-1.158,0.170,0.9941,0.0051,-0.0361,0.1024,0.160,-4.174,191.754,0.215,-1.564,2.111,0.000,0.000,0.000,0.233,9.109,2.111,-0.012,1.000,0.091,-0.12,0.16,1,0
44704,0.074,0.003,1.011,0.004,-1.015,0.095,0.9941,0.0055,-0.0361,0.1024,0.199,-4.183,191.753,0.215,-1.564,2.111,0.000,0.000,0.000,0.164,9.185,2.111,-0.045,1.000,0.093,-0.11,0.15,1,0
44716,0.074,0.004,1.011,0.024,-0.883,0.097,0.9941,0.0055,-0.0362,0.1024,0.204,-4.196,191.754,0.215,-1.564,2.111,0.000,0.000,0.000,-0.059,9.194,2.111,-0.069,1.000,0.095,-0.11,0.14,1,0
44742,0.075,0.003,1.011,0.204,-0.730,0.059,0.9941,0.0052,-0.0365,0.1024,0.160,-4.226,191.760,0.215,-1.564,2.111,0.000,0.000,0.000,0.100,9.304,2.111,-0.103,1.000,0.097,-0.11,0.14,1,0
44756,0.075,0.003,1.011,0.077,-0.622,0.004,0.9940,0.0051,-0.0367,0.1024,0.149,-4.246,191.761,0.215,-1.564,2.111,0.000,0.000,0.000,0.231,9.333,2.111,-0.107,1.000,0.106,-0.11,0.12,1,0
45260,0.072,0.003,1.011,0.001,2.155,0.059,0.9941,0.0054,-0.0352,0.1026,0.198,-4.078,191.775,42.204,-1.564,2.111,0.000,0.000,0.000,90.000,8.378,2.111,0.954,0.897,0.077,-0.26,0.09,1,0
45465,0.064,0.002,1.011,0.068,2.358,-0.241,0.9942,0.0043,-0.0309,0.1026,0.122,-3.574,191.774,42.312,-1.564,2.111,0.000,0.000,0.000,90.000,6.690,2.111,0.994,0.829,0.126,-0.31,-0.12,1,0
45483,0.063,0.003,1.011,0.077,2.392,-0.169,0.9942,0.0047,-0.0307,0.1025,0.176,-3.559,191.767,42.312,-1.564,2.111,0.000,0.000,0.000,90.000,6.642,2.111,0.995,0.835,0.136,-0.31,-0.12,1,0
45498,0.063,0.004,1.012,0.016,2.583,-0.094,0.9943,0.0049,-0.0305,0.1025,0.197,-3.529,191.764,42.312,-1.564,2.111,0.000,0.000,0.000,90.000,6.599,2.111,0.996,0.821,0.127,-0.31,-0.11,1,0
45520,0.062,0.004,1.011,0.048,2.459,-0.046,0.9943,0.0050,-0.0299,0.1025,0.220,-3.468,191.762,42.312,-1.564,2.111,0.000,0.000,0.000,90.000,6.438,2.111,0.997,0.820,0.114,-0.31,-0.10,1,0
45536,0.061,0.004,1.011,0.132,2.428,0.115,0.9943,0.0048,-0.0296,0.1025,0.204,-3.427,191.764,42.312,-1.564,2.111,0.000,0.000,0.000,90.000,6.264,2.111,0.997,0.826,0.099,-0.31,-0.01,1,0
45554,0.060,0.003,1.012,-0.023,2.416,0.251,0.9943,0.0046,-0.0295,0.1025,0.180,-3.412,191.768,42.312,-1.564,2.111,0.000,0.000,0.000,90.000,6.156,2.111,0.998,0.827,0.080,-0.31,-0.01,1,0
45564,0.060,0.002,1.012,0.042,2.257,0.125,0.9943,0.0042,-0.0292,0.1026,0.136,-3.378,191.774,42.312,-1.564,2.111,0.000,0.000,0.000,90.000,6.080,2.111,0.998,0.836,0.072,-0.31,-0.01,1,0
45592,0.058,0.003,1.012,-0.108,2.242,0.059,0.9943,0.0042,-0.0284,0.1026,0.142,-3.286,191.775,42.312,-1.564,2.111,0.000,0.000,0.000,90.000,5.773,2.111,0.998,0.839,0.096,-0.30,0.54,1,0
45607,0.058,0.002,1.012,0.092,2.195,-0.121,0.9943,0.0039,-0.0282,0.1026,0.119,-3.256,191.776,42.312,-1.564,2.111,0.000,0.000,0.000,90.000,5.645,2.111,0.999,0.836,0.107,-0.29,0.54,1,0
45626,0.057,0.003,1.012,0.159,2.140,-0.323,0.9943,0.0046,-0.0277,0.1025,0.202,-3.210,191.767,42.312,-1.564,2.111,0.000,0.000,0.000,90.000,5.640,2.111,0.999,0.844,0.136,-0.28,0.52,1,0
45647,0.056,0.004,1.012,0.071,2.255,0.135,0.9943,0.0045,-0.0274,0.1025,0.187,-3.173,191.767,42.312,-1.564,2.111,0.000,0.000,0.000,90.000,5.436,2.111,0.999,0.831,0.112,-0.28,0.47,1,0
45672,0.055,0.002,1.012,0.144,2.071,-0.075,0.9943,0.0039,-0.0270,0.1025,0.123,-3.128,191.772,42.312,-1.564,2.111,0.000,0.000,0.000,90.000,5.275,2.111,0.999,0.838,0.101,-0.27,0.29,1,0
45686,0.055,0.002,1.012,-0.092,1.956,-0.008,0.9944,0.0039,-0.0269,0.1025,0.127,-3.108,191.770,42.312,-1.564,2.111,0.000,0.000,0.000,90.000,5.110,2.111,0.999,0.846,0.109,-0.27,0.27,1,0
45695,0.054,0.002,1.012,0.001,1.922,0.045,0.9944,0.0037,-0.0267,0.1025,0.107,-3.086,191.771,42.312,-1.564,2.111,0.000,0.000,0.000,90.000,5.103,2.111,0.999,0.849,0.105,-0.27,0.25,1,0
45713,0.054,0.002,1.012,-0.012,1.842,-0.119,0.9944,0.0038,-0.0264,0.1025,0.125,-3.058,191.770,42.312,-1.564,2.111,0.000,0.000,0.000,90.000,4.971,2.111,1.000,0.857,0.109,-0.26,0.12,1,0
45727,0.053,0.003,1.012,-0.073,1.752,-0.111,0.9944,0.0043,-0.0259,0.1025,0.185,-3.007,191.765,42.312,-1.564,2.111,0.000,0.000,0.000,90.000,4.862,2.111,1.000,0.865,0.116,-0.26,0.12,1,0
45747,0.053,0.003,1.012,0.184,1.708,0.049,0.9944,0.0043,-0.0257,0.1025,0.184,-2.979,191.765,42.312,-1.564,2.111,0.000,0.000,0.000,90.000,4.738,2.111,1.000,0.864,0.107,-0.26,0.12,1,0
45766,0.052,0.003,1.012,0.022,1.661,-0.062,0.9944,0.0043,-0.0253,0.1025,0.188,-2.939,191.765,42.312,-1.564,2.111,0.000,0.000,0.000,90.000,4.623,2.111,1.000,0.865,0.106,-0.26,0.11,1,0
46200,0.045,0.003,1.012,0.054,-0.534,0.175,0.9945,0.0038,-0.0218,0.1026,0.182,-2.534,191.781,42.151,-1.564,2.111,0.000,0.000,0.000,90.000,3.287,2.111,1.000,0.969,0.096,-0.29,-0.15,1,0
46212,0.045,0.003,1.011,0.091,-0.571,0.073,0.9945,0.0036,-0.0219,0.1027,0.156,-2.538,191.785,42.151,-1.564,2.111,0.000,0.000,0.000,90.000,3.204,2.111,1.000,0.959,0.088,-0.29,-0.18,1,0
46233,0.045,0.003,1.011,0.046,-0.970,0.031,0.9945,0.0037,-0.0219,0.1027,0.169,-2.542,191.784,41.989,-1.564,2.111,0.000,0.000,0.000,90.000,3.276,2.111,1.000,0.966,0.099,-0.30,-0.46,1,0
46246,0.045,0.003,1.011,0.051,-0.954,0.074,0.9945,0.0038,-0.0220,0.1027,0.171,-2.547,191.785,41.344,-1.564,2.111,0.000,0.000,0.000,90.000,3.333,2.111,1.000,0.970,0.097,-0.31,-0.46,1,0
46264,0.045,0.003,1.011,0.068,-1.063,-0.011,0.9945,0.0037,-0.0220,0.1027,0.165,-2.548,191.786,41.452,-1.564,2.111,0.000,0.000,0.000,90.000,3.316,2.111,1.000,0.975,0.103,-0.31,-0.43,1,0
46283,0.045,0.003,1.011,0.084,-1.247,0.065,0.9945,0.0040,-0.0223,0.1027,0.198,-2.584,191.785,41.452,-1.564,2.111,0.000,0.000,0.000,90.000,3.395,2.111,1.000,0.979,0.101,-0.32,-0.41,1,0
46522,0.051,0.004,1.011,0.151,-2.138,0.019,0.9944,0.0045,-0.0249,0.1027,0.220,-2.892,191.789,39.140,-1.564,2.111,0.000,0.000,0.000,90.000,4.456,2.111,1.000,0.998,0.113,-0.32,0.62,1,0
46537,0.051,0.003,1.011,0.169,-2.197,0.080,0.9944,0.0041,-0.0252,0.1027,0.172,-2.924,191.793,38.978,-1.564,2.111,0.000,0.000,0.000,90.000,4.480,2.111,1.000,0.998,0.100,-0.31,0.59,1,0
46554,0.052,0.003,1.011,0.087,-2.309,0.042,0.9944,0.0042,-0.0255,0.1027,0.174,-2.959,191.794,38.978,-1.564,2.111,0.000,0.000,0.000,90.000,4.647,2.111,1.000,0.999,0.100,-0.31,0.49,1,0
46567,0.052,0.003,1.011,0.071,-2.314,-0.002,0.9944,0.0041,-0.0256,0.1027,0.167,-2.967,191.794,38.763,-1.564,2.111,0.000,0.000,0.000,90.000,4.652,2.111,1.000,0.999,0.105,-0.31,0.49,1,0
46586,0.053,0.003,1.010,0.130,-2.341,-0.016,0.9944,0.0040,-0.0261,0.1027,0.151,-3.023,191.794,38.763,-1.564,2.111,0.000,0.000,0.000,90.000,4.774,2.111,1.000,0.999,0.110,-0.31,-0.11,1,0
46604,0.054,0.003,1.011,-0.044,-2.316,0.093,0.9943,0.0042,-0.0262,0.1027,0.173,-3.037,191.794,38.710,-1.564,2.111,0.000,0.000,0.000,90.000,4.913,2.111,1.000,0.999,0.103,-0.31,-0.10,1,0
46626,0.054,0.002,1.011,0.216,-2.323,0.067,0.9943,0.0040,-0.0267,0.1028,0.142,-3.086,191.799,37.903,-1.564,2.111,0.000,0.000,0.000,90.000,5.049,2.111,1.000,0.999,0.093,-0.32,-0.14,1,0
46640,0.055,0.003,1.011,0.085,-2.390,-0.021,0.9943,0.0044,-0.0267,0.1028,0.184,-3.100,191.796,37.903,-1.564,2.111,0.000,0.000,0.000,90.000,5.147,2.111,1.000,0.999,0.102,-0.33,-0.51,1,0
46664,0.056,0.003,1.011,0.256,-2.394,-0.067,0.9943,0.0045,-0.0275,0.1028,0.190,-3.187,191.794,37.151,-1.564,2.111,0.000,0.000,0.000,90.000,5.325,2.111,1.000,1.000,0.115,-0.34,-0.48,1,0
46680,0.056,0.003,1.011,0.240,-2.397,-0.057,0.9943,0.0046,-0.0273,0.1027,0.200,-3.186,191.794,37.151,-1.564,2.111,0.000,0.000,0.000,90.000,5.485,2.111,1.000,1.000,0.115,-0.35,-0.46,1,0
46696,0.057,0.003,1.011,0.102,-2.378,0.149,0.9943,0.0044,-0.0278,0.1028,0.173,-3.219,191.797,36.452,-1.564,2.111,0.000,0.000,0.000,90.000,5.600,2.111,1.000,1.000,0.098,-0.36,-0.46,1,0
46720,0.058,0.003,1.011,0.098,-2.418,0.038,0.9943,0.0042,-0.0283,0.1028,0.147,-3.272,191.800,36.344,-1.564,2.111,0.000,0.000,0.000,90.000,5.630,2.111,1.000,1.000,0.099,-0.37,-0.44,1,0
46744,0.059,0.003,1.011,0.163,-2.426,0.017,0.9943,0.0045,-0.0287,0.1028,0.172,-3.322,191.799,35.753,-1.564,2.111,0.000,0.000,0.000,90.000,5.925,2.111,1.000,1.000,0.103,-0.37,-0.41,1,0
46760,0.059,0.003,1.011,0.028,-2.369,0.095,0.9943,0.0046,-0.0289,0.1028,0.184,-3.351,191.799,35.699,-1.564,2.111,0.000,0.000,0.000,90.000,6.068,2.111,1.000,1.000,0.101,-0.38,-0.29,1,0
46776,0.060,0.003,1.011,0.072,-2.366,0.106,0.9943,0.0046,-0.0292,0.1028,0.183,-3.389,191.801,35.054,-1.564,2.111,0.000,0.000,0.000,90.000,6.103,2.111,1.000,1.000,0.095,-0.38,-0.27,1,0
46804,0.061,0.003,1.011,0.130,-2.283,0.023,0.9942,0.0043,-0.0298,0.1028,0.138,-3.449,191.805,35.054,-1.564,2.111,0.000,0.000,0.000,90.000,6.352,2.111,1.000,1.000,0.105,-0.39,-0.26,1,0
47647,0.072,0.004,1.012,0.058,1.593,0.174,0.9940,0.0055,-0.0353,0.1030,0.207,-4.086,191.826,-14.946,-1.564,2.111,0.000,0.000,0.000,-75.518,8.683,2.111,-0.467,0.950,0.083,-0.33,-0.18,1,0
47844,0.066,0.004,1.010,0.362,2.168,-0.207,0.9941,0.0052,-0.0324,0.1030,0.211,-3.760,191.828,-43.495,-0.978,2.111,0.000,0.000,0.000,-90.000,9.203,2.111,-0.929,0.935,0.128,-0.32,0.31,1,0
47856,0.066,0.003,1.011,0.226,2.249,-0.244,0.9941,0.0049,-0.0322,0.1030,0.177,-3.727,191.829,-43.495,-0.978,2.111,0.000,0.000,0.000,-90.000,9.129,2.111,-0.936,0.942,0.137,-0.32,0.26,1,0
47875,0.065,0.003,1.012,0.111,2.614,-0.129,0.9942,0.0047,-0.0317,0.1030,0.156,-3.670,191.827,-43.495,-0.978,2.111,0.000,0.000,0.000,-90.000,9.073,2.111,-0.948,0.933,0.136,-0.32,-0.04,1,0
47897,0.064,0.002,1.011,0.131,2.499,-0.103,0.9942,0.0042,-0.0315,0.1030,0.103,-3.638,191.828,-43.495,-0.978,2.111,0.000,0.000,0.000,-90.000,8.883,2.111,-0.958,0.932,0.123,-0.32,-0.04,1,0
47922,0.063,0.003,1.012,-0.001,2.375,0.116,0.9942,0.0049,-0.0309,0.1030,0.191,-3.583,191.822,-43.495,-0.978,2.111,0.000,0.000,0.000,-90.000,8.673,2.111,-0.967,0.942,0.104,-0.32,-0.05,1,0
47936,0.063,0.004,1.012,0.017,2.348,0.179,0.9942,0.0051,-0.0310,0.1030,0.213,-3.589,191.823,-43.495,-0.978,2.111,0.000,0.000,0.000,-90.000,8.617,2.111,-0.970,0.945,0.089,-0.33,-0.20,1,0
47945,0.062,0.004,1.012,-0.039,2.224,0.007,0.9942,0.0049,-0.0303,0.1030,0.199,-3.507,191.825,-43.495,-0.978,2.111,0.000,0.000,0.000,-90.000,8.459,2.111,-0.974,0.949,0.088,-0.33,-0.20,1,0
47958,0.062,0.004,1.012,-0.006,2.233,0.071,0.9942,0.0052,-0.0299,0.1030,0.243,-3.469,191.823,-43.495,-0.978,2.111,0.000,0.000,0.000,-90.000,8.446,2.111,-0.978,0.955,0.095,-0.33,-0.19,1,0
47975,0.061,0.003,1.012,-0.005,2.279,0.190,0.9942,0.0047,-0.0297,0.1030,0.187,-3.437,191.829,-43.495,-0.978,2.111,0.000,0.000,0.000,-90.000,8.246,2.111,-0.981,0.941,0.083,-0.34,-0.20,1,0
47984,0.061,0.002,1.011,0.243,2.099,0.028,0.9942,0.0041,-0.0297,0.1031,0.116,-3.433,191.834,-43.495,-0.978,2.111,0.000,0.000,0.000,-90.000,8.153,2.111,-0.983,0.945,0.088,-0.34,-0.20,1,0
47996,0.060,0.002,1.012,0.273,2.097,-0.160,0.9942,0.0041,-0.0295,0.1031,0.122,-3.409,191.833,-43.495,-0.978,2.111,0.000,0.000,0.000,-90.000,8.125,2.111,-0.985,0.951,0.108,-0.34,-0.34,1,0
48024,0.059,0.002,1.012,0.098,2.396,0.072,0.9942,0.0041,-0.0290,0.1031,0.126,-3.351,191.831,-43.495,-0.978,2.111,0.000,0.000,0.000,-90.000,7.877,2.111,-0.989,0.926,0.109,-0.35,-0.32,1,0
48042,0.059,0.002,1.011,0.023,2.262,-0.191,0.9943,0.0042,-0.0286,0.1030,0.142,-3.313,191.829,-43.495,-0.978,2.111,0.000,0.000,0.000,-90.000,7.785,2.111,-0.990,0.914,0.119,-0.35,-0.25,1,0
48060,0.058,0.004,1.012,-0.037,2.205,-0.070,0.9943,0.0049,-0.0283,0.1030,0.229,-3.290,191.821,-43.495,-0.978,2.111,0.000,0.000,0.000,-90.000,7.688,2.111,-0.992,0.920,0.125,-0.34,0.23,1,0
48076,0.058,0.003,1.011,0.148,2.175,0.075,0.9943,0.0045,-0.0283,0.1030,0.176,-3.277,191.824,-43.495,-0.978,2.111,0.000,0.000,0.000,-90.000,7.635,2.111,-0.993,0.928,0.111,-0.34,0.22,1,0
48102,0.057,0.003,1.011,-0.019,2.099,0.038,0.9943,0.0045,-0.0277,0.1030,0.190,-3.210,191.825,-43.495,-0.978,2.111,0.000,0.000,0.000,-90.000,7.483,2.111,-0.995,0.936,0.101,-0.34,0.21,1,0
48120,0.056,0.003,1.011,0.023,2.064,0.074,0.9943,0.0041,-0.0273,0.1030,0.144,-3.163,191.830,-43.495,-0.978,2.111,0.000,0.000,0.000,-90.000,7.326,2.111,-0.996,0.934,0.090,-0.34,0.16,1,0
48137,0.056,0.002,1.011,0.014,1.976,0.026,0.9943,0.0039,-0.0274,0.1031,0.121,-3.170,191.831,-43.495,-0.978,2.111,0.000,0.000,0.000,-90.000,7.326,2.111,-0.996,0.937,0.092,-0.34,0.16,1,0
48153,0.055,0.003,1.011,0.032,1.911,0.010,0.9943,0.0043,-0.0268,0.1030,0.178,-3.109,191.827,-43.495,-1.075,2.111,0.000,0.000,0.000,-90.000,6.761,2.111,-0.997,0.918,0.110,-0.34,-0.14,1,0
48562,0.045,0.003,1.012,0.256,-0.069,-0.001,0.9944,0.0036,-0.0223,0.1031,0.153,-2.582,191.836,-43.495,-1.173,2.111,0.000,0.000,0.000,-90.000,4.605,2.111,-1.000,0.965,0.117,-0.35,0.18,1,0
48576,0.045,0.002,1.011,0.168,-0.215,0.037,0.9944,0.0035,-0.0221,0.1031,0.140,-2.561,191.837,-43.495,-1.173,2.111,0.000,0.000,0.000,-90.000,4.605,2.111,-1.000,0.970,0.113,-0.34,0.49,1,0
48598,0.045,0.002,1.012,0.026,-0.258,0.045,0.9944,0.0034,-0.0221,0.1031,0.122,-2.564,191.839,-43.495,-1.222,2.111,0.000,0.000,0.000,-90.000,4.373,2.111,-1.000,0.970,0.105,-0.34,0.47,1,0
48614,0.045,0.002,1.012,0.069,-0.273,0.036,0.9944,0.0034,-0.0220,0.1031,0.126,-2.542,191.839,-43.495,-1.222,2.111,0.000,0.000,0.000,-90.000,4.458,2.111,-1.000,0.966,0.106,-0.33,0.47,1,0
48626,0.045,0.003,1.011,-0.047,-0.500,-0.010,0.9944,0.0038,-0.0220,0.1031,0.171,-2.552,191.837,-43.495,-1.222,2.111,0.000,0.000,0.000,-90.000,4.439,2.111,-1.000,0.972,0.112,-0.32,0.44,1,0
48636,0.045,0.003,1.011,0.044,-0.519,0.087,0.9944,0.0038,-0.0221,0.1031,0.173,-2.567,191.837,-43.495,-1.222,2.111,0.000,0.000,0.000,-90.000,4.449,2.111,-1.000,0.976,0.108,-0.32,0.36,1,0
48666,0.046,0.003,1.011,0.016,-0.678,-0.001,0.9944,0.0039,-0.0223,0.1031,0.179,-2.582,191.838,-43.495,-1.222,2.111,0.000,0.000,0.000,-90.000,4.463,2.111,-1.000,0.982,0.107,-0.33,-0.19,1,0
48846,0.047,0.003,1.011,0.070,-1.662,-0.130,0.9944,0.0039,-0.0233,0.1032,0.173,-2.697,191.842,-43.495,-1.320,2.111,0.000,0.000,0.000,-90.000,4.527,2.111,-1.000,0.996,0.121,-0.28,-0.04,1,0
48866,0.048,0.004,1.011,0.131,-1.677,0.078,0.9944,0.0045,-0.0233,0.1032,0.234,-2.708,191.839,-43.495,-1.320,2.111,0.000,0.000,0.000,-90.000,4.567,2.111,-1.000,0.997,0.118,-0.28,-0.04,1,0
48876,0.048,0.004,1.011,0.078,-1.644,0.071,0.9944,0.0042,-0.0234,0.1032,0.197,-2.721,191.841,-43.495,-1.320,2.111,0.000,0.000,0.000,-90.000,4.615,2.111,-1.000,0.997,0.112,-0.28,-0.04,1,0
48902,0.049,0.003,1.011,0.090,-1.823,-0.000,0.9944,0.0042,-0.0239,0.1032,0.193,-2.768,191.841,-43.495,-1.320,2.111,0.000,0.000,0.000,-90.000,4.806,2.111,-1.000,0.998,0.116,-0.28,-0.03,1,0
48918,0.049,0.002,1.011,0.138,-1.840,0.013,0.9944,0.0039,-0.0238,0.1032,0.159,-2.763,191.843,-43.495,-1.320,2.111,0.000,0.000,0.000,-90.000,4.821,2.111,-1.000,0.998,0.112,-0.28,0.01,1,0
48938,0.049,0.003,1.011,0.050,-1.896,-0.022,0.9944,0.0037,-0.0241,0.1032,0.136,-2.789,191.845,-43.495,-1.320,2.111,0.000,0.000,0.000,-90.000,4.828,2.111,-1.000,0.999,0.111,-0.28,0.01,1,0
48956,0.050,0.003,1.011,0.182,-1.922,0.058,0.9944,0.0039,-0.0243,0.1032,0.162,-2.812,191.843,-43.495,-1.320,2.111,0.000,0.000,0.000,-90.000,4.940,2.111,-1.000,0.999,0.109,-0.28,-0.02,1,0
48974,0.050,0.003,1.011,0.106,-1.940,0.037,0.9943,0.0042,-0.0245,0.1032,0.187,-2.842,191.843,-43.495,-1.320,2.111,0.000,0.000,0.000,-90.000,5.025,2.111,-1.000,0.999,0.106,-0.29,-0.35,1,0
48987,0.051,0.003,1.011,0.094,-2.077,0.029,0.9943,0.0041,-0.0245,0.1032,0.179,-2.847,191.844,-43.495,-1.320,2.111,0.000,0.000,0.000,-90.000,5.131,2.111,-1.000,0.999,0.104,-0.29,-0.35,1,0
49003,0.051,0.003,1.011,0.086,-2.125,0.057,0.9943,0.0043,-0.0248,0.1032,0.193,-2.874,191.844,-43.495,-1.320,2.111,0.000,0.000,0.000,-90.000,5.208,2.111,-1.000,0.999,0.104,-0.30,-0.33,1,0
49022,0.052,0.003,1.011,0.018,-2.106,-0.005,0.9943,0.0040,-0.0252,0.1032,0.157,-2.923,191.846,-43.495,-1.320,2.111,0.000,0.000,0.000,-90.000,5.297,2.111,-1.000,0.999,0.104,-0.30,-0.27,1,0
49044,0.052,0.003,1.011,0.140,-2.167,0.050,0.9943,0.0039,-0.0258,0.1032,0.143,-2.985,191.847,-43.495,-1.320,2.111,0.000,0.000,0.000,-90.000,5.412,2.111,-1.000,1.000,0.106,-0.29,0.13,1,0
49064,0.053,0.003,1.011,0.067,-2.236,0.003,0.9943,0.0042,-0.0258,0.1032,0.169,-2.992,191.847,-43.495,-1.320,2.111,0.000,0.000,0.000,-90.000,5.548,2.111,-1.000,1.000,0.104,-0.29,0.13,1,0
49086,0.054,0.003,1.011,0.129,-2.213,-0.029,0.9943,0.0043,-0.0262,0.1032,0.177,-3.036,191.846,-43.495,-1.320,2.111,0.000,0.000,0.000,-90.000,5.712,2.111,-1.000,1.000,0.112,-0.28,0.16,1,0
49098,0.054,0.003,1.011,0.164,-2.248,0.059,0.9943,0.0044,-0.0265,0.1032,0.187,-3.069,191.846,-43.495,-1.222,2.111,0.000,0.000,0.000,-90.000,6.181,2.111,-1.000,1.000,0.107,-0.27,0.51,1,0
49112,0.054,0.003,1.011,0.105,-2.260,0.058,0.9943,0.0045,-0.0267,0.1032,0.202,-3.100,191.845,-43.495,-1.222,2.111,0.000,0.000,0.000,-90.000,6.181,2.111,-1.000,1.000,0.105,-0.27,0.51,1,0
49131,0.055,0.003,1.011,0.071,-2.305,0.088,0.9943,0.0043,-0.0271,0.1032,0.164,-3.143,191.849,-43.495,-1.222,2.111,0.000,0.000,0.000,-90.000,6.340,2.111,-1.000,1.000,0.098,-0.26,0.46,1,0
49146,0.056,0.003,1.011,0.095,-2.320,0.002,0.9943,0.0042,-0.0272,0.1032,0.154,-3.150,191.850,-43.495,-1.222,2.111,0.000,0.000,0.000,-90.000,6.435,2.111,-1.000,1.000,0.102,-0.25,0.46,1,0
49166,0.057,0.003,1.011,0.096,-2.203,0.040,0.9943,0.0041,-0.0277,0.1032,0.138,-3.207,191.851,-43.495,-1.222,2.111,0.000,0.000,0.000,-90.000,6.545,2.111,-1.000,1.000,0.106,-0.26,0.37,1,0
49587,0.071,0.003,1.011,0.089,-1.128,0.043,0.9940,0.0054,-0.0349,0.1035,0.204,-4.044,191.876,-43.495,-1.222,2.111,0.000,0.000,0.000,-90.000,9.334,2.111,-1.000,1.000,0.113,-0.16,0.28,1,0
49600,0.072,0.003,1.011,0.080,-0.999,0.180,0.9940,0.0051,-0.0351,0.1035,0.163,-4.060,191.881,-43.495,-1.222,2.111,0.000,0.000,0.000,-90.000,9.393,2.111,-1.000,1.000,0.098,-0.16,0.23,1,0
49623,0.072,0.002,1.011,0.103,-0.929,0.082,0.9940,0.0047,-0.0352,0.1035,0.116,-4.066,191.888,-43.495,-1.222,2.111,0.000,0.000,0.000,-90.000,9.422,2.111,-1.000,1.000,0.088,-0.17,-0.12,1,0
49636,0.072,0.002,1.011,0.029,-0.910,-0.038,0.9940,0.0047,-0.0353,0.1035,0.113,-4.079,191.888,-43.495,-1.222,2.111,0.000,0.000,0.000,-90.000,9.533,2.111,-1.000,1.000,0.099,-0.17,-0.11,1,0
49656,0.073,0.003,1.012,0.074,-0.799,0.035,0.9940,0.0049,-0.0355,0.1035,0.141,-4.104,191.887,-43.495,-1.222,2.111,0.000,0.000,0.000,-90.000,9.593,2.111,-1.000,1.000,0.102,-0.17,-0.10,1,0
49675,0.073,0.003,1.012,-0.004,-0.611,0.109,0.9940,0.0056,-0.0357,0.1035,0.214,-4.135,191.883,-43.495,-1.222,2.111,0.000,0.000,0.000,-90.000,9.647,2.111,-1.000,1.000,0.098,-0.17,-0.11,1,0
49884,0.075,0.003,1.011,0.113,0.523,0.052,0.9939,0.0053,-0.0367,0.1036,0.168,-4.242,191.896,-43.495,-1.222,2.111,0.000,0.000,0.000,-90.000,10.011,2.111,-1.000,0.999,0.109,-0.18,0.48,1,0
49902,0.075,0.004,1.012,-0.001,0.682,0.053,0.9939,0.0057,-0.0367,0.1036,0.214,-4.254,191.893,-43.495,-1.222,2.111,0.000,0.000,0.000,-90.000,10.072,2.111,-1.000,0.999,0.102,-0.17,0.37,1,0
49922,0.075,0.003,1.011,0.076,0.732,0.036,0.9939,0.0056,-0.0365,0.1036,0.200,-4.230,191.896,-43.495,-1.222,2.111,0.000,0.000,0.000,-90.000,9.986,2.111,-1.000,0.999,0.098,-0.17,0.36,1,0
49944,0.075,0.003,1.012,0.008,0.764,0.004,0.9939,0.0054,-0.0365,0.1036,0.177,-4.226,191.898,-43.495,-1.222,2.111,0.000,0.000,0.000,-90.000,10.068,2.111,-1.000,0.999,0.105,-0.17,0.30,1,0
49961,0.075,0.003,1.012,0.057,0.910,0.062,0.9939,0.0052,-0.0365,0.1036,0.155,-4.228,191.900,-43.495,-1.222,2.111,0.000,0.000,0.000,-90.000,9.990,2.111,-1.000,0.999,0.104,-0.17,-0.08,1,0
49976,0.075,0.003,1.012,0.060,0.933,0.025,0.9939,0.0052,-0.0365,0.1036,0.157,-4.219,191.900,-43.495,-1.222,2.111,0.000,0.000,0.000,-90.000,9.883,2.111,-1.000,0.999,0.102,-0.17,-0.08,1,0
49992,0.074,0.003,1.012,0.095,1.051,0.038,0.9939,0.0050,-0.0363,0.1037,0.138,-4.200,191.903,-43.495,-1.222,2.111,0.000,0.000,0.000,-90.000,9.890,2.111,-1.000,0.995,0.098,-0.17,-0.11,1,0
50012,0.074,0.003,1.012,0.173,1.051,-0.053,0.9939,0.0052,-0.0362,0.1037,0.165,-4.186,191.901,-43.495,-1.222,2.111,0.000,0.000,0.000,-90.000,9.841,2.111,-1.000,0.996,0.106,-0.18,-0.40,1,0
50026,0.074,0.003,1.012,0.123,1.151,-0.095,0.9939,0.0052,-0.0363,0.1037,0.156,-4.195,191.901,-43.495,-1.222,2.111,0.000,0.000,0.000,-90.000,9.826,2.111,-1.000,0.996,0.115,-0.19,-0.40,1,0
50054,0.073,0.003,1.012,0.075,1.327,-0.033,0.9940,0.0053,-0.0357,0.1036,0.179,-4.135,191.898,-43.495,-1.222,2.111,0.000,0.000,0.000,-90.000,9.773,2.111,-1.000,0.994,0.113,-0.19,-0.35,1,0
50072,0.073,0.003,1.012,-0.011,1.384,-0.050,0.9940,0.0053,-0.0355,0.1036,0.179,-4.113,191.898,-43.495,-1.222,2.111,0.000,0.000,0.000,-90.000,9.599,2.111,-1.000,0.990,0.110,-0.20,-0.21,1,0
50092,0.072,0.003,1.012,0.052,1.462,0.063,0.9940,0.0053,-0.0353,0.1036,0.180,-4.089,191.898,-43.495,-1.222,2.111,0.000,0.000,0.000,-90.000,9.552,2.111,-1.000,0.982,0.104,-0.20,-0.21,1,0
50112,0.072,0.003,1.012,0.056,1.468,0.092,0.9940,0.0054,-0.0352,0.1036,0.195,-4.080,191.899,-43.495,-1.222,2.111,0.000,0.000,0.000,-90.000,9.458,2.111,-1.000,0.982,0.094,-0.21,-0.20,1,0
50124,0.072,0.003,1.012,0.026,1.497,0.042,0.9940,0.0054,-0.0349,0.1037,0.197,-4.047,191.900,-43.495,-1.222,2.111,0.000,0.000,0.000,-90.000,9.335,2.111,-1.000,0.982,0.094,-0.21,-0.18,1,0
50154,0.071,0.004,1.012,0.116,1.615,-0.134,0.9940,0.0055,-0.0345,0.1036,0.215,-4.003,191.897,-43.495,-1.222,2.111,0.000,0.000,0.000,-90.000,9.350,2.111,-1.000,0.983,0.120,-0.21,-0.05,1,0
50166,0.071,0.004,1.012,0.073,1.685,0.006,0.9940,0.0055,-0.0346,0.1036,0.217,-4.012,191.896,-43.495,-1.222,2.111,0.000,0.000,0.000,-90.000,9.326,2.111,-1.000,0.984,0.116,-0.21,-0.05,1,0
50186,0.071,0.003,1.012,0.103,1.813,0.050,0.9940,0.0048,-0.0345,0.1037,0.141,-3.989,191.904,-43.495,-1.222,2.111,0.000,0.000,0.000,-90.000,9.220,2.111,-1.000,0.968,0.096,-0.21,-0.05,1,0
50603,0.057,0.003,1.011,-0.100,1.840,0.006,0.9942,0.0046,-0.0277,0.1037,0.195,-3.218,191.903,-43.495,-1.222,2.111,0.000,0.000,0.000,-90.000,6.734,2.111,-1.000,0.903,0.092,-0.18,0.58,1,0
50616,0.056,0.003,1.011,-0.058,1.803,0.026,0.9942,0.0045,-0.0275,0.1037,0.184,-3.193,191.904,-43.495,-1.173,2.111,0.000,0.000,0.000,-90.000,6.505,2.111,-1.000,0.901,0.095,-0.17,0.55,1,0
50635,0.056,0.003,1.011,0.057,1.703,-0.039,0.9942,0.0042,-0.0272,0.1037,0.153,-3.149,191.905,-43.495,-1.222,2.111,0.000,0.000,0.000,-90.000,6.684,2.111,-1.000,0.913,0.100,-0.17,0.49,1,0
50652,0.055,0.003,1.011,0.000,1.572,-0.073,0.9942,0.0044,-0.0270,0.1037,0.176,-3.124,191.903,-43.495,-1.222,2.111,0.000,0.000,0.000,-90.000,6.510,2.111,-1.000,0.918,0.106,-0.16,0.19,1,0
50665,0.055,0.004,1.011,0.104,1.697,0.069,0.9942,0.0048,-0.0269,0.1037,0.226,-3.122,191.900,-43.495,-1.173,2.111,0.000,0.000,0.000,-90.000,6.289,2.111,-1.000,0.919,0.104,-0.16,0.19,1,0
50683,0.054,0.003,1.012,0.100,1.749,0.177,0.9942,0.0044,-0.0264,0.1037,0.193,-3.062,191.906,-43.495,-1.173,2.111,0.000,0.000,0.000,-90.000,6.334,2.111,-1.000,0.908,0.083,-0.16,0.10,1,0
50703,0.053,0.002,1.012,0.088,1.544,-0.197,0.9943,0.0040,-0.0261,0.1037,0.146,-3.019,191.907,-43.495,-1.173,2.111,0.000,0.000,0.000,-90.000,6.151,2.111,-1.000,0.916,0.108,-0.16,0.10,1,0
50936,0.048,0.003,1.012,-0.022,0.563,0.040,0.9943,0.0038,-0.0236,0.1037,0.148,-2.733,191.909,-43.495,-1.173,2.111,0.000,0.000,0.000,-90.000,5.033,2.111,-1.000,0.935,0.111,-0.23,-0.19,1,0
50954,0.048,0.003,1.012,-0.011,0.554,0.031,0.9943,0.0037,-0.0233,0.1038,0.143,-2.697,191.911,-43.495,-1.173,2.111,0.000,0.000,0.000,-90.000,5.154,2.111,-1.000,0.936,0.107,-0.24,-0.18,1,0
50972,0.048,0.003,1.012,0.087,0.435,0.021,0.9943,0.0037,-0.0232,0.1038,0.145,-2.691,191.911,-43.495,-1.173,2.111,0.000,0.000,0.000,-90.000,5.053,2.111,-1.000,0.944,0.109,-0.24,-0.18,1,0
50995,0.047,0.002,1.012,-0.006,0.249,0.019,0.9943,0.0037,-0.0231,0.1038,0.144,-2.678,191.912,-43.495,-1.173,2.111,0.000,0.000,0.000,-90.000,4.969,2.111,-1.000,0.957,0.107,-0.24,-0.01,1,0
51015,0.047,0.003,1.011,0.117,0.176,-0.023,0.9943,0.0037,-0.0230,0.1038,0.147,-2.667,191.911,-43.495,-1.222,2.111,0.000,0.000,0.000,-90.000,5.010,2.111,-1.000,0.965,0.114,-0.24,-0.01,1,0
51032,0.047,0.003,1.012,0.077,0.010,0.107,0.9943,0.0039,-0.0229,0.1038,0.172,-2.658,191.911,-43.495,-1.173,2.111,0.000,0.000,0.000,-90.000,4.916,2.111,-1.000,0.966,0.107,-0.24,-0.06,1,0
51050,0.047,0.003,1.011,0.099,-0.061,0.126,0.9943,0.0041,-0.0229,0.1038,0.197,-2.663,191.912,-43.495,-1.173,2.111,0.000,0.000,0.000,-90.000,4.940,2.111,-1.000,0.971,0.098,-0.25,-0.06,1,0
51067,0.047,0.003,1.011,0.115,-0.166,0.024,0.9943,0.0037,-0.0229,0.1038,0.152,-2.655,191.916,-43.495,-1.173,2.111,0.000,0.000,0.000,-90.000,4.905,2.111,-1.000,0.976,0.099,-0.26,-0.47,1,0
51084,0.047,0.003,1.012,0.136,-0.276,-0.002,0.9943,0.0036,-0.0230,0.1038,0.140,-2.663,191.916,-43.495,-1.173,2.111,0.000,0.000,0.000,-90.000,4.873,2.111,-1.000,0.980,0.107,-0.27,-0.45,1,0
51103,0.047,0.003,1.011,0.088,-0.355,0.097,0.9943,0.0039,-0.0230,0.1038,0.169,-2.671,191.916,-43.495,-1.222,2.111,0.000,0.000,0.000,-90.000,4.810,2.111,-1.000,0.983,0.105,-0.26,-0.33,1,0
51120,0.047,0.003,1.011,-0.055,-0.287,0.219,0.9943,0.0039,-0.0230,0.1038,0.169,-2.673,191.919,-43.495,-1.222,2.111,0.000,0.000,0.000,-90.000,4.796,2.111,-1.000,0.976,0.088,-0.25,0.48,1,0
51134,0.047,0.002,1.011,0.012,-0.364,0.060,0.9943,0.0036,-0.0231,0.1039,0.133,-2.675,191.923,-43.495,-1.222,2.111,0.000,0.000,0.000,-90.000,4.816,2.111,-1.000,0.977,0.091,-0.25,0.45,1,0
51150,0.047,0.002,1.011,0.098,-0.613,-0.044,0.9943,0.0035,-0.0234,0.1039,0.122,-2.704,191.923,-43.495,-1.222,2.111,0.000,0.000,0.000,-90.000,4.905,2.111,-1.000,0.980,0.105,-0.24,0.45,1,0
51166,0.047,0.003,1.011,0.098,-0.694,-0.135,0.9943,0.0039,-0.0231,0.1038,0.172,-2.682,191.919,-43.495,-1.222,2.111,0.000,0.000,0.000,-90.000,4.825,2.111,-1.000,0.984,0.123,-0.23,0.43,1,0
51194,0.047,0.003,1.011,0.158,-0.801,0.041,0.9943,0.0038,-0.0231,0.1038,0.156,-2.677,191.919,-43.495,-1.222,2.111,0.000,0.000,0.000,-90.000,4.741,2.111,-1.000,0.988,0.110,-0.22,0.34,1,0
51214,0.047,0.003,1.011,0.113,-0.848,0.067,0.9943,0.0036,-0.0231,0.1038,0.136,-2.682,191.921,-43.495,-1.222,2.111,0.000,0.000,0.000,-90.000,4.780,2.111,-1.000,0.990,0.105,-0.22,0.33,1,0
51672,0.058,0.003,1.011,0.221,-1.975,0.045,0.9942,0.0045,-0.0282,0.1041,0.175,-3.267,191.953,-43.495,-1.222,2.111,0.000,0.000,0.000,-90.000,6.786,2.111,-1.000,1.000,0.113,-0.37,-0.58,1,0
51696,0.058,0.002,1.011,0.102,-2.019,0.059,0.9941,0.0042,-0.0287,0.1041,0.134,-3.325,191.957,-43.495,-1.222,2.111,0.000,0.000,0.000,-90.000,6.854,2.111,-1.000,1.000,0.105,-0.37,0.11,1,0
51714,0.059,0.002,1.011,0.146,-2.078,-0.030,0.9941,0.0041,-0.0288,0.1042,0.124,-3.329,191.958,-43.495,-1.222,2.111,0.000,0.000,0.000,-90.000,7.058,2.111,-1.000,1.000,0.111,-0.36,0.10,1,0
51930,0.066,0.003,1.012,0.098,-1.588,0.053,0.9940,0.0050,-0.0322,0.1042,0.188,-3.734,191.963,-43.495,-1.222,2.111,0.000,0.000,0.000,-90.000,8.233,2.111,-1.000,1.000,0.100,-0.37,0.04,1,0
51945,0.066,0.003,1.012,0.188,-1.581,-0.056,0.9940,0.0049,-0.0325,0.1042,0.169,-3.763,191.965,-43.495,-1.222,2.111,0.000,0.000,0.000,-90.000,8.389,2.111,-1.000,1.000,0.106,-0.37,0.01,1,0
51964,0.067,0.004,1.012,-0.026,-1.448,0.130,0.9940,0.0055,-0.0327,0.1042,0.239,-3.792,191.961,-43.495,-1.222,2.111,0.000,0.000,0.000,-90.000,8.521,2.111,-1.000,1.000,0.102,-0.38,-0.21,1,0
51984,0.068,0.003,1.012,0.211,-1.319,-0.021,0.9940,0.0051,-0.0330,0.1042,0.187,-3.825,191.967,-43.495,-1.222,2.111,0.000,0.000,0.000,-90.000,8.602,2.111,-1.000,0.997,0.097,-0.38,-0.20,1,0
51996,0.068,0.004,1.011,0.100,-1.337,-0.071,0.9940,0.0052,-0.0331,0.1042,0.199,-3.831,191.966,-43.495,-1.222,2.111,0.000,0.000,0.000,-90.000,8.655,2.111,-1.000,0.998,0.106,-0.38,-0.19,1,0
52014,0.068,0.003,1.011,0.175,-1.320,-0.075,0.9940,0.0051,-0.0334,0.1042,0.186,-3.865,191.966,-43.495,-1.222,2.111,0.000,0.000,0.000,-90.000,8.794,2.111,-1.000,0.998,0.115,-0.38,-0.14,1,0
52034,0.069,0.004,1.011,0.092,-1.201,0.010,0.9940,0.0056,-0.0338,0.1042,0.238,-3.917,191.961,-43.495,-1.222,2.111,0.000,0.000,0.000,-90.000,8.878,2.111,-1.000,0.998,0.116,-0.38,0.18,1,0
52047,0.069,0.004,1.011,-0.035,-1.080,0.182,0.9940,0.0057,-0.0338,0.1042,0.243,-3.926,191.962,-43.495,-1.222,2.111,0.000,0.000,0.000,-90.000,8.950,2.111,-1.000,0.999,0.100,-0.38,0.18,1,0
52063,0.070,0.004,1.011,0.127,-1.082,0.167,0.9940,0.0053,-0.0340,0.1043,0.200,-3.935,191.969,-43.495,-1.222,2.111,0.000,0.000,0.000,-90.000,8.982,2.111,-1.000,0.999,0.085,-0.38,0.17,1,0
52080,0.070,0.004,1.011,-0.019,-0.990,0.080,0.9939,0.0056,-0.0341,0.1043,0.226,-3.959,191.968,-43.495,-1.320,2.111,0.000,0.000,0.000,-90.000,9.077,2.111,-1.000,0.999,0.092,-0.38,0.11,1,0
52104,0.070,0.003,1.011,0.173,-1.030,-0.064,0.9939,0.0052,-0.0345,0.1043,0.179,-3.995,191.971,-43.495,-1.320,2.111,0.000,0.000,0.000,-90.000,9.124,2.111,-1.000,0.999,0.108,-0.39,-0.32,1,0
52121,0.071,0.004,1.012,0.172,-0.911,-0.094,0.9939,0.0055,-0.0345,0.1042,0.218,-3.998,191.967,-43.495,-1.222,2.111,0.000,0.000,0.000,-90.000,9.201,2.111,-1.000,0.999,0.119,-0.39,-0.31,1,0
52138,0.071,0.004,1.012,0.059,-0.661,0.121,0.9939,0.0057,-0.0347,0.1042,0.233,-4.028,191.966,-43.495,-1.222,2.111,0.000,0.000,0.000,-90.000,9.274,2.111,-1.000,0.999,0.107,-0.39,-0.20,1,0
52154,0.072,0.003,1.011,0.220,-0.607,0.110,0.9939,0.0053,-0.0350,0.1043,0.185,-4.055,191.972,-43.495,-1.222,2.111,0.000,0.000,0.000,-90.000,9.402,2.111,-1.000,1.000,0.094,-0.38,0.58,1,0
52170,0.072,0.003,1.011,0.046,-0.654,-0.106,0.9939,0.0051,-0.0350,0.1043,0.165,-4.045,191.974,-43.495,-1.222,2.111,0.000,0.000,0.000,-90.000,9.373,2.111,-1.000,1.000,0.106,-0.37,0.55,1,0
52186,0.072,0.003,1.011,0.138,-0.604,-0.145,0.9939,0.0053,-0.0352,0.1043,0.181,-4.073,191.971,-43.495,-1.222,2.111,0.000,0.000,0.000,-90.000,9.383,2.111,-1.000,1.000,0.119,-0.36,0.55,1,0
52201,0.072,0.004,1.011,0.151,-0.481,-0.046,0.9939,0.0056,-0.0352,0.1042,0.216,-4.080,191.967,-43.495,-1.222,2.111,0.000,0.000,0.000,-90.000,9.477,2.111,-1.000,1.000,0.119,-0.35,0.52,1,0
52215,0.072,0.004,1.011,-0.065,-0.284,0.052,0.9939,0.0057,-0.0353,0.1042,0.226,-4.087,191.967,-43.495,-1.222,2.111,0.000,0.000,0.000,-90.000,9.580,2.111,-1.000,1.000,0.108,-0.35,0.43,1,0
52675,0.069,0.004,1.012,0.053,1.541,-0.106,0.9940,0.0052,-0.0338,0.1043,0.193,-3.920,191.969,-43.495,-1.222,2.111,0.000,0.000,0.000,-90.000,8.911,2.111,-1.000,0.965,0.115,-0.30,-0.15,1,0
52686,0.069,0.004,1.012,-0.025,1.572,0.050,0.9940,0.0056,-0.0336,0.1042,0.233,-3.898,191.966,-43.495,-1.222,2.111,0.000,0.000,0.000,-90.000,8.953,2.111,-1.000,0.967,0.109,-0.30,-0.15,1,0
52698,0.069,0.004,1.012,0.130,1.574,0.091,0.9940,0.0055,-0.0335,0.1043,0.224,-3.887,191.968,-43.495,-1.222,2.111,0.000,0.000,0.000,-90.000,8.813,2.111,-1.000,0.968,0.098,-0.30,-0.14,1,0
52712,0.069,0.004,1.012,0.173,1.592,0.033,0.9940,0.0053,-0.0335,0.1043,0.200,-3.884,191.970,-43.495,-1.222,2.111,0.000,0.000,0.000,-90.000,8.849,2.111,-1.000,0.971,0.096,-0.30,-0.14,1,0
52724,0.068,0.003,1.012,0.141,1.664,-0.016,0.9940,0.0052,-0.0334,0.1043,0.197,-3.865,191.971,-43.495,-1.222,2.111,0.000,0.000,0.000,-90.000,8.753,2.111,-1.000,0.970,0.099,-0.31,-0.14,1,0
52942,0.062,0.003,1.011,0.212,1.770,-0.069,0.9941,0.0047,-0.0303,0.1043,0.169,-3.515,191.971,-43.495,-1.222,2.111,0.000,0.000,0.000,-90.000,7.672,2.111,-1.000,0.934,0.104,-0.32,0.40,1,0
52967,0.062,0.004,1.012,-0.065,1.928,0.128,0.9941,0.0050,-0.0300,0.1043,0.208,-3.482,191.968,-43.495,-1.222,2.111,0.000,0.000,0.000,-90.000,7.532,2.111,-1.000,0.922,0.101,-0.31,0.38,1,0
52984,0.061,0.003,1.011,0.104,1.748,-0.005,0.9941,0.0044,-0.0299,0.1043,0.140,-3.455,191.974,-43.495,-1.222,2.111,0.000,0.000,0.000,-90.000,7.397,2.111,-1.000,0.930,0.091,-0.30,0.34,1,0
53004,0.061,0.003,1.011,-0.015,1.748,-0.113,0.9941,0.0048,-0.0296,0.1043,0.191,-3.432,191.970,-43.495,-1.222,2.111,0.000,0.000,0.000,-90.000,7.305,2.111,-1.000,0.940,0.111,-0.30,0.18,1,0
53018,0.060,0.003,1.011,0.117,1.729,-0.100,0.9941,0.0045,-0.0294,0.1043,0.163,-3.400,191.970,-43.495,-1.222,2.111,0.000,0.000,0.000,-90.000,7.291,2.111,-1.000,0.943,0.117,-0.30,0.17,1,0
53035,0.060,0.004,1.011,0.045,1.696,-0.102,0.9941,0.0051,-0.0291,0.1042,0.234,-3.381,191.963,-43.495,-1.222,2.111,0.000,0.000,0.000,-90.000,7.116,2.111,-1.000,0.945,0.121,-0.29,0.16,1,0
53057,0.059,0.004,1.011,-0.061,1.843,0.158,0.9941,0.0048,-0.0287,0.1042,0.203,-3.326,191.967,-43.495,-1.222,2.111,0.000,0.000,0.000,-90.000,7.076,2.111,-1.000,0.932,0.097,-0.28,0.26,1,0
53074,0.058,0.003,1.011,0.065,1.761,0.095,0.9941,0.0045,-0.0286,0.1043,0.171,-3.315,191.971,-43.495,-1.222,2.111,0.000,0.000,0.000,-90.000,6.902,2.111,-1.000,0.931,0.086,-0.26,1.21,1,0
53096,0.058,0.003,1.011,0.045,1.623,-0.071,0.9941,0.0043,-0.0284,0.1043,0.146,-3.288,191.973,-43.495,-1.222,2.111,0.000,0.000,0.000,-90.000,6.879,2.111,-1.000,0.939,0.099,-0.24,1.16,1,0
53104,0.058,0.003,1.011,0.136,1.564,0.002,0.9941,0.0043,-0.0281,0.1043,0.154,-3.251,191.972,-43.495,-1.222,2.111,0.000,0.000,0.000,-90.000,6.833,2.111,-1.000,0.945,0.103,-0.23,1.16,1,0
53116,0.057,0.003,1.011,0.160,1.560,0.015,0.9941,0.0045,-0.0280,0.1043,0.183,-3.241,191.971,-43.495,-1.222,2.111,0.000,0.000,0.000,-90.000,6.724,2.111,-1.000,0.947,0.103,-0.22,0.99,1,0
53131,0.057,0.004,1.011,-0.093,1.598,0.059,0.9941,0.0047,-0.0277,0.1043,0.209,-3.209,191.970,-43.495,-1.222,2.111,0.000,0.000,0.000,-90.000,6.617,2.111,-1.000,0.946,0.101,-0.22,-0.02,1,0
53145,0.057,0.003,1.011,0.057,1.592,0.083,0.9942,0.0044,-0.0275,0.1043,0.173,-3.189,191.973,-43.495,-1.222,2.111,0.000,0.000,0.000,-90.000,6.652,2.111,-1.000,0.938,0.096,-0.22,-0.02,1,0
53162,0.056,0.003,1.011,0.111,1.442,-0.153,0.9942,0.0042,-0.0274,0.1043,0.148,-3.173,191.974,-43.495,-1.222,2.111,0.000,0.000,0.000,-90.000,6.496,2.111,-1.000,0.942,0.108,-0.22,-0.01,1,0
53182,0.055,0.003,1.011,0.102,1.367,-0.027,0.9942,0.0045,-0.0270,0.1043,0.190,-3.126,191.969,-43.495,-1.222,2.111,0.000,0.000,0.000,-90.000,6.338,2.111,-1.000,0.949,0.118,-0.22,0.04,1,0
53200,0.055,0.003,1.012,0.055,1.426,0.243,0.9942,0.0047,-0.0268,0.1043,0.210,-3.110,191.971,-43.495,-1.222,2.111,0.000,0.000,0.000,-90.000,6.253,2.111,-1.000,0.943,0.093,-0.21,0.49,1,0
53218,0.055,0.003,1.011,-0.055,1.364,0.113,0.9942,0.0042,-0.0267,0.1043,0.164,-3.093,191.976,-43.495,-1.222,2.111,0.000,0.000,0.000,-90.000,6.189,2.111,-1.000,0.939,0.082,-0.20,0.47,1,0
53240,0.054,0.003,1.012,0.121,1.141,-0.043,0.9942,0.0042,-0.0263,0.1043,0.165,-3.054,191.977,-43.495,-1.222,2.111,0.000,0.000,0.000,-90.000,6.114,2.111,-1.000,0.951,0.103,-0.19,0.45,1,0
53703,0.049,0.003,1.012,-0.023,-0.836,0.123,0.9942,0.0040,-0.0237,0.1044,0.172,-2.754,191.987,-43.495,-1.222,2.111,0.000,0.000,0.000,-90.000,5.078,2.111,-1.000,0.995,0.077,-0.18,0.00,1,0
53722,0.049,0.003,1.011,0.110,-0.974,-0.014,0.9942,0.0038,-0.0238,0.1044,0.149,-2.757,191.988,-43.495,-1.222,2.111,0.000,0.000,0.000,-90.000,5.121,2.111,-1.000,0.996,0.095,-0.19,-0.53,1,0
53736,0.049,0.003,1.011,0.026,-0.979,-0.055,0.9942,0.0041,-0.0240,0.1044,0.179,-2.780,191.986,-43.495,-1.222,2.111,0.000,0.000,0.000,-90.000,5.069,2.111,-1.000,0.997,0.108,-0.20,-0.50,1,0
53753,0.049,0.003,1.011,0.075,-0.976,0.022,0.9942,0.0041,-0.0239,0.1044,0.187,-2.773,191.986,-43.495,-1.173,2.111,0.000,0.000,0.000,-90.000,5.342,2.111,-1.000,0.997,0.107,-0.20,-0.46,1,0
54020,0.054,0.003,1.011,0.036,-1.689,0.033,0.9942,0.0045,-0.0263,0.1045,0.193,-3.049,191.994,-8.011,-1.564,2.111,0.000,0.000,0.000,-53.012,5.236,2.111,-0.672,0.938,0.107,-0.25,-0.05,1,0
54036,0.054,0.003,1.011,0.180,-1.830,0.077,0.9942,0.0046,-0.0265,0.1045,0.202,-3.077,191.994,-6.882,-1.564,2.111,0.000,0.000,0.000,-39.381,5.292,2.111,-0.451,0.946,0.098,-0.25,-0.08,1,0
54056,0.055,0.003,1.011,0.072,-1.790,0.073,0.9942,0.0043,-0.0265,0.1045,0.172,-3.073,191.997,-3.925,-1.564,2.111,0.000,0.000,0.000,-33.830,5.299,2.111,-0.286,0.952,0.095,-0.26,-0.08,1,0
54082,0.056,0.003,1.012,0.109,-1.774,-0.098,0.9941,0.0043,-0.0271,0.1045,0.167,-3.143,191.997,-1.290,-1.564,2.111,0.000,0.000,0.000,-10.502,5.576,2.111,0.088,0.966,0.110,-0.27,-0.36,1,0
54104,0.056,0.004,1.012,0.009,-1.798,0.183,0.9941,0.0046,-0.0273,0.1045,0.198,-3.161,191.996,-0.215,-1.564,2.111,0.000,0.000,0.000,-2.299,5.775,2.111,0.284,0.974,0.099,-0.27,-0.32,1,0
54116,0.057,0.003,1.012,0.184,-1.702,0.262,0.9941,0.0044,-0.0277,0.1045,0.165,-3.210,192.000,-0.215,-1.564,2.111,0.000,0.000,0.000,-2.305,5.670,2.111,0.366,0.977,0.083,-0.27,-0.12,1,0
54134,0.058,0.003,1.011,0.116,-1.865,0.073,0.9941,0.0043,-0.0280,0.1046,0.159,-3.249,192.004,-0.054,-1.564,2.111,0.000,0.000,0.000,-2.011,5.758,2.111,0.449,0.980,0.084,-0.28,-0.12,1,0
54164,0.058,0.003,1.011,0.039,-1.718,0.093,0.9941,0.0044,-0.0284,0.1046,0.156,-3.289,192.006,0.000,-1.564,2.111,0.000,0.000,0.000,-1.284,5.958,2.111,0.389,0.986,0.095,-0.28,-0.11,1,0
54182,0.059,0.003,1.011,0.074,-1.808,0.031,0.9941,0.0044,-0.0289,0.1046,0.160,-3.343,192.006,0.000,-1.564,2.111,0.000,0.000,0.000,-0.855,6.029,2.111,0.308,0.988,0.101,-0.28,-0.07,1,0
54201,0.059,0.003,1.011,0.048,-1.804,0.110,0.9941,0.0045,-0.0290,0.1046,0.167,-3.354,192.007,0.000,-1.564,2.111,0.000,0.000,0.000,-0.930,6.316,2.111,0.213,0.990,0.101,-0.28,-0.07,1,0
54214,0.060,0.002,1.009,0.147,-1.689,0.072,0.9941,0.0044,-0.0290,0.1046,0.154,-3.355,192.009,0.108,-1.564,2.111,0.000,0.000,0.000,-0.927,5.980,2.111,0.127,0.989,0.099,-0.28,-0.07,1,0
54232,0.061,0.003,1.008,0.066,-1.729,-0.003,0.9941,0.0045,-0.0292,0.1046,0.162,-3.383,192.009,0.108,-1.564,2.111,0.000,0.000,0.000,-0.306,6.348,2.111,0.082,0.989,0.106,-0.28,-0.11,1,0
54247,0.059,0.003,1.013,0.081,-1.757,0.123,0.9941,0.0048,-0.0289,0.1046,0.206,-3.347,192.007,0.108,-1.564,2.111,0.000,0.000,0.000,-0.390,6.393,2.111,0.042,0.990,0.103,-0.29,-0.11,1,0
54267,0.061,0.003,1.012,0.012,-1.612,0.235,0.9941,0.0044,-0.0296,0.1047,0.141,-3.428,192.017,0.215,-1.564,2.111,0.000,0.000,0.000,-0.265,6.521,2.111,-0.034,0.992,0.079,-0.29,-0.11,1,0
54707,0.070,0.003,1.011,0.161,-0.100,-0.120,0.9939,0.0049,-0.0343,0.1047,0.142,-3.973,192.022,0.215,-1.564,2.111,0.000,0.000,0.000,0.423,8.342,2.111,-0.330,0.999,0.136,-0.29,-0.28,1,0
54722,0.071,0.003,1.011,0.229,-0.096,-0.003,0.9939,0.0051,-0.0344,0.1047,0.169,-3.981,192.019,0.215,-1.564,2.111,0.000,0.000,0.000,0.403,8.564,2.111,-0.334,0.999,0.130,-0.29,-0.27,1,0
54745,0.071,0.002,1.011,0.041,0.035,0.101,0.9939,0.0048,-0.0346,0.1047,0.130,-4.004,192.023,0.215,-1.564,2.111,0.000,0.000,0.000,0.471,8.518,2.111,-0.329,0.999,0.109,-0.29,-0.21,1,0
54758,0.071,0.003,1.011,-0.014,0.045,0.118,0.9939,0.0051,-0.0345,0.1047,0.171,-3.995,192.022,0.215,-1.564,2.111,0.000,0.000,0.000,0.388,8.455,2.111,-0.315,0.999,0.099,-0.29,0.14,1,0
54776,0.071,0.002,1.011,0.122,0.062,0.010,0.9939,0.0049,-0.0345,0.1047,0.140,-3.991,192.026,0.215,-1.564,2.111,0.000,0.000,0.000,0.523,8.517,2.111,-0.324,0.999,0.102,-0.29,0.13,1,0
54986,0.070,0.002,1.011,-0.120,0.978,0.131,0.9939,0.0047,-0.0341,0.1048,0.123,-3.942,192.034,0.215,-1.564,2.111,0.000,0.000,0.000,0.456,8.192,2.111,-0.293,0.980,0.097,-0.27,0.42,1,0
55004,0.069,0.003,1.012,0.021,1.018,0.102,0.9939,0.0049,-0.0339,0.1048,0.157,-3.922,192.033,0.215,-1.564,2.111,0.000,0.000,0.000,0.311,8.234,2.111,-0.297,0.981,0.090,-0.26,0.40,1,0
55018,0.069,0.003,1.012,0.017,1.062,0.046,0.9939,0.0047,-0.0337,0.1048,0.136,-3.901,192.036,0.215,-1.564,2.111,0.000,0.000,0.000,0.330,8.227,2.111,-0.305,0.983,0.091,-0.26,0.37,1,0
55042,0.069,0.003,1.012,0.139,1.183,-0.068,0.9939,0.0052,-0.0337,0.1048,0.183,-3.898,192.032,0.215,-1.564,2.111,0.000,0.000,0.000,0.406,8.240,2.111,-0.313,0.978,0.107,-0.25,0.35,1,0
55056,0.069,0.003,1.011,0.087,1.163,-0.016,0.9939,0.0050,-0.0336,0.1048,0.165,-3.892,192.033,0.215,-1.564,2.111,0.000,0.000,0.000,0.302,8.153,2.111,-0.317,0.980,0.108,-0.25,0.35,1,0
55072,0.069,0.003,1.011,0.117,1.306,-0.078,0.9939,0.0050,-0.0335,0.1048,0.165,-3.883,192.033,0.215,-1.564,2.111,0.000,0.000,0.000,0.326,8.168,2.111,-0.318,0.982,0.113,-0.24,0.33,1,0
55084,0.068,0.002,1.011,0.029,1.352,0.004,0.9939,0.0047,-0.0333,0.1048,0.139,-3.854,192.034,0.215,-1.564,2.111,0.000,0.000,0.000,0.265,8.044,2.111,-0.319,0.971,0.110,-0.23,0.32,1,0
55103,0.068,0.002,1.011,-0.007,1.301,0.018,0.9939,0.0045,-0.0332,0.1048,0.119,-3.843,192.036,0.215,-1.564,2.111,0.000,0.000,0.000,0.555,7.964,2.111,-0.307,0.973,0.105,-0.23,0.34,1,0
55116,0.068,0.002,1.011,-0.015,1.428,-0.016,0.9939,0.0045,-0.0331,0.1048,0.120,-3.827,192.035,0.215,-1.564,2.111,0.000,0.000,0.000,0.401,7.956,2.111,-0.297,0.971,0.105,-0.22,0.32,1,0
55143,0.067,0.003,1.011,0.046,1.409,0.100,0.9939,0.0050,-0.0329,0.1048,0.171,-3.808,192.034,0.215,-1.564,2.111,0.000,0.000,0.000,0.245,7.853,2.111,-0.314,0.968,0.096,-0.22,0.26,1,0
55162,0.067,0.003,1.011,0.044,1.382,0.048,0.9939,0.0051,-0.0326,0.1048,0.194,-3.774,192.034,0.215,-1.564,2.111,0.000,0.000,0.000,0.227,7.767,2.111,-0.325,0.970,0.095,-0.22,-0.11,1,0
55177,0.066,0.003,1.011,0.123,1.317,-0.051,0.9939,0.0048,-0.0323,0.1048,0.160,-3.740,192.036,0.215,-1.564,2.111,0.000,0.000,0.000,0.202,7.630,2.111,-0.328,0.973,0.106,-0.23,-0.11,1,0
55192,0.066,0.003,1.011,0.135,1.363,-0.038,0.9939,0.0049,-0.0323,0.1048,0.173,-3.745,192.034,0.215,-1.564,2.111,0.000,0.000,0.000,0.236,7.614,2.111,-0.329,0.976,0.111,-0.22,-0.03,1,0
55211,0.066,0.003,1.011,-0.057,1.680,0.189,0.9940,0.0049,-0.0321,0.1048,0.174,-3.717,192.036,0.215,-1.564,2.111,0.000,0.000,0.000,0.349,7.507,2.111,-0.322,0.956,0.097,-0.21,0.61,1,0
55226,0.065,0.002,1.011,0.024,1.684,0.091,0.9940,0.0045,-0.0320,0.1049,0.126,-3.704,192.042,0.215,-1.564,2.111,0.000,0.000,0.000,0.475,7.536,2.111,-0.309,0.934,0.087,-0.20,0.61,1,0
55246,0.065,0.002,1.011,-0.014,1.514,-0.184,0.9940,0.0047,-0.0318,0.1049,0.151,-3.684,192.039,0.215,-1.564,2.111,0.000,0.000,0.000,0.468,7.389,2.111,-0.297,0.938,0.113,-0.19,0.58,1,0
55262,0.065,0.003,1.011,0.068,1.535,-0.161,0.9940,0.0047,-0.0317,0.1048,0.159,-3.666,192.036,0.215,-1.564,2.111,0.000,0.000,0.000,0.287,7.271,2.111,-0.298,0.948,0.127,-0.19,0.54,1,0
55276,0.064,0.003,1.011,0.120,1.680,-0.051,0.9940,0.0050,-0.0313,0.1048,0.194,-3.626,192.032,0.215,-1.564,2.111,0.000,0.000,0.000,0.167,7.319,2.111,-0.321,0.938,0.125,-0.18,0.34,1,0
55721,0.053,0.003,1.011,-0.017,0.913,-0.066,0.9941,0.0043,-0.0256,0.1049,0.177,-2.974,192.037,13.817,-1.564,2.111,0.000,0.000,0.000,58.184,4.982,2.111,-0.092,0.901,0.105,-0.20,0.33,1,0
55744,0.052,0.003,1.011,0.007,0.839,-0.131,0.9942,0.0043,-0.0255,0.1048,0.187,-2.954,192.034,26.452,-1.564,2.111,0.000,0.000,0.000,90.000,4.700,2.111,0.108,0.908,0.117,-0.21,-0.47,1,0
55756,0.052,0.003,1.011,-0.017,0.842,-0.136,0.9942,0.0044,-0.0253,0.1048,0.173,-2.924,192.034,28.548,-1.564,2.111,0.000,0.000,0.000,90.000,4.700,2.111,0.160,0.902,0.120,-0.21,-0.47,1,0
55776,0.051,0.004,1.011,0.296,0.899,-0.131,0.9942,0.0047,-0.0250,0.1048,0.232,-2.910,192.026,33.763,-1.564,2.111,0.000,0.000,0.000,90.000,4.624,2.111,0.367,0.882,0.127,-0.22,-0.45,1,0
55975,0.049,0.003,1.011,0.029,-0.001,0.032,0.9942,0.0042,-0.0238,0.1049,0.190,-2.761,192.040,42.312,-1.564,2.111,0.000,0.000,0.000,90.000,4.079,2.111,0.916,0.923,0.114,-0.24,-0.20,1,0
55986,0.049,0.004,1.010,-0.111,-0.036,0.092,0.9942,0.0045,-0.0239,0.1049,0.225,-2.776,192.039,42.312,-1.564,2.111,0.000,0.000,0.000,90.000,4.056,2.111,0.924,0.931,0.108,-0.24,-0.20,1,0
56006,0.049,0.004,1.011,0.063,-0.089,0.215,0.9942,0.0044,-0.0239,0.1049,0.217,-2.776,192.043,42.312,-1.564,2.111,0.000,0.000,0.000,90.000,3.985,2.111,0.939,0.940,0.086,-0.25,-0.48,1,0
56025,0.048,0.003,1.011,0.277,-0.084,0.041,0.9942,0.0039,-0.0237,0.1050,0.165,-2.746,192.049,42.312,-1.564,2.111,0.000,0.000,0.000,90.000,3.905,2.111,0.949,0.937,0.092,-0.26,-0.46,1,0
56043,0.049,0.002,1.011,0.350,-0.510,0.006,0.9942,0.0035,-0.0239,0.1050,0.108,-2.763,192.052,42.312,-1.564,2.111,0.000,0.000,0.000,90.000,4.019,2.111,0.958,0.946,0.102,-0.27,-0.46,1,0
56063,0.049,0.002,1.011,0.140,-0.420,-0.105,0.9942,0.0034,-0.0238,0.1050,0.102,-2.756,192.051,42.312,-1.564,2.111,0.000,0.000,0.000,90.000,3.975,2.111,0.966,0.954,0.121,-0.29,-0.66,1,0
56078,0.048,0.002,1.011,0.012,-0.360,0.024,0.9942,0.0034,-0.0238,0.1050,0.099,-2.750,192.051,42.312,-1.564,2.111,0.000,0.000,0.000,90.000,3.939,2.111,0.969,0.954,0.119,-0.29,-0.63,1,0
56096,0.048,0.002,1.011,-0.018,-0.451,-0.124,0.9942,0.0036,-0.0237,0.1049,0.125,-2.742,192.049,42.312,-1.564,2.111,0.000,0.000,0.000,90.000,3.879,2.111,0.976,0.955,0.120,-0.31,-0.60,1,0
56116,0.048,0.003,1.012,-0.002,-0.509,-0.034,0.9942,0.0042,-0.0236,0.1049,0.195,-2.735,192.044,42.312,-1.564,2.111,0.000,0.000,0.000,90.000,3.888,2.111,0.980,0.959,0.120,-0.32,-0.54,1,0
56137,0.048,0.004,1.011,0.179,-0.666,0.197,0.9942,0.0044,-0.0236,0.1049,0.219,-2.738,192.044,42.312,-1.564,2.111,0.000,0.000,0.000,90.000,3.893,2.111,0.983,0.965,0.099,-0.32,-0.28,1,0
56152,0.049,0.003,1.012,0.164,-0.751,0.117,0.9942,0.0041,-0.0236,0.1050,0.183,-2.741,192.050,42.312,-1.564,2.111,0.000,0.000,0.000,90.000,3.990,2.111,0.986,0.971,0.084,-0.33,-0.26,1,0
56171,0.049,0.003,1.012,0.221,-0.900,0.082,0.9942,0.0039,-0.0238,0.1050,0.158,-2.760,192.053,42.312,-1.564,2.111,0.000,0.000,0.000,90.000,3.987,2.111,0.988,0.976,0.090,-0.33,-0.26,1,0
56192,0.049,0.002,1.012,0.111,-1.054,-0.060,0.9942,0.0035,-0.0240,0.1050,0.114,-2.773,192.055,42.312,-1.564,2.111,0.000,0.000,0.000,90.000,3.991,2.111,0.990,0.980,0.107,-0.34,-0.26,1,0
56206,0.049,0.002,1.012,-0.062,-0.915,0.103,0.9942,0.0037,-0.0239,0.1050,0.132,-2.768,192.054,42.312,-1.564,2.111,0.000,0.000,0.000,90.000,3.989,2.111,0.992,0.981,0.107,-0.34,-0.36,1,0
56222,0.049,0.003,1.012,0.002,-0.956,0.024,0.9942,0.0039,-0.0239,0.1050,0.152,-2.772,192.054,42.312,-1.564,2.111,0.000,0.000,0.000,90.000,4.025,2.111,0.993,0.979,0.103,-0.35,-0.34,1,0
56244,0.050,0.003,1.012,0.079,-1.095,0.016,0.9942,0.0042,-0.0241,0.1050,0.184,-2.792,192.052,42.312,-1.564,2.111,0.000,0.000,0.000,90.000,4.080,2.111,0.994,0.983,0.110,-0.34,-0.27,1,0
56264,0.050,0.003,1.012,0.158,-1.131,0.111,0.9942,0.0040,-0.0243,0.1050,0.162,-2.821,192.055,42.312,-1.564,2.111,0.000,0.000,0.000,90.000,4.149,2.111,0.996,0.986,0.100,-0.34,0.29,1,0
56283,0.050,0.003,1.012,0.179,-1.264,0.092,0.9942,0.0041,-0.0243,0.1050,0.175,-2.819,192.056,42.312,-1.564,2.111,0.000,0.000,0.000,90.000,4.168,2.111,0.996,0.988,0.097,-0.33,0.28,1,0
56726,0.061,0.003,1.011,0.186,-1.730,0.003,0.9940,0.0046,-0.0300,0.1051,0.161,-3.471,192.070,42.312,-1.564,2.111,0.000,0.000,0.000,90.000,6.199,2.111,1.000,1.000,0.104,-0.34,-0.44,1,0
56745,0.062,0.004,1.012,0.139,-1.671,-0.036,0.9940,0.0049,-0.0301,0.1051,0.196,-3.490,192.067,42.312,-1.564,2.111,0.000,0.000,0.000,90.000,6.443,2.111,1.000,1.000,0.111,-0.35,-0.42,1,0
56763,0.062,0.004,1.012,0.102,-1.612,0.065,0.9940,0.0052,-0.0304,0.1051,0.222,-3.528,192.066,42.312,-1.564,2.111,0.000,0.000,0.000,90.000,6.523,2.111,1.000,1.000,0.105,-0.35,-0.39,1,0
56780,0.063,0.003,1.011,0.107,-1.525,0.093,0.9940,0.0049,-0.0308,0.1051,0.182,-3.569,192.071,42.312,-1.564,2.111,0.000,0.000,0.000,90.000,6.595,2.111,1.000,1.000,0.096,-0.36,-0.33,1,0
56794,0.063,0.003,1.011,0.004,-1.548,0.049,0.9940,0.0048,-0.0308,0.1052,0.177,-3.566,192.072,42.312,-1.564,2.111,0.000,0.000,0.000,90.000,6.723,2.111,1.000,1.000,0.097,-0.36,-0.31,1,0
57006,0.068,0.003,1.011,-0.011,-0.907,-0.032,0.9939,0.0051,-0.0334,0.1052,0.175,-3.866,192.079,42.312,-1.564,2.111,0.000,0.000,0.000,90.000,7.594,2.111,1.000,1.000,0.108,-0.43,-0.08,1,0
57026,0.069,0.003,1.012,0.128,-0.873,0.005,0.9939,0.0049,-0.0337,0.1052,0.154,-3.896,192.080,42.312,-1.564,2.111,0.000,0.000,0.000,90.000,7.739,2.111,1.000,1.000,0.115,-0.42,-0.02,1,0
57038,0.069,0.003,1.012,0.131,-0.779,-0.024,0.9939,0.0050,-0.0339,0.1052,0.156,-3.921,192.080,42.312,-1.564,2.111,0.000,0.000,0.000,90.000,7.783,2.111,1.000,1.000,0.116,-0.41,0.44,1,0
57058,0.070,0.003,1.011,0.125,-0.694,0.063,0.9939,0.0051,-0.0339,0.1052,0.174,-3.927,192.080,42.312,-1.564,2.111,0.000,0.000,0.000,90.000,7.905,2.111,1.000,1.000,0.111,-0.41,0.42,1,0
57080,0.070,0.003,1.012,0.077,-0.604,0.046,0.9938,0.0053,-0.0341,0.1052,0.193,-3.954,192.079,42.312,-1.564,2.111,0.000,0.000,0.000,90.000,8.015,2.111,1.000,1.000,0.108,-0.40,0.39,1,0
57104,0.070,0.003,1.012,0.076,-0.534,0.057,0.9938,0.0050,-0.0345,0.1052,0.157,-3.989,192.084,42.312,-1.564,2.111,0.000,0.000,0.000,90.000,8.056,2.111,1.000,1.000,0.103,-0.39,0.28,1,0
57116,0.071,0.003,1.012,0.103,-0.481,0.030,0.9938,0.0051,-0.0345,0.1052,0.160,-3.988,192.084,42.312,-1.564,2.111,0.000,0.000,0.000,90.000,8.084,2.111,1.000,1.000,0.104,-0.39,0.27,1,0
57136,0.071,0.003,1.011,0.017,-0.389,0.095,0.9938,0.0055,-0.0346,0.1052,0.205,-4.011,192.082,40.484,-1.564,2.111,0.000,0.000,0.000,90.000,8.139,2.111,1.000,1.000,0.101,-0.38,0.26,1,0
57161,0.071,0.003,1.011,0.112,-0.284,0.017,0.9938,0.0051,-0.0346,0.1053,0.159,-4.005,192.087,34.624,-1.564,2.111,0.000,0.000,0.000,90.000,8.291,2.111,1.000,1.000,0.103,-0.38,0.21,1,0
57178,0.071,0.003,1.011,0.080,-0.269,0.004,0.9938,0.0051,-0.0346,0.1053,0.158,-4.008,192.087,34.624,-1.564,2.111,0.000,0.000,0.000,90.000,8.291,2.111,1.000,1.000,0.104,-0.38,0.21,1,0
57202,0.071,0.003,1.011,0.117,-0.141,0.023,0.9938,0.0051,-0.0348,0.1053,0.157,-4.022,192.089,24.032,-1.564,2.111,0.000,0.000,0.000,90.000,8.400,2.111,1.000,1.000,0.105,-0.39,-0.11,1,0
57224,0.071,0.003,1.011,0.058,-0.071,0.003,0.9938,0.0052,-0.0349,0.1053,0.177,-4.039,192.088,16.882,-1.564,2.111,0.000,0.000,0.000,90.000,8.572,2.111,1.000,1.000,0.109,-0.38,-0.05,1,0
57238,0.072,0.003,1.011,0.101,0.016,0.006,0.9938,0.0052,-0.0349,0.1053,0.172,-4.041,192.088,16.022,-1.564,2.111,0.000,0.000,0.000,90.000,8.572,2.111,1.000,1.000,0.109,-0.38,0.39,1,0
57256,0.072,0.003,1.011,0.056,0.146,-0.028,0.9938,0.0052,-0.0349,0.1053,0.173,-4.038,192.088,7.581,-1.564,2.111,0.000,0.000,0.000,67.383,8.684,2.111,1.000,1.000,0.112,-0.37,0.37,1,0
57272,0.072,0.003,1.011,0.032,0.157,-0.034,0.9938,0.0053,-0.0350,0.1053,0.184,-4.057,192.087,4.731,-1.564,2.111,0.000,0.000,0.000,41.329,8.625,2.111,0.808,1.000,0.114,-0.37,0.37,1,0
57290,0.072,0.003,1.011,0.034,0.263,0.031,0.9938,0.0055,-0.0350,0.1053,0.209,-4.061,192.086,0.215,-1.564,2.111,0.000,0.000,0.000,0.000,8.715,2.111,0.390,1.000,0.106,-0.38,-0.44,1,0
57305,0.072,0.003,1.011,0.084,0.305,0.075,0.9938,0.0054,-0.0349,0.1053,0.192,-4.047,192.088,0.215,-1.564,2.111,0.000,0.000,0.000,0.111,8.753,2.111,0.207,1.000,0.101,-0.38,-0.44,1,0
57771,0.064,0.003,1.011,0.051,1.733,0.053,0.9939,0.0047,-0.0314,0.1054,0.153,-3.630,192.103,0.108,-1.564,2.111,0.000,0.000,0.000,-0.253,7.211,2.111,-0.303,0.907,0.095,-0.30,-0.07,1,0
57786,0.064,0.003,1.012,0.025,1.634,-0.173,0.9939,0.0047,-0.0311,0.1054,0.159,-3.603,192.102,0.108,-1.564,2.111,0.000,0.000,0.000,-0.289,7.151,2.111,-0.302,0.904,0.109,-0.30,-0.07,1,0
57806,0.063,0.004,1.012,-0.016,1.718,-0.082,0.9939,0.0053,-0.0309,0.1054,0.227,-3.582,192.094,0.108,-1.564,2.111,0.000,0.000,0.000,0.000,7.048,2.111,-0.296,0.906,0.125,-0.32,-0.12,1,0
57987,0.058,0.003,1.012,-0.015,1.650,0.011,0.9940,0.0046,-0.0282,0.1054,0.184,-3.269,192.099,0.108,-1.564,2.111,0.000,0.000,0.000,-0.421,5.946,2.111,-0.324,0.887,0.101,-0.35,-0.52,1,0
58006,0.057,0.003,1.012,0.036,1.679,-0.003,0.9940,0.0043,-0.0280,0.1054,0.154,-3.241,192.101,0.108,-1.564,2.111,0.000,0.000,0.000,-0.184,5.825,2.111,-0.309,0.882,0.098,-0.35,-0.47,1,0
58023,0.057,0.003,1.012,0.020,1.620,-0.123,0.9940,0.0045,-0.0275,0.1054,0.176,-3.192,192.099,0.108,-1.564,2.111,0.000,0.000,0.000,-0.357,5.701,2.111,-0.305,0.884,0.109,-0.35,-0.21,1,0
58042,0.056,0.003,1.012,0.129,1.579,-0.105,0.9940,0.0044,-0.0275,0.1054,0.169,-3.187,192.098,0.108,-1.564,2.111,0.000,0.000,0.000,-0.319,5.598,2.111,-0.321,0.886,0.115,-0.36,-0.20,1,0
58057,0.056,0.003,1.012,0.147,1.565,-0.145,0.9940,0.0045,-0.0274,0.1054,0.180,-3.177,192.095,0.108,-1.564,2.111,0.000,0.000,0.000,-0.322,5.626,2.111,-0.326,0.885,0.118,-0.36,-0.15,1,0
58082,0.055,0.003,1.012,0.083,1.466,0.076,0.9941,0.0044,-0.0269,0.1054,0.172,-3.121,192.095,0.108,-1.564,2.111,0.000,0.000,0.000,-0.233,5.455,2.111,-0.324,0.901,0.104,-0.35,0.27,1,0
58103,0.055,0.003,1.012,0.072,1.404,-0.023,0.9941,0.0042,-0.0268,0.1054,0.151,-3.099,192.097,0.108,-1.564,2.111,0.000,0.000,0.000,-0.242,5.379,2.111,-0.316,0.908,0.099,-0.34,0.25,1,0
58116,0.054,0.003,1.011,0.119,1.297,-0.071,0.9941,0.0042,-0.0266,0.1054,0.159,-3.080,192.096,0.108,-1.564,2.111,0.000,0.000,0.000,-0.191,5.256,2.111,-0.310,0.912,0.106,-0.35,0.16,1,0
58136,0.054,0.003,1.012,0.075,1.405,0.011,0.9941,0.0046,-0.0261,0.1053,0.205,-3.033,192.093,0.108,-1.564,2.111,0.000,0.000,0.000,-0.422,5.131,2.111,-0.314,0.904,0.105,-0.36,-0.52,1,0
58162,0.053,0.004,1.011,-0.012,1.456,0.157,0.9941,0.0044,-0.0261,0.1054,0.190,-3.023,192.096,0.108,-1.564,2.111,0.000,0.000,0.000,-0.462,5.093,2.111,-0.318,0.886,0.086,-0.37,-0.50,1,0
58185,0.052,0.002,1.012,0.026,1.256,-0.055,0.9941,0.0039,-0.0257,0.1054,0.136,-2.980,192.101,0.215,-1.564,2.111,0.000,0.000,0.000,0.367,4.887,2.111,-0.275,0.894,0.094,-0.38,-0.47,1,0
58204,0.052,0.002,1.011,0.176,1.066,-0.249,0.9941,0.0038,-0.0253,0.1054,0.133,-2.931,192.098,0.215,-1.564,2.111,0.000,0.000,0.000,0.536,4.777,2.111,-0.246,0.905,0.123,-0.38,-0.38,1,0
58234,0.052,0.004,1.012,0.102,1.086,-0.069,0.9941,0.0045,-0.0253,0.1053,0.212,-2.943,192.090,2.097,-1.564,2.111,0.000,0.000,0.000,3.729,4.791,2.111,-0.201,0.914,0.124,-0.37,0.27,1,0
58247,0.052,0.004,1.012,0.016,1.146,0.100,0.9941,0.0045,-0.0251,0.1053,0.205,-2.918,192.092,5.860,-1.564,2.111,0.000,0.000,0.000,17.639,4.825,2.111,0.036,0.905,0.098,-0.37,0.25,1,0
58270,0.051,0.003,1.012,-0.065,0.889,-0.044,0.9941,0.0043,-0.0249,0.1053,0.189,-2.891,192.093,9.301,-1.564,2.111,0.000,0.000,0.000,44.464,4.563,2.111,0.212,0.913,0.102,-0.35,0.32,1,0
58287,0.051,0.003,1.012,0.094,0.753,0.070,0.9941,0.0043,-0.0248,0.1053,0.192,-2.874,192.094,13.441,-1.564,2.111,0.000,0.000,0.000,57.718,4.577,2.111,0.356,0.927,0.099,-0.33,1.05,1,0
58306,0.050,0.003,1.011,0.101,0.738,0.016,0.9941,0.0040,-0.0245,0.1054,0.158,-2.835,192.097,16.989,-1.564,2.111,0.000,0.000,0.000,83.305,4.496,2.111,0.463,0.930,0.097,-0.31,1.00,1,0
58702,0.048,0.004,1.011,0.241,-1.149,-0.130,0.9941,0.0045,-0.0233,0.1056,0.235,-2.712,192.118,42.312,-1.564,2.111,0.000,0.000,0.000,90.000,3.827,2.111,0.990,0.976,0.104,-0.31,0.31,1,0
58720,0.048,0.004,1.011,0.079,-1.033,0.029,0.9941,0.0046,-0.0235,0.1056,0.239,-2.729,192.117,42.312,-1.564,2.111,0.000,0.000,0.000,90.000,3.934,2.111,0.992,0.980,0.109,-0.30,0.30,1,0
58732,0.048,0.003,1.011,0.098,-0.980,0.134,0.9941,0.0039,-0.0236,0.1056,0.159,-2.738,192.122,42.312,-1.564,2.111,0.000,0.000,0.000,90.000,3.918,2.111,0.993,0.978,0.096,-0.30,0.31,1,0
58750,0.048,0.002,1.011,0.012,-1.153,0.004,0.9941,0.0036,-0.0237,0.1056,0.130,-2.740,192.125,42.312,-1.564,2.111,0.000,0.000,0.000,90.000,3.893,2.111,0.994,0.981,0.093,-0.29,0.31,1,0
58764,0.049,0.003,1.011,-0.114,-1.270,-0.053,0.9941,0.0040,-0.0238,0.1056,0.166,-2.757,192.122,42.312,-1.564,2.111,0.000,0.000,0.000,90.000,3.962,2.111,0.995,0.984,0.108,-0.29,0.30,1,0
58784,0.049,0.004,1.011,0.096,-1.328,0.061,0.9941,0.0044,-0.0237,0.1056,0.214,-2.754,192.120,42.312,-1.564,2.111,0.000,0.000,0.000,90.000,3.964,2.111,0.996,0.987,0.103,-0.28,0.27,1,0
58807,0.049,0.004,1.011,0.088,-1.374,0.073,0.9941,0.0047,-0.0237,0.1056,0.252,-2.762,192.120,42.312,-1.564,2.111,0.000,0.000,0.000,90.000,3.936,2.111,0.997,0.989,0.098,-0.28,0.18,1,0
58987,0.053,0.003,1.011,0.047,-1.960,-0.025,0.9940,0.0044,-0.0262,0.1057,0.179,-3.035,192.134,42.312,-1.564,2.111,0.000,0.000,0.000,90.000,4.852,2.111,0.999,0.998,0.106,-0.28,0.17,1,0
59003,0.054,0.004,1.011,0.079,-1.929,-0.006,0.9940,0.0047,-0.0263,0.1057,0.222,-3.052,192.131,42.312,-1.564,2.111,0.000,0.000,0.000,90.000,4.924,2.111,1.000,0.999,0.109,-0.28,-0.05,1,0
59032,0.055,0.004,1.010,0.080,-1.871,0.095,0.9940,0.0050,-0.0267,0.1057,0.248,-3.104,192.134,42.312,-1.564,2.111,0.000,0.000,0.000,90.000,5.108,2.111,1.000,0.999,0.090,-0.29,-0.12,1,0
59044,0.055,0.004,1.010,0.228,-1.920,-0.005,0.9940,0.0052,-0.0270,0.1057,0.262,-3.143,192.133,42.312,-1.564,2.111,0.000,0.000,0.000,90.000,5.221,2.111,1.000,0.999,0.097,-0.30,-0.12,1,0
59062,0.056,0.004,1.011,0.220,-2.017,-0.075,0.9940,0.0049,-0.0272,0.1057,0.227,-3.165,192.134,42.312,-1.564,2.111,0.000,0.000,0.000,90.000,5.303,2.111,1.000,0.999,0.110,-0.31,-0.81,1,0
59081,0.056,0.004,1.011,0.179,-1.957,0.102,0.9940,0.0046,-0.0275,0.1057,0.194,-3.189,192.137,42.312,-1.564,2.111,0.000,0.000,0.000,90.000,5.443,2.111,1.000,0.999,0.105,-0.32,-0.77,1,0
59098,0.057,0.003,1.011,0.072,-1.929,0.102,0.9940,0.0046,-0.0280,0.1057,0.181,-3.250,192.140,42.312,-1.564,2.111,0.000,0.000,0.000,90.000,5.478,2.111,1.000,0.999,0.094,-0.34,-0.72,1,0
59115,0.058,0.003,1.011,0.028,-1.928,0.055,0.9940,0.0047,-0.0282,0.1057,0.191,-3.265,192.140,42.312,-1.564,2.111,0.000,0.000,0.000,90.000,5.699,2.111,1.000,1.000,0.098,-0.35,-0.60,1,0
59134,0.058,0.003,1.011,0.060,-1.973,-0.019,0.9940,0.0046,-0.0282,0.1058,0.184,-3.275,192.141,42.312,-1.564,2.111,0.000,0.000,0.000,90.000,5.734,2.111,1.000,1.000,0.103,-0.36,-0.58,1,0
59153,0.059,0.004,1.011,0.070,-2.049,-0.037,0.9940,0.0053,-0.0287,0.1057,0.251,-3.337,192.136,42.312,-1.564,2.111,0.000,0.000,0.000,90.000,5.924,2.111,1.000,1.000,0.118,-0.36,-0.48,1,0
59176,0.060,0.004,1.011,0.150,-1.913,0.082,0.9940,0.0050,-0.0290,0.1057,0.223,-3.364,192.139,42.312,-1.564,2.111,0.000,0.000,0.000,90.000,5.992,2.111,1.000,1.000,0.103,-0.36,0.11,1,0
59186,0.060,0.003,1.011,0.115,-1.893,0.055,0.9939,0.0047,-0.0291,0.1058,0.186,-3.377,192.142,42.312,-1.564,2.111,0.000,0.000,0.000,90.000,5.991,2.111,1.000,1.000,0.100,-0.36,0.11,1,0
59206,0.060,0.003,1.011,0.073,-1.853,0.119,0.9939,0.0049,-0.0296,0.1058,0.197,-3.432,192.143,42.312,-1.564,2.111,0.000,0.000,0.000,90.000,6.163,2.111,1.000,1.000,0.096,-0.36,0.11,1,0
59223,0.061,0.002,1.011,0.152,-1.882,-0.053,0.9939,0.0045,-0.0299,0.1058,0.150,-3.462,192.147,42.312,-1.564,2.111,0.000,0.000,0.000,90.000,6.250,2.111,1.000,1.000,0.101,-0.35,0.10,1,0
59241,0.061,0.003,1.010,0.018,-1.900,-0.116,0.9939,0.0049,-0.0301,0.1058,0.195,-3.486,192.142,42.312,-1.564,2.111,0.000,0.000,0.000,90.000,6.397,2.111,1.000,1.000,0.117,-0.36,0.07,1,0
59256,0.062,0.004,1.010,0.056,-1.779,0.007,0.9939,0.0054,-0.0303,0.1057,0.245,-3.514,192.138,42.312,-1.564,2.111,0.000,0.000,0.000,90.000,6.511,2.111,1.000,1.000,0.117,-0.36,-0.21,1,0
59275,0.063,0.004,1.010,0.132,-1.765,-0.053,0.9939,0.0052,-0.0305,0.1058,0.222,-3.544,192.140,42.312,-1.564,2.111,0.000,0.000,0.000,90.000,6.546,2.111,1.000,1.000,0.109,-0.36,-0.20,1,0
59292,0.063,0.004,1.010,0.065,-1.765,-0.029,0.9939,0.0052,-0.0307,0.1057,0.222,-3.567,192.139,42.312,-1.564,2.111,0.000,0.000,0.000,90.000,6.626,2.111,1.000,1.000,0.112,-0.37,-0.20,1,0
59322,0.064,0.003,1.010,0.115,-1.674,-0.013,0.9939,0.0047,-0.0314,0.1058,0.155,-3.635,192.146,36.183,-1.564,2.111,0.000,0.000,0.000,90.000,6.948,2.111,1.000,1.000,0.098,-0.38,-0.38,1,0
59743,0.072,0.004,1.012,0.161,0.045,0.077,0.9937,0.0056,-0.0354,0.1059,0.203,-4.108,192.154,0.215,-1.564,2.111,0.000,0.000,0.000,0.054,9.038,2.111,-0.261,0.999,0.097,-0.39,0.84,1,0
59754,0.072,0.004,1.013,0.117,0.079,0.054,0.9937,0.0055,-0.0350,0.1059,0.207,-4.062,192.154,0.215,-1.564,2.111,0.000,0.000,0.000,0.054,9.038,2.111,-0.262,0.999,0.096,-0.38,0.84,1,0
59767,0.072,0.003,1.013,0.026,0.165,-0.050,0.9937,0.0054,-0.0351,0.1059,0.186,-4.064,192.155,0.215,-1.564,2.111,0.000,0.000,0.000,0.172,8.580,2.111,-0.255,0.978,0.106,-0.39,0.70,1,0
59782,0.072,0.003,1.011,0.133,0.287,0.046,0.9937,0.0053,-0.0354,0.1059,0.177,-4.101,192.156,0.215,-1.564,2.111,0.000,0.000,0.000,0.251,8.878,2.111,-0.249,0.979,0.107,-0.39,-0.24,1,0
59802,0.073,0.003,1.011,0.023,0.387,-0.037,0.9937,0.0052,-0.0352,0.1059,0.168,-4.077,192.157,0.215,-1.564,2.111,0.000,0.000,0.000,0.238,8.697,2.111,-0.243,0.969,0.105,-0.40,-0.23,1,0
59807,0.073,0.003,1.011,0.094,0.438,-0.079,0.9937,0.0051,-0.0356,0.1059,0.148,-4.115,192.158,0.215,-1.564,2.111,0.000,0.000,0.000,0.238,8.697,2.111,-0.243,0.968,0.107,-0.40,-0.23,1,0
59826,0.072,0.004,1.012,0.100,0.594,-0.129,0.9937,0.0056,-0.0353,0.1058,0.212,-4.095,192.150,0.215,-1.564,2.111,0.000,0.000,0.000,0.000,8.832,2.111,-0.249,0.972,0.124,-0.37,-0.06,1,0
60034,0.070,0.003,1.011,0.116,1.442,-0.052,0.9938,0.0051,-0.0344,0.1058,0.167,-3.981,192.152,0.215,-1.564,2.111,0.000,0.000,0.000,0.194,8.448,2.111,-0.251,0.952,0.119,-0.39,-0.32,1,0
60044,0.070,0.004,1.011,-0.050,1.426,-0.045,0.9938,0.0054,-0.0342,0.1058,0.196,-3.962,192.149,0.215,-1.564,2.111,0.000,0.000,0.000,0.000,8.382,2.111,-0.242,0.957,0.120,-0.39,-0.20,1,0
60057,0.070,0.004,1.011,0.036,1.541,0.162,0.9938,0.0056,-0.0342,0.1058,0.219,-3.969,192.149,0.215,-1.564,2.111,0.000,0.000,0.000,-0.057,8.424,2.111,-0.247,0.964,0.105,-0.39,-0.19,1,0
60071,0.070,0.004,1.011,0.064,1.580,0.080,0.9938,0.0053,-0.0340,0.1058,0.194,-3.937,192.153,0.215,-1.564,2.111,0.000,0.000,0.000,0.116,8.285,2.111,-0.249,0.962,0.097,-0.39,-0.22,1,0
60082,0.070,0.004,1.011,0.004,1.580,0.060,0.9938,0.0056,-0.0339,0.1058,0.228,-3.934,192.151,0.215,-1.564,2.111,0.000,0.000,0.000,0.116,8.285,2.111,-0.246,0.961,0.098,-0.40,-0.22,1,0
60104,0.069,0.004,1.011,0.017,1.591,0.013,0.9938,0.0054,-0.0337,0.1059,0.212,-3.907,192.153,0.215,-1.564,2.111,0.000,0.000,0.000,0.138,8.242,2.111,-0.250,0.969,0.104,-0.41,-0.49,1,0
60124,0.069,0.003,1.011,-0.053,1.726,0.022,0.9938,0.0050,-0.0335,0.1059,0.158,-3.881,192.157,0.215,-1.564,2.111,0.000,0.000,0.000,0.173,8.097,2.111,-0.243,0.959,0.110,-0.42,-0.47,1,0
60140,0.068,0.003,1.011,0.094,1.756,-0.062,0.9938,0.0050,-0.0334,0.1059,0.165,-3.864,192.156,0.215,-1.564,2.111,0.000,0.000,0.000,0.163,8.007,2.111,-0.243,0.949,0.113,-0.42,-0.42,1,0
60162,0.067,0.003,1.011,-0.035,1.837,-0.047,0.9938,0.0051,-0.0329,0.1059,0.184,-3.815,192.154,0.215,-1.564,2.111,0.000,0.000,0.000,0.158,7.873,2.111,-0.237,0.942,0.116,-0.43,-0.22,1,0
60172,0.067,0.003,1.011,-0.049,1.810,-0.016,0.9938,0.0049,-0.0329,0.1059,0.162,-3.808,192.155,0.215,-1.564,2.111,0.000,0.000,0.000,0.216,7.743,2.111,-0.233,0.936,0.114,-0.43,-0.21,1,0
60200,0.067,0.004,1.011,0.054,1.920,-0.095,0.9938,0.0053,-0.0324,0.1058,0.208,-3.753,192.150,0.215,-1.564,2.111,0.000,0.000,0.000,0.075,7.678,2.111,-0.240,0.920,0.119,-0.43,-0.19,1,0
60215,0.066,0.004,1.011,0.071,1.955,-0.026,0.9938,0.0052,-0.0321,0.1058,0.200,-3.720,192.150,0.215,-1.564,2.111,0.000,0.000,0.000,0.000,7.624,2.111,-0.251,0.912,0.113,-0.44,-0.10,1,0
60227,0.066,0.004,1.012,0.099,1.926,-0.043,0.9938,0.0051,-0.0320,0.1058,0.198,-3.714,192.150,0.215,-1.564,2.111,0.000,0.000,0.000,0.000,7.624,2.111,-0.254,0.913,0.112,-0.44,-0.10,1,0
60236,0.065,0.003,1.011,0.000,1.835,0.055,0.9939,0.0051,-0.0319,0.1058,0.189,-3.699,192.151,0.215,-1.564,2.111,0.000,0.000,0.000,0.000,7.519,2.111,-0.255,0.922,0.106,-0.44,-0.10,1,0
60255,0.065,0.003,1.012,-0.042,1.901,0.024,0.9939,0.0046,-0.0318,0.1059,0.140,-3.684,192.156,0.215,-1.564,2.111,0.000,0.000,0.000,0.211,7.334,2.111,-0.239,0.926,0.096,-0.44,-0.09,1,0
60280,0.064,0.003,1.012,0.071,2.021,-0.090,0.9939,0.0048,-0.0314,0.1058,0.166,-3.634,192.153,0.215,-1.564,2.111,0.000,0.000,0.000,0.156,7.265,2.111,-0.229,0.910,0.113,-0.43,-0.02,1,0
60287,0.064,0.003,1.012,0.025,2.005,-0.113,0.9939,0.0052,-0.0313,0.1058,0.212,-3.630,192.149,0.215,-1.564,2.111,0.000,0.000,0.000,0.156,7.265,2.111,-0.231,0.909,0.115,-0.43,-0.02,1,0
60306,0.063,0.003,1.012,0.079,1.952,0.067,0.9939,0.0049,-0.0310,0.1058,0.186,-3.589,192.151,0.215,-1.564,2.111,0.000,0.000,0.000,-0.038,7.035,2.111,-0.248,0.911,0.107,-0.42,0.57,1,0
60316,0.063,0.003,1.012,0.124,1.987,0.049,0.9939,0.0048,-0.0308,0.1058,0.177,-3.569,192.152,0.215,-1.564,2.111,0.000,0.000,0.000,0.172,7.031,2.111,-0.251,0.908,0.102,-0.41,0.54,1,0
60342,0.062,0.003,1.012,0.036,1.969,-0.046,0.9939,0.0048,-0.0304,0.1058,0.182,-3.524,192.151,0.108,-1.564,2.111,0.000,0.000,0.000,0.190,6.863,2.111,-0.238,0.894,0.112,-0.39,0.57,1,0
60827,0.049,0.002,1.009,-0.086,1.056,-0.145,0.9941,0.0035,-0.0239,0.1058,0.104,-2.763,192.151,22.258,-1.222,2.111,0.000,0.000,0.000,90.000,5.298,2.111,0.904,0.880,0.147,-0.21,0.14,1,0
60856,0.048,0.004,1.010,0.180,0.525,0.094,0.9941,0.0044,-0.0231,0.1059,0.219,-2.687,192.151,23.387,-1.369,2.111,0.000,0.000,0.000,90.000,4.544,2.111,0.947,0.894,0.095,-0.20,0.11,1,0
61094,0.046,0.004,1.010,0.066,-0.546,0.148,0.9941,0.0042,-0.0226,0.1060,0.209,-2.630,192.168,21.613,-1.222,2.111,0.000,0.000,0.000,90.000,4.857,2.111,0.995,0.977,0.102,-0.25,-0.55,1,0
61112,0.046,0.004,1.010,0.204,-0.851,0.021,0.9941,0.0043,-0.0226,0.1060,0.210,-2.630,192.169,21.720,-1.222,2.111,0.000,0.000,0.000,90.000,4.843,2.111,0.996,0.981,0.100,-0.26,-0.53,1,0
61127,0.046,0.004,1.011,0.057,-0.918,0.105,0.9941,0.0043,-0.0226,0.1060,0.210,-2.626,192.170,21.720,-1.320,2.111,0.000,0.000,0.000,90.000,4.848,2.111,0.997,0.984,0.098,-0.27,-0.53,1,0
61146,0.047,0.003,1.011,0.103,-1.060,0.105,0.9941,0.0039,-0.0227,0.1060,0.168,-2.634,192.174,21.720,-1.320,2.111,0.000,0.000,0.000,90.000,4.493,2.111,0.997,0.977,0.091,-0.28,-0.53,1,0
61162,0.047,0.003,1.011,0.023,-1.127,0.065,0.9941,0.0041,-0.0228,0.1060,0.195,-2.653,192.174,21.720,-1.320,2.111,0.000,0.000,0.000,90.000,4.521,2.111,0.998,0.980,0.096,-0.28,-0.50,1,0
61180,0.047,0.003,1.011,-0.004,-1.167,0.121,0.9941,0.0039,-0.0229,0.1061,0.161,-2.657,192.178,21.720,-1.369,2.111,0.000,0.000,0.000,90.000,4.383,2.111,0.998,0.984,0.092,-0.29,-0.45,1,0
61196,0.047,0.003,1.011,0.111,-1.258,0.071,0.9941,0.0040,-0.0229,0.1061,0.178,-2.656,192.178,21.828,-1.369,2.111,0.000,0.000,0.000,90.000,4.472,2.111,0.998,0.985,0.095,-0.29,-0.16,1,0
61212,0.047,0.003,1.011,0.109,-1.318,0.003,0.9941,0.0040,-0.0230,0.1061,0.182,-2.667,192.178,21.882,-1.369,2.111,0.000,0.000,0.000,90.000,4.459,2.111,0.998,0.987,0.102,-0.29,-0.16,1,0
61240,0.048,0.003,1.011,0.227,-1.452,-0.092,0.9941,0.0042,-0.0235,0.1061,0.195,-2.726,192.177,22.043,-1.369,2.111,0.000,0.000,0.000,90.000,4.633,2.111,0.999,0.990,0.117,-0.29,-0.08,1,0
61258,0.048,0.003,1.011,0.101,-1.434,0.013,0.9941,0.0041,-0.0236,0.1061,0.186,-2.737,192.176,22.688,-1.369,2.111,0.000,0.000,0.000,90.000,4.740,2.111,0.999,0.992,0.119,-0.28,0.52,1,0
61274,0.049,0.003,1.011,0.080,-1.531,0.176,0.9941,0.0040,-0.0237,0.1061,0.173,-2.752,192.179,23.387,-1.369,2.111,0.000,0.000,0.000,90.000,4.760,2.111,0.999,0.993,0.099,-0.27,0.50,1,0
61291,0.049,0.003,1.011,0.060,-1.610,0.124,0.9941,0.0039,-0.0238,0.1061,0.150,-2.756,192.182,23.441,-1.369,2.111,0.000,0.000,0.000,90.000,4.772,2.111,0.999,0.994,0.093,-0.26,0.47,1,0
61306,0.049,0.003,1.011,0.018,-1.640,0.131,0.9941,0.0041,-0.0240,0.1061,0.177,-2.781,192.183,23.978,-1.369,2.111,0.000,0.000,0.000,90.000,4.824,2.111,0.999,0.995,0.090,-0.25,0.47,1,0
61324,0.049,0.003,1.011,0.091,-1.740,0.081,0.9940,0.0040,-0.0240,0.1061,0.164,-2.784,192.185,24.731,-1.369,2.111,0.000,0.000,0.000,90.000,4.890,2.111,1.000,0.996,0.094,-0.24,0.49,1,0
61344,0.050,0.003,1.011,0.140,-1.819,0.056,0.9940,0.0041,-0.0241,0.1061,0.179,-2.801,192.186,24.839,-1.369,2.111,0.000,0.000,0.000,90.000,4.977,2.111,1.000,0.997,0.098,-0.23,0.82,1,0
61366,0.050,0.003,1.011,0.180,-1.857,0.014,0.9940,0.0041,-0.0245,0.1062,0.174,-2.841,192.187,24.892,-1.466,2.111,0.000,0.000,0.000,90.000,4.724,2.111,1.000,0.995,0.103,-0.21,0.78,1,0
61832,0.066,0.003,1.011,0.102,-1.752,-0.016,0.9938,0.0050,-0.0321,0.1064,0.174,-3.718,192.214,14.247,0.098,2.111,0.000,0.000,0.000,83.424,12.866,2.111,1.000,1.000,0.113,-0.12,0.03,1,0
61847,0.067,0.003,1.011,0.134,-1.700,0.124,0.9938,0.0049,-0.0325,0.1064,0.166,-3.764,192.216,14.247,0.098,2.111,0.000,0.000,0.000,78.541,13.318,2.111,0.993,1.000,0.106,-0.11,0.03,1,0
61864,0.067,0.003,1.011,0.089,-1.519,-0.013,0.9938,0.0047,-0.0328,0.1064,0.138,-3.793,192.219,13.441,0.098,2.111,0.000,0.000,0.000,74.152,13.466,2.111,0.994,1.000,0.107,-0.11,0.35,1,0
61880,0.067,0.003,1.011,0.079,-1.511,-0.001,0.9938,0.0049,-0.0328,0.1064,0.161,-3.793,192.218,13.441,0.098,2.111,0.000,0.000,0.000,74.152,13.466,2.111,0.994,1.000,0.108,-0.11,0.35,1,0
62105,0.073,0.003,1.012,0.059,-0.578,0.099,0.9937,0.0051,-0.0355,0.1064,0.149,-4.108,192.220,8.871,0.587,2.111,0.000,0.000,0.000,49.782,16.330,2.111,0.773,1.000,0.101,0.01,0.28,1,0
62122,0.073,0.003,1.011,0.144,-0.444,0.122,0.9937,0.0050,-0.0358,0.1064,0.137,-4.137,192.223,8.817,0.587,2.287,0.000,0.000,0.000,48.450,16.456,2.287,0.807,1.000,0.092,0.02,0.51,1,0
62146,0.073,0.003,1.011,0.018,-0.345,-0.015,0.9937,0.0050,-0.0359,0.1064,0.128,-4.153,192.225,8.226,0.587,2.111,0.000,0.000,0.000,45.082,16.496,2.111,0.846,1.000,0.106,0.03,0.49,1,0
62176,0.074,0.003,1.011,0.168,-0.085,-0.066,0.9937,0.0054,-0.0360,0.1064,0.178,-4.171,192.219,6.828,0.635,2.111,0.000,0.000,0.000,41.115,16.682,2.111,0.864,1.000,0.120,0.04,0.38,1,0
62186,0.074,0.003,1.012,0.058,-0.002,0.013,0.9937,0.0052,-0.0359,0.1064,0.160,-4.158,192.220,6.828,0.733,2.111,0.000,0.000,0.000,37.240,16.716,2.111,0.810,1.000,0.115,0.05,0.38,1,0
62204,0.074,0.003,1.012,0.075,0.053,0.031,0.9937,0.0052,-0.0359,0.1064,0.160,-4.158,192.220,6.720,0.733,2.111,0.000,0.000,0.000,36.644,17.056,2.111,0.810,1.000,0.109,0.05,0.37,1,0
62218,0.074,0.003,1.011,-0.031,0.128,0.092,0.9937,0.0054,-0.0359,0.1064,0.179,-4.159,192.220,6.720,0.733,2.111,0.000,0.000,0.000,36.626,17.134,2.111,0.838,1.000,0.101,0.06,0.37,1,0
62233,0.074,0.003,1.011,-0.033,0.184,0.087,0.9936,0.0054,-0.0361,0.1064,0.175,-4.179,192.221,6.720,0.733,2.111,0.000,0.000,0.000,36.500,17.058,2.111,0.859,1.000,0.093,0.07,0.54,1,0
62254,0.074,0.003,1.011,0.101,0.195,0.062,0.9936,0.0056,-0.0359,0.1064,0.198,-4.163,192.221,6.720,0.635,2.111,0.000,0.000,0.000,36.527,17.127,2.111,0.887,1.000,0.097,0.08,0.52,1,0
62275,0.074,0.004,1.011,0.106,0.347,0.002,0.9936,0.0056,-0.0363,0.1064,0.193,-4.201,192.222,6.667,0.635,2.111,0.000,0.000,0.000,36.278,16.766,2.111,0.908,1.000,0.103,0.09,0.46,1,0
62296,0.074,0.003,1.011,0.141,0.455,0.009,0.9936,0.0053,-0.0361,0.1065,0.166,-4.180,192.224,6.667,0.587,2.111,0.000,0.000,0.000,36.191,16.658,2.111,0.923,1.000,0.107,0.09,0.14,1,0
62315,0.074,0.003,1.011,0.153,0.532,0.040,0.9936,0.0055,-0.0361,0.1065,0.191,-4.179,192.223,6.505,0.587,2.111,0.000,0.000,0.000,35.379,16.589,2.111,0.939,1.000,0.106,0.09,0.13,1,0
62332,0.074,0.003,1.011,0.139,0.677,-0.048,0.9936,0.0053,-0.0360,0.1065,0.167,-4.169,192.225,6.398,0.587,2.111,0.000,0.000,0.000,34.801,16.748,2.111,0.949,1.000,0.107,0.09,0.12,1,0
62346,0.074,0.003,1.012,0.019,0.764,-0.072,0.9936,0.0054,-0.0361,0.1064,0.178,-4.182,192.223,6.290,0.587,2.111,0.000,0.000,0.000,34.888,16.619,2.111,0.956,1.000,0.115,0.10,0.12,1,0
62364,0.073,0.003,1.011,0.013,0.823,-0.037,0.9937,0.0056,-0.0358,0.1064,0.199,-4.145,192.221,6.290,0.587,2.111,0.000,0.000,0.000,34.013,16.509,2.111,0.962,1.000,0.114,0.10,0.15,1,0
62386,0.073,0.004,1.011,0.084,0.940,-0.045,0.9937,0.0055,-0.0359,0.1064,0.194,-4.158,192.220,6.505,0.587,2.111,0.000,0.000,0.000,34.588,16.484,2.111,0.970,1.000,0.115,0.11,0.38,1,0
62850,0.064,0.003,1.012,-0.337,2.075,0.044,0.9938,0.0048,-0.0311,0.1066,0.169,-3.600,192.238,3.871,0.635,2.111,0.000,0.000,0.000,20.699,14.728,2.111,0.903,0.994,0.097,-0.01,-0.23,1,0
62863,0.062,0.004,1.011,-0.005,1.996,0.086,0.9938,0.0050,-0.0303,0.1066,0.206,-3.509,192.241,2.527,1.026,2.111,0.000,0.000,0.000,13.891,15.853,2.111,0.704,0.996,0.088,-0.01,-0.20,1,0
62874,0.062,0.004,1.012,-0.046,1.974,0.130,0.9938,0.0051,-0.0302,0.1066,0.213,-3.500,192.242,2.527,1.026,2.111,0.000,0.000,0.000,12.819,15.772,2.111,0.555,0.996,0.091,-0.01,-0.16,1,0
62896,0.061,0.003,1.012,0.178,1.912,-0.052,0.9938,0.0045,-0.0297,0.1067,0.144,-3.444,192.248,2.527,0.978,2.111,0.000,0.000,0.000,13.151,15.437,2.111,0.446,0.997,0.101,-0.01,0.12,1,0
63496,0.047,0.002,1.011,0.224,-0.282,-0.389,0.9940,0.0033,-0.0230,0.1066,0.096,-2.661,192.235,0.108,-1.564,2.111,0.000,0.000,0.000,0.087,3.910,2.111,0.028,0.495,0.149,-0.12,-0.04,1,0
63720,0.048,0.003,1.011,-0.115,-0.984,0.088,0.9940,0.0039,-0.0233,0.1065,0.162,-2.702,192.226,0.215,-1.564,2.111,0.000,0.000,0.000,0.187,3.941,2.111,0.137,0.922,0.094,-0.11,0.47,1,0
63736,0.048,0.002,1.011,0.176,-1.216,0.029,0.9940,0.0036,-0.0235,0.1065,0.122,-2.721,192.230,0.108,-1.564,2.111,0.000,0.000,0.000,-0.093,3.906,2.111,0.121,0.934,0.098,-0.12,-0.41,1,0
63758,0.048,0.002,1.011,0.114,-1.370,-0.066,0.9940,0.0037,-0.0235,0.1065,0.133,-2.727,192.228,0.215,-1.564,2.111,0.000,0.000,0.000,0.000,4.028,2.111,0.097,0.945,0.116,-0.12,-0.39,1,0
63784,0.048,0.002,1.011,0.166,-1.109,0.323,0.9940,0.0036,-0.0235,0.1066,0.125,-2.722,192.236,0.108,-1.564,2.111,0.000,0.000,0.000,-0.302,4.122,2.111,0.100,0.944,0.071,-0.13,-0.33,1,0
63802,0.048,0.002,1.011,0.112,-1.319,-0.100,0.9940,0.0033,-0.0237,0.1066,0.091,-2.742,192.238,0.108,-1.564,2.111,0.000,0.000,0.000,0.000,4.052,2.111,0.086,0.954,0.097,-0.13,0.03,1,0
63826,0.049,0.003,1.010,0.244,-1.470,-0.084,0.9940,0.0040,-0.0238,0.1065,0.161,-2.762,192.231,0.108,-1.564,2.111,0.000,0.000,0.000,-0.216,4.172,2.111,0.071,0.964,0.127,-0.13,0.03,1,0
63836,0.049,0.003,1.010,-0.011,-1.365,0.005,0.9940,0.0044,-0.0240,0.1065,0.206,-2.785,192.229,0.108,-1.564,2.111,0.000,0.000,0.000,-0.427,4.206,2.111,0.066,0.966,0.122,-0.12,0.06,1,0
63856,0.049,0.003,1.011,-0.056,-1.178,0.068,0.9940,0.0042,-0.0241,0.1065,0.183,-2.793,192.231,0.108,-1.564,2.111,0.000,0.000,0.000,-0.375,4.345,2.111,0.061,0.970,0.104,-0.12,0.31,1,0
63882,0.050,0.003,1.011,0.160,-1.588,0.104,0.9940,0.0041,-0.0247,0.1066,0.162,-2.864,192.235,0.215,-1.564,2.111,0.000,0.000,0.000,0.236,4.474,2.111,0.092,0.977,0.092,-0.11,0.29,1,0
63896,0.050,0.003,1.011,-0.001,-1.632,0.160,0.9940,0.0040,-0.0246,0.1066,0.153,-2.856,192.238,0.215,-1.564,2.111,0.000,0.000,0.000,0.343,4.496,2.111,0.118,0.980,0.089,-0.11,0.28,1,0
63923,0.051,0.003,1.011,0.125,-1.678,0.028,0.9940,0.0040,-0.0250,0.1066,0.150,-2.900,192.241,0.215,-1.564,2.111,0.000,0.000,0.000,0.272,4.577,2.111,0.127,0.985,0.096,-0.11,0.22,1,0
63935,0.051,0.003,1.011,0.158,-1.671,-0.062,0.9940,0.0041,-0.0251,0.1066,0.154,-2.915,192.240,0.215,-1.564,2.111,0.000,0.000,0.000,0.275,4.636,2.111,0.125,0.986,0.104,-0.11,-0.22,1,0
63946,0.052,0.003,1.010,0.088,-1.712,-0.076,0.9940,0.0042,-0.0252,0.1066,0.169,-2.921,192.239,0.108,-1.564,2.111,0.000,0.000,0.000,-0.357,4.694,2.111,0.106,0.988,0.115,-0.11,-0.22,1,0
63966,0.052,0.003,1.010,0.106,-1.688,-0.086,0.9940,0.0042,-0.0256,0.1066,0.167,-2.968,192.237,0.215,-1.564,2.111,0.000,0.000,0.000,0.385,4.812,2.111,0.085,0.990,0.120,-0.12,-0.21,1,0
63986,0.053,0.003,1.011,0.012,-1.615,0.098,0.9940,0.0043,-0.0258,0.1066,0.171,-2.995,192.238,0.108,-1.564,2.111,0.000,0.000,0.000,-0.330,4.879,2.111,0.098,0.992,0.106,-0.11,-0.17,1,0
64002,0.053,0.003,1.011,-0.078,-1.691,0.230,0.9939,0.0041,-0.0259,0.1066,0.146,-3.005,192.241,0.108,-1.564,2.111,0.000,0.000,0.000,-0.234,4.985,2.111,0.087,0.993,0.094,-0.11,0.11,1,0
64440,0.065,0.003,1.011,0.110,-1.157,-0.017,0.9938,0.0051,-0.0318,0.1068,0.190,-3.688,192.265,2.581,-1.564,2.111,0.000,0.000,0.000,9.728,7.389,2.111,0.216,1.000,0.120,-0.07,0.03,1,0
64454,0.065,0.003,1.011,0.063,-1.096,0.041,0.9937,0.0049,-0.0320,0.1068,0.170,-3.709,192.267,3.871,-1.564,2.111,0.000,0.000,0.000,17.221,7.467,2.111,0.346,1.000,0.113,-0.07,-0.23,1,0
64470,0.066,0.003,1.011,0.130,-1.020,-0.005,0.9937,0.0049,-0.0322,0.1068,0.167,-3.732,192.267,4.516,-1.564,2.111,0.000,0.000,0.000,24.263,7.564,2.111,0.444,1.000,0.110,-0.08,-0.22,1,0
64488,0.066,0.003,1.012,0.061,-0.950,0.056,0.9937,0.0050,-0.0324,0.1068,0.175,-3.759,192.267,5.108,-1.564,2.111,0.000,0.000,0.000,24.243,7.584,2.111,0.527,1.000,0.105,-0.08,-0.22,1,0
64506,0.067,0.003,1.012,-0.018,-0.863,0.010,0.9937,0.0054,-0.0327,0.1068,0.209,-3.797,192.266,5.161,-1.564,2.111,0.000,0.000,0.000,27.852,7.672,2.111,0.613,1.000,0.105,-0.07,-0.16,1,0
64698,0.070,0.003,1.011,-0.162,-0.092,0.208,0.9937,0.0052,-0.0342,0.1069,0.178,-3.966,192.270,4.731,-1.466,2.111,0.000,0.000,0.000,26.220,8.653,2.111,0.944,1.000,0.094,-0.03,0.30,1,0
64715,0.070,0.003,1.011,0.054,-0.153,0.155,0.9937,0.0052,-0.0343,0.1069,0.169,-3.978,192.274,4.731,-1.466,2.111,0.000,0.000,0.000,25.421,8.740,2.111,0.953,1.000,0.084,-0.03,0.11,1,0
64734,0.070,0.004,1.011,0.059,-0.147,0.053,0.9937,0.0057,-0.0341,0.1069,0.233,-3.955,192.270,4.677,-1.466,2.111,0.000,0.000,0.000,25.035,8.741,2.111,0.961,1.000,0.097,-0.03,0.10,1,0
64754,0.070,0.003,1.012,0.200,-0.170,0.071,0.9937,0.0054,-0.0340,0.1069,0.194,-3.943,192.274,4.570,-1.466,2.111,0.000,0.000,0.000,24.903,8.632,2.111,0.966,1.000,0.097,-0.03,0.10,1,0
64770,0.070,0.003,1.011,0.267,-0.113,-0.099,0.9937,0.0050,-0.0344,0.1069,0.146,-3.984,192.277,4.516,-1.466,2.111,0.000,0.000,0.000,24.388,8.696,2.111,0.971,1.000,0.110,-0.03,0.08,1,0
64783,0.070,0.003,1.011,0.045,0.061,-0.056,0.9937,0.0050,-0.0342,0.1069,0.155,-3.959,192.275,3.871,-1.466,2.111,0.000,0.000,0.000,20.730,8.701,2.111,0.944,1.000,0.121,-0.03,-0.06,1,0
64796,0.070,0.003,1.011,0.036,0.261,0.082,0.9937,0.0050,-0.0342,0.1069,0.155,-3.956,192.276,3.871,-1.466,2.111,0.000,0.000,0.000,20.632,8.642,2.111,0.839,0.994,0.111,-0.03,-0.06,1,0
64811,0.070,0.002,1.011,0.000,0.294,-0.021,0.9937,0.0047,-0.0343,0.1069,0.116,-3.970,192.278,3.871,-1.466,2.111,0.000,0.000,0.000,20.883,8.649,2.111,0.829,0.987,0.109,-0.03,-0.06,1,0
64824,0.070,0.003,1.011,-0.059,0.197,-0.040,0.9937,0.0053,-0.0341,0.1069,0.181,-3.946,192.273,3.118,-1.466,2.111,0.000,0.000,0.000,17.183,8.685,2.111,0.793,0.990,0.114,-0.02,0.03,1,0
64854,0.070,0.003,1.010,0.138,0.323,0.142,0.9937,0.0054,-0.0342,0.1069,0.199,-3.959,192.273,1.667,-1.466,2.287,0.000,0.000,0.000,12.075,8.792,2.111,0.587,0.992,0.100,0.00,0.82,1,0
64875,0.070,0.004,1.011,0.198,0.379,-0.069,0.9937,0.0056,-0.0341,0.1069,0.225,-3.953,192.271,0.806,-1.369,2.111,0.000,0.000,0.000,3.178,8.949,2.111,0.196,0.993,0.120,0.02,0.65,1,0
64894,0.070,0.004,1.011,0.047,0.493,0.153,0.9937,0.0056,-0.0342,0.1069,0.222,-3.963,192.272,0.645,-1.369,2.111,0.000,0.000,0.000,2.408,9.132,2.111,-0.019,0.994,0.106,0.01,-0.18,1,0
64906,0.069,0.003,1.012,0.024,0.632,0.237,0.9937,0.0051,-0.0339,0.1069,0.168,-3.925,192.279,0.645,-1.466,2.111,0.000,0.000,0.000,2.479,9.094,2.111,-0.070,0.995,0.088,0.01,-0.18,1,0
64922,0.070,0.002,1.011,-0.183,0.591,0.075,0.9937,0.0049,-0.0344,0.1070,0.138,-3.981,192.283,0.430,-1.466,2.111,0.000,0.000,0.000,1.565,8.644,2.111,-0.049,0.975,0.088,0.01,-0.17,1,0
64938,0.069,0.003,1.013,-0.020,0.528,-0.027,0.9937,0.0050,-0.0337,0.1070,0.159,-3.901,192.282,0.376,-1.564,2.111,0.000,0.000,0.000,1.762,8.651,2.111,-0.066,0.974,0.101,0.00,-0.16,1,0
64955,0.069,0.004,1.014,-0.080,0.701,0.006,0.9937,0.0056,-0.0339,0.1069,0.226,-3.930,192.277,0.376,-1.564,2.111,0.000,0.000,0.000,0.857,8.423,2.111,-0.073,0.946,0.112,-0.00,-0.20,1,0
64974,0.071,0.003,1.009,0.229,0.830,0.003,0.9937,0.0054,-0.0342,0.1070,0.194,-3.969,192.280,0.215,-1.564,2.111,0.000,0.000,0.000,0.041,8.178,2.111,-0.089,0.911,0.107,-0.01,-0.55,1,0
64993,0.070,0.003,1.011,0.240,0.957,-0.119,0.9937,0.0053,-0.0339,0.1069,0.192,-3.929,192.279,0.215,-1.564,2.111,0.000,0.000,0.000,0.106,8.426,2.111,-0.105,0.919,0.121,-0.02,-0.52,1,0
65015,0.070,0.003,1.011,0.156,0.976,-0.062,0.9937,0.0050,-0.0341,0.1069,0.157,-3.952,192.279,0.215,-1.564,2.111,0.000,0.000,0.000,0.371,8.362,2.111,-0.060,0.933,0.122,-0.03,-0.45,1,0
65438,0.060,0.003,1.011,-0.018,1.497,0.213,0.9938,0.0048,-0.0292,0.1070,0.185,-3.391,192.283,1.075,-1.564,2.111,0.000,0.000,0.000,5.047,6.374,2.111,0.232,0.897,0.078,0.05,-0.39,1,0
65466,0.060,0.003,1.011,-0.147,1.413,-0.121,0.9938,0.0048,-0.0292,0.1070,0.188,-3.381,192.283,1.237,-1.564,2.111,0.000,0.000,0.000,5.891,6.287,2.111,0.444,0.906,0.108,0.04,-0.37,1,0
65482,0.059,0.003,1.011,0.182,1.333,-0.083,0.9938,0.0048,-0.0288,0.1070,0.190,-3.334,192.282,1.720,-1.564,2.111,0.000,0.000,0.000,6.170,6.189,2.111,0.508,0.918,0.113,0.04,-0.32,1,0
65498,0.059,0.003,1.011,0.324,1.501,-0.203,0.9938,0.0045,-0.0286,0.1070,0.158,-3.314,192.282,1.828,-1.564,2.111,0.000,0.000,0.000,9.128,6.159,2.111,0.564,0.908,0.123,0.04,-0.08,1,0
65520,0.058,0.003,1.011,0.087,1.551,-0.015,0.9938,0.0047,-0.0284,0.1069,0.193,-3.291,192.276,1.720,-1.564,2.111,0.000,0.000,0.000,9.251,6.039,2.111,0.658,0.869,0.124,0.03,-0.08,1,0
65743,0.052,0.003,1.011,0.005,0.994,0.119,0.9939,0.0042,-0.0257,0.1070,0.160,-2.975,192.287,1.667,-1.564,2.111,0.000,0.000,0.000,8.325,4.872,2.111,0.790,0.900,0.094,0.00,-0.23,1,0
65760,0.052,0.003,1.010,0.137,0.675,-0.002,0.9939,0.0043,-0.0255,0.1070,0.174,-2.953,192.286,1.667,-1.564,2.111,0.000,0.000,0.000,8.485,4.871,2.111,0.806,0.914,0.108,0.00,-0.09,1,0
65772,0.052,0.003,1.010,0.076,0.728,0.177,0.9939,0.0042,-0.0252,0.1070,0.169,-2.920,192.288,1.667,-1.564,2.111,0.000,0.000,0.000,8.331,4.750,2.111,0.811,0.923,0.099,0.00,-0.08,1,0
65790,0.052,0.002,1.011,-0.048,0.862,0.044,0.9939,0.0035,-0.0252,0.1071,0.095,-2.913,192.294,1.667,-1.564,2.111,0.000,0.000,0.000,8.499,4.752,2.111,0.824,0.911,0.097,0.00,-0.08,1,0
65804,0.051,0.002,1.010,-0.029,0.681,-0.152,0.9939,0.0038,-0.0249,0.1070,0.122,-2.886,192.291,1.667,-1.564,2.111,0.000,0.000,0.000,8.791,4.672,2.111,0.850,0.911,0.119,-0.00,-0.07,1,0
65834,0.051,0.003,1.011,0.151,0.530,-0.152,0.9939,0.0040,-0.0249,0.1070,0.153,-2.884,192.285,1.667,-1.564,2.111,0.000,0.000,0.000,8.498,4.535,2.111,0.841,0.932,0.144,-0.00,-0.03,1,0
65854,0.051,0.003,1.011,0.079,0.685,-0.025,0.9939,0.0044,-0.0245,0.1070,0.197,-2.851,192.281,1.667,-1.564,2.111,0.000,0.000,0.000,8.420,4.598,2.111,0.843,0.924,0.133,-0.00,-0.03,1,0
65874,0.050,0.002,1.011,0.055,0.390,0.080,0.9939,0.0040,-0.0245,0.1070,0.159,-2.843,192.286,1.667,-1.564,2.111,0.000,0.000,0.000,8.833,4.435,2.111,0.841,0.923,0.098,0.00,0.23,1,0
65884,0.050,0.002,1.011,0.046,0.373,0.073,0.9939,0.0039,-0.0244,0.1070,0.140,-2.829,192.287,1.667,-1.564,2.111,0.000,0.000,0.000,8.833,4.435,2.111,0.845,0.924,0.097,0.01,0.23,1,0
65898,0.050,0.002,1.011,-0.016,0.235,0.114,0.9939,0.0037,-0.0243,0.1070,0.121,-2.819,192.289,1.667,-1.564,2.111,0.000,0.000,0.000,8.495,4.419,2.111,0.870,0.939,0.094,0.01,0.22,1,0
65916,0.050,0.002,1.011,0.067,0.251,-0.037,0.9939,0.0038,-0.0244,0.1070,0.135,-2.832,192.289,1.667,-1.564,2.111,0.000,0.000,0.000,8.644,4.377,2.111,0.879,0.947,0.100,0.01,0.18,1,0
65942,0.050,0.004,1.011,0.082,0.068,-0.123,0.9940,0.0044,-0.0241,0.1070,0.207,-2.799,192.283,1.559,-1.564,2.111,0.000,0.000,0.000,8.502,4.322,2.111,0.880,0.957,0.123,0.01,-0.02,1,0
65954,0.049,0.004,1.011,0.160,0.190,0.079,0.9940,0.0047,-0.0240,0.1070,0.237,-2.795,192.281,1.559,-1.564,2.111,0.000,0.000,0.000,7.204,4.262,2.111,0.825,0.955,0.112,0.01,-0.02,1,0
65976,0.049,0.003,1.011,0.121,0.096,0.030,0.9940,0.0041,-0.0239,0.1070,0.179,-2.772,192.286,1.505,-1.564,2.111,0.000,0.000,0.000,7.368,4.301,2.111,0.797,0.949,0.099,0.01,-0.02,1,0
65993,0.049,0.003,1.011,-0.062,-0.070,0.076,0.9940,0.0043,-0.0240,0.1070,0.199,-2.787,192.285,1.505,-1.564,2.111,0.000,0.000,0.000,7.389,4.217,2.111,0.808,0.956,0.099,0.01,-0.01,1,0
66007,0.049,0.003,1.011,0.129,-0.134,0.155,0.9940,0.0037,-0.0238,0.1070,0.133,-2.757,192.290,1.398,-1.564,2.111,0.000,0.000,0.000,7.476,4.273,2.111,0.810,0.962,0.089,0.01,-0.01,1,0
66026,0.049,0.002,1.011,0.046,-0.260,-0.130,0.9940,0.0039,-0.0237,0.1070,0.153,-2.748,192.290,1.290,-1.564,2.111,0.000,0.000,0.000,6.495,4.150,2.111,0.784,0.968,0.103,0.01,0.07,1,0
66454,0.051,0.003,1.010,0.294,-1.160,-0.247,0.9939,0.0044,-0.0249,0.1071,0.195,-2.893,192.292,0.215,-1.564,2.111,0.000,0.000,0.000,0.157,4.535,2.111,0.266,0.998,0.125,-0.04,-0.28,1,0
66472,0.054,0.002,1.011,-0.030,-1.425,0.061,0.9939,0.0039,-0.0265,0.1072,0.118,-3.064,192.306,0.215,-1.564,2.111,0.000,0.000,0.000,0.539,5.271,2.111,0.383,0.996,0.107,-0.07,-0.52,1,0
66487,0.054,0.002,1.010,0.150,-1.524,-0.256,0.9939,0.0037,-0.0267,0.1072,0.095,-3.089,192.306,0.215,-1.564,2.111,0.000,0.000,0.000,0.680,5.283,2.111,0.415,0.996,0.129,-0.08,-0.52,1,0
66504,0.055,0.003,1.010,0.084,-1.539,-0.188,0.9939,0.0046,-0.0268,0.1071,0.194,-3.116,192.296,0.215,-1.564,2.111,0.000,0.000,0.000,0.267,5.384,2.111,0.422,0.997,0.150,-0.09,-0.49,1,0
66520,0.055,0.004,1.011,0.302,-1.526,0.014,0.9939,0.0046,-0.0269,0.1071,0.198,-3.120,192.295,0.215,-1.564,2.111,0.000,0.000,0.000,0.000,5.424,2.111,0.385,0.997,0.133,-0.09,-0.40,1,0
66536,0.056,0.004,1.011,0.117,-1.513,0.042,0.9939,0.0050,-0.0272,0.1071,0.236,-3.157,192.293,0.215,-1.564,2.111,0.000,0.000,0.000,0.000,5.579,2.111,0.371,0.998,0.119,-0.09,0.19,1,0
66735,0.061,0.003,1.011,0.057,-1.521,-0.091,0.9938,0.0046,-0.0299,0.1072,0.156,-3.466,192.311,0.215,-1.564,2.111,0.000,0.000,0.000,0.464,6.598,2.111,0.454,1.000,0.126,-0.05,-0.01,1,0
66752,0.062,0.004,1.012,0.157,-1.375,0.170,0.9938,0.0052,-0.0300,0.1072,0.227,-3.487,192.308,0.215,-1.564,2.111,0.000,0.000,0.000,-0.187,6.708,2.111,0.427,1.000,0.108,-0.05,-0.01,1,0
66766,0.062,0.003,1.012,0.057,-1.326,0.167,0.9938,0.0049,-0.0300,0.1072,0.191,-3.475,192.313,0.215,-1.564,2.111,0.000,0.000,0.000,0.000,6.646,2.111,0.404,1.000,0.094,-0.05,-0.01,1,0
66784,0.062,0.003,1.012,0.083,-1.428,0.211,0.9938,0.0047,-0.0302,0.1073,0.166,-3.498,192.317,0.215,-1.564,2.111,0.000,0.000,0.000,0.340,6.810,2.111,0.404,1.000,0.087,-0.05,-0.01,1,0
66810,0.063,0.002,1.011,-0.039,-1.453,0.104,0.9937,0.0043,-0.0306,0.1073,0.114,-3.542,192.325,0.215,-1.564,2.111,0.000,0.000,0.000,0.561,6.904,2.111,0.436,1.000,0.090,-0.05,-0.03,1,0
66824,0.063,0.002,1.011,0.013,-1.281,0.074,0.9937,0.0044,-0.0310,0.1073,0.120,-3.586,192.326,0.215,-1.564,2.111,0.000,0.000,0.000,0.562,6.953,2.111,0.445,1.000,0.098,-0.05,-0.03,1,0
66842,0.063,0.002,1.011,0.171,-1.213,-0.083,0.9937,0.0044,-0.0310,0.1073,0.123,-3.582,192.326,0.215,-1.564,2.111,0.000,0.000,0.000,0.526,7.031,2.111,0.437,1.000,0.112,-0.05,-0.03,1,0
66857,0.064,0.003,1.011,0.285,-1.197,-0.192,0.9937,0.0047,-0.0312,0.1073,0.149,-3.607,192.322,0.215,-1.564,2.111,0.000,0.000,0.000,0.397,7.113,2.111,0.421,1.000,0.128,-0.05,-0.10,1,0
66873,0.064,0.004,1.011,0.058,-1.103,-0.080,0.9937,0.0052,-0.0311,0.1073,0.206,-3.606,192.317,0.215,-1.564,2.111,0.000,0.000,0.000,0.051,7.127,2.111,0.406,1.000,0.131,-0.06,-0.10,1,0
66892,0.065,0.003,1.011,0.015,-0.963,0.053,0.9937,0.0048,-0.0315,0.1073,0.164,-3.653,192.320,0.215,-1.564,2.111,0.000,0.000,0.000,0.261,7.272,2.111,0.398,1.000,0.111,-0.06,-0.06,1,0
66912,0.065,0.002,1.011,0.054,-1.019,0.006,0.9937,0.0046,-0.0319,0.1073,0.129,-3.690,192.323,0.215,-1.564,2.111,0.000,0.000,0.000,0.325,7.407,2.111,0.407,1.000,0.108,-0.05,-0.06,1,0
66926,0.065,0.003,1.011,0.089,-1.003,0.095,0.9937,0.0048,-0.0321,0.1073,0.154,-3.715,192.322,0.215,-1.564,2.111,0.000,0.000,0.000,0.460,7.480,2.111,0.424,1.000,0.103,-0.05,0.22,1,0
66940,0.066,0.003,1.011,0.044,-0.941,0.203,0.9937,0.0049,-0.0320,0.1073,0.165,-3.709,192.323,0.215,-1.564,2.111,0.000,0.000,0.000,0.306,7.558,2.111,0.421,1.000,0.092,-0.05,0.21,1,0
66960,0.066,0.003,1.011,0.038,-0.812,0.027,0.9937,0.0049,-0.0323,0.1073,0.166,-3.747,192.326,0.215,-1.564,2.111,0.000,0.000,0.000,0.331,7.511,2.111,0.416,1.000,0.092,-0.04,0.20,1,0
66972,0.066,0.003,1.011,0.145,-0.824,0.038,0.9937,0.0050,-0.0322,0.1073,0.172,-3.736,192.326,0.215,-1.564,2.111,0.000,0.000,0.000,0.231,7.573,2.111,0.408,1.000,0.099,-0.04,0.20,1,0
66994,0.066,0.003,1.011,0.177,-0.904,-0.038,0.9937,0.0048,-0.0324,0.1074,0.149,-3.756,192.327,0.215,-1.564,2.111,0.000,0.000,0.000,0.383,7.606,2.111,0.406,1.000,0.108,-0.03,0.20,1,0
67002,0.067,0.003,1.011,0.152,-0.828,-0.149,0.9937,0.0049,-0.0326,0.1073,0.155,-3.770,192.326,0.215,-1.564,2.111,0.000,0.000,0.000,0.369,7.685,2.111,0.406,1.000,0.121,-0.03,0.28,1,0
67032,0.067,0.002,1.011,0.129,-0.574,0.217,0.9937,0.0047,-0.0327,0.1074,0.128,-3.780,192.330,0.108,-1.564,2.111,0.000,0.000,0.000,-0.315,7.702,2.111,0.365,1.000,0.090,-0.02,0.23,1,0
67046,0.067,0.002,1.011,0.051,-0.573,-0.011,0.9937,0.0046,-0.0328,0.1074,0.126,-3.793,192.331,0.108,-1.564,2.111,0.000,0.000,0.000,0.000,7.824,2.111,0.363,1.000,0.095,-0.02,0.23,1,0
67483,0.067,0.002,1.012,-0.067,1.167,0.003,0.9936,0.0047,-0.0328,0.1076,0.132,-3.790,192.355,0.000,-1.564,2.111,0.000,0.000,0.000,-0.987,7.745,2.111,-0.043,0.933,0.102,0.01,0.30,1,0
67506,0.067,0.002,1.011,0.228,1.173,-0.166,0.9936,0.0047,-0.0327,0.1076,0.136,-3.785,192.352,0.108,-1.564,2.111,0.000,0.000,0.000,0.104,7.730,2.111,0.158,0.937,0.132,0.00,-0.19,1,0
67524,0.067,0.002,1.011,0.066,1.211,-0.325,0.9936,0.0046,-0.0327,0.1075,0.124,-3.781,192.349,0.108,-1.564,2.111,0.000,0.000,0.000,0.043,7.727,2.111,0.232,0.944,0.149,0.00,-0.18,1,0
67543,0.067,0.003,1.010,0.142,1.215,-0.244,0.9937,0.0053,-0.0327,0.1075,0.202,-3.794,192.338,0.108,-1.564,2.111,0.000,0.000,0.000,-0.388,7.667,2.111,0.244,0.952,0.160,-0.00,-0.17,1,0
67562,0.067,0.004,1.011,0.304,1.398,-0.059,0.9937,0.0054,-0.0325,0.1074,0.217,-3.764,192.336,0.108,-1.564,2.111,0.000,0.000,0.000,-0.535,7.680,2.111,0.240,0.945,0.141,-0.01,-0.19,1,0
67782,0.062,0.004,1.011,0.012,1.320,0.116,0.9937,0.0052,-0.0300,0.1075,0.219,-3.486,192.338,0.215,-1.564,2.111,0.000,0.000,0.000,0.240,6.770,2.111,0.283,0.911,0.075,-0.02,-0.23,1,0
67796,0.061,0.005,1.012,-0.146,1.412,0.176,0.9937,0.0057,-0.0297,0.1075,0.286,-3.459,192.335,0.108,-1.564,2.111,0.000,0.000,0.000,-0.135,6.664,2.111,0.284,0.912,0.077,-0.02,-0.23,1,0
67807,0.061,0.003,1.012,0.053,1.379,0.196,0.9937,0.0047,-0.0296,0.1075,0.168,-3.434,192.346,0.215,-1.564,2.111,0.000,0.000,0.000,-0.081,6.539,2.111,0.247,0.915,0.070,-0.03,-0.22,1,0
67824,0.060,0.002,1.011,0.290,1.332,0.049,0.9937,0.0042,-0.0295,0.1076,0.119,-3.415,192.351,0.215,-1.564,2.111,0.000,0.000,0.000,0.398,6.493,2.111,0.269,0.919,0.088,-0.03,-0.21,1,0
67836,0.060,0.002,1.011,0.031,1.346,0.000,0.9938,0.0044,-0.0293,0.1076,0.143,-3.396,192.350,0.215,-1.564,2.111,0.000,0.000,0.000,0.399,6.467,2.111,0.289,0.924,0.099,-0.04,-0.21,1,0
67852,0.060,0.001,1.011,0.091,1.492,-0.094,0.9938,0.0038,-0.0292,0.1076,0.079,-3.372,192.353,0.215,-1.564,2.111,0.000,0.000,0.000,0.760,6.340,2.111,0.310,0.908,0.111,-0.04,-0.20,1,0
67874,0.059,0.003,1.011,0.015,1.543,-0.113,0.9938,0.0044,-0.0290,0.1075,0.144,-3.359,192.346,0.215,-1.564,2.111,0.000,0.000,0.000,0.471,6.175,2.111,0.339,0.898,0.128,-0.04,-0.13,1,0
67896,0.059,0.003,1.011,0.051,1.546,-0.080,0.9938,0.0045,-0.0285,0.1075,0.161,-3.305,192.344,0.215,-1.564,2.111,0.000,0.000,0.000,0.398,6.196,2.111,0.326,0.897,0.122,-0.03,0.36,1,0
67914,0.059,0.004,1.011,0.130,1.423,-0.085,0.9938,0.0049,-0.0285,0.1075,0.211,-3.309,192.339,0.108,-1.564,2.111,0.000,0.000,0.000,-0.568,6.095,2.111,0.288,0.901,0.121,-0.02,0.34,1,0
67936,0.058,0.003,1.011,0.107,1.374,0.220,0.9938,0.0047,-0.0282,0.1075,0.187,-3.273,192.343,0.108,-1.564,2.111,0.000,0.000,0.000,-0.564,5.995,2.111,0.240,0.914,0.092,-0.02,0.33,1,0
67952,0.057,0.002,1.011,0.016,1.502,0.128,0.9938,0.0044,-0.0279,0.1075,0.158,-3.239,192.348,0.108,-1.564,2.111,0.000,0.000,0.000,-0.159,5.867,2.111,0.246,0.900,0.081,-0.01,0.34,1,0
67963,0.057,0.003,1.010,-0.078,1.406,0.184,0.9938,0.0047,-0.0280,0.1075,0.188,-3.246,192.348,0.108,-1.564,2.111,0.000,0.000,0.000,-0.407,5.823,2.111,0.258,0.899,0.082,-0.01,0.34,1,0
67983,0.057,0.003,1.011,0.064,1.252,0.328,0.9938,0.0044,-0.0277,0.1076,0.159,-3.210,192.355,0.108,-1.564,2.111,0.000,0.000,0.000,-0.369,5.756,2.111,0.266,0.916,0.063,-0.00,0.33,1,0
67995,0.056,0.002,1.011,0.172,1.303,0.028,0.9938,0.0039,-0.0275,0.1076,0.108,-3.177,192.361,0.108,-1.564,2.111,0.000,0.000,0.000,-0.158,5.641,2.111,0.252,0.920,0.074,0.00,0.31,1,0
68016,0.055,0.003,1.011,0.086,1.308,-0.311,0.9938,0.0042,-0.0270,0.1076,0.143,-3.128,192.354,0.000,-1.564,2.111,0.000,0.000,0.000,-0.874,5.548,2.111,0.248,0.902,0.130,0.01,0.29,1,0
68034,0.055,0.002,1.011,0.362,1.157,-0.279,0.9938,0.0043,-0.0270,0.1076,0.156,-3.132,192.349,0.000,-1.564,2.111,0.000,0.000,0.000,-0.772,5.440,2.111,0.211,0.913,0.147,0.01,0.23,1,0
68058,0.055,0.003,1.011,-0.074,1.318,0.038,0.9938,0.0045,-0.0268,0.1075,0.183,-3.108,192.344,0.000,-1.564,2.111,0.000,0.000,0.000,-1.049,5.367,2.111,0.205,0.908,0.131,0.02,0.22,1,0
68072,0.055,0.003,1.011,-0.106,1.222,0.270,0.9938,0.0043,-0.0265,0.1075,0.164,-3.071,192.348,0.000,-1.564,2.111,0.000,0.000,0.000,-0.916,5.260,2.111,0.207,0.912,0.098,0.02,0.19,1,0
68496,0.049,0.003,1.013,0.181,-0.203,0.034,0.9939,0.0042,-0.0237,0.1077,0.184,-2.750,192.367,-7.581,-1.564,2.111,0.000,0.000,0.000,-43.476,4.156,2.111,-0.935,0.939,0.085,-0.04,-1.05,1,0
68522,0.049,0.002,1.012,0.211,-0.343,-0.044,0.9939,0.0037,-0.0239,0.1077,0.121,-2.768,192.369,-7.473,-1.564,2.111,0.000,0.000,0.000,-42.386,4.204,2.111,-0.950,0.948,0.110,-0.07,-1.00,1,0
68538,0.049,0.001,1.012,0.248,-0.437,-0.009,0.9939,0.0031,-0.0238,0.1077,0.058,-2.753,192.372,-7.366,-1.564,2.111,0.000,0.000,0.000,-42.221,4.226,2.111,-0.958,0.956,0.111,-0.07,-0.87,1,0
68554,0.049,0.001,1.011,0.073,-0.471,-0.074,0.9939,0.0033,-0.0239,0.1077,0.087,-2.759,192.370,-7.366,-1.564,2.111,0.000,0.000,0.000,-41.586,4.158,2.111,-0.964,0.962,0.115,-0.08,-0.10,1,0
68582,0.049,0.003,1.011,0.006,-0.598,-0.049,0.9939,0.0039,-0.0240,0.1077,0.153,-2.778,192.365,-7.312,-1.564,2.111,0.000,0.000,0.000,-41.790,4.213,2.111,-0.972,0.971,0.113,-0.08,-0.09,1,0
68810,0.051,0.004,1.011,-0.026,-1.472,0.144,0.9938,0.0044,-0.0250,0.1078,0.198,-2.905,192.372,-8.226,-1.564,2.111,0.000,0.000,0.000,-46.795,4.602,2.111,-0.997,0.994,0.081,-0.09,0.76,1,0
68826,0.051,0.004,1.010,0.070,-1.469,-0.051,0.9938,0.0046,-0.0250,0.1078,0.211,-2.908,192.372,-8.226,-1.564,2.111,0.000,0.000,0.000,-46.999,4.694,2.111,-0.998,0.995,0.095,-0.08,0.76,1,0
68841,0.052,0.004,1.010,0.101,-1.444,-0.045,0.9938,0.0050,-0.0252,0.1077,0.264,-2.935,192.368,-8.226,-1.564,2.111,0.000,0.000,0.000,-47.253,4.753,2.111,-0.998,0.995,0.109,-0.07,0.72,1,0
68863,0.052,0.003,1.011,0.252,-1.375,0.045,0.9938,0.0046,-0.0253,0.1078,0.209,-2.933,192.372,-8.226,-1.564,2.111,0.000,0.000,0.000,-47.176,4.852,2.111,-0.998,0.996,0.101,-0.06,0.63,1,0
68882,0.052,0.003,1.010,0.178,-1.369,-0.018,0.9938,0.0042,-0.0255,0.1078,0.166,-2.960,192.374,-8.172,-1.564,2.111,0.000,0.000,0.000,-46.529,4.825,2.111,-0.999,0.997,0.105,-0.06,0.07,1,0
68891,0.053,0.003,1.010,0.085,-1.396,0.005,0.9938,0.0042,-0.0256,0.1078,0.165,-2.968,192.374,-7.581,-1.564,2.111,0.000,0.000,0.000,-46.439,4.926,2.111,-0.999,0.997,0.106,-0.06,0.07,1,0
68906,0.053,0.002,1.011,-0.007,-1.410,-0.006,0.9938,0.0039,-0.0260,0.1078,0.119,-3.014,192.377,-7.366,-1.564,2.111,0.000,0.000,0.000,-42.500,5.045,2.111,-0.991,0.998,0.107,-0.06,0.07,1,0
68926,0.054,0.003,1.011,-0.059,-1.480,-0.099,0.9938,0.0045,-0.0261,0.1078,0.195,-3.034,192.371,-6.882,-1.564,2.111,0.000,0.000,0.000,-39.276,5.182,2.111,-0.976,0.998,0.118,-0.06,0.08,1,0
68951,0.054,0.005,1.011,0.082,-1.487,0.006,0.9938,0.0051,-0.0263,0.1077,0.251,-3.062,192.367,-6.774,-1.564,2.111,0.000,0.000,0.000,-39.169,5.256,2.111,-0.963,0.998,0.111,-0.05,0.26,1,0
68970,0.055,0.005,1.011,0.061,-1.555,0.089,0.9938,0.0053,-0.0269,0.1077,0.267,-3.133,192.367,-6.183,-1.564,2.111,0.000,0.000,0.000,-35.995,5.471,2.111,-0.971,0.999,0.100,-0.05,0.25,1,0
68987,0.056,0.004,1.011,0.077,-1.576,0.238,0.9938,0.0049,-0.0271,0.1078,0.223,-3.146,192.372,-4.785,-1.564,2.111,0.000,0.000,0.000,-31.687,5.494,2.111,-0.849,0.999,0.083,-0.04,0.25,1,0
69002,0.056,0.003,1.011,0.143,-1.563,0.191,0.9938,0.0043,-0.0273,0.1078,0.156,-3.166,192.380,-4.301,-1.564,2.111,0.000,0.000,0.000,-24.874,5.571,2.111,-0.596,0.999,0.077,-0.03,0.36,1,0
69026,0.056,0.003,1.010,-0.022,-1.749,-0.101,0.9938,0.0042,-0.0277,0.1078,0.141,-3.209,192.382,-3.011,-1.564,2.111,0.000,0.000,0.000,-17.659,5.635,2.111,-0.286,0.999,0.101,-0.03,0.34,1,0
69046,0.057,0.004,1.011,0.061,-1.737,-0.132,0.9938,0.0049,-0.0276,0.1078,0.220,-3.202,192.375,-2.419,-1.564,2.111,0.000,0.000,0.000,-14.531,5.879,2.111,-0.050,0.999,0.122,-0.02,0.32,1,0
69064,0.058,0.004,1.009,0.167,-1.673,-0.145,0.9938,0.0051,-0.0284,0.1078,0.230,-3.296,192.373,-1.774,-1.564,2.111,0.000,0.000,0.000,-14.807,5.884,2.111,0.044,0.999,0.126,-0.02,0.27,1,0
69084,0.058,0.004,1.010,0.127,-1.483,0.089,0.9937,0.0053,-0.0287,0.1078,0.250,-3.331,192.370,-1.290,-1.564,2.111,0.000,0.000,0.000,-10.935,6.179,2.111,0.202,0.998,0.115,-0.02,-0.08,1,0
69523,0.068,0.003,1.011,0.191,-0.485,0.010,0.9936,0.0051,-0.0328,0.1080,0.175,-3.806,192.403,0.108,-1.564,2.111,0.000,0.000,0.000,0.284,7.904,2.111,0.140,0.998,0.109,-0.01,-0.07,1,0
69536,0.068,0.003,1.011,0.057,-0.440,0.106,0.9936,0.0053,-0.0329,0.1080,0.198,-3.818,192.402,0.215,-1.564,2.111,0.000,0.000,0.000,-0.503,7.864,2.111,0.117,0.999,0.105,-0.01,-0.07,1,0
69556,0.068,0.002,1.011,-0.017,-0.340,0.187,0.9936,0.0044,-0.0332,0.1081,0.091,-3.835,192.414,0.215,-1.564,2.111,0.000,0.000,0.000,0.560,7.945,2.111,0.103,0.999,0.079,-0.01,-0.06,1,0
69575,0.068,0.002,1.011,-0.240,-0.293,-0.020,0.9936,0.0046,-0.0335,0.1081,0.111,-3.876,192.414,0.108,-1.564,2.111,0.000,0.000,0.000,0.814,7.993,2.111,0.143,0.999,0.095,-0.01,0.03,1,0
69593,0.069,0.002,1.011,-0.020,-0.297,-0.116,0.9936,0.0046,-0.0335,0.1081,0.107,-3.871,192.413,0.215,-1.564,2.111,0.000,0.000,0.000,0.113,8.069,2.111,0.132,0.999,0.112,0.00,0.78,1,0
69807,0.069,0.002,1.011,0.082,0.627,0.004,0.9936,0.0045,-0.0335,0.1081,0.093,-3.872,192.414,0.000,-1.564,2.111,0.000,0.000,0.000,-0.551,8.066,2.287,0.031,0.987,0.108,0.03,0.06,1,0
69826,0.069,0.003,1.012,-0.037,0.637,0.063,0.9936,0.0051,-0.0336,0.1081,0.170,-3.894,192.409,0.000,-1.564,2.111,0.000,0.000,0.000,-0.806,8.086,2.111,0.011,0.990,0.111,0.03,0.06,1,0
69836,0.069,0.003,1.011,-0.197,0.646,0.057,0.9936,0.0051,-0.0336,0.1081,0.170,-3.892,192.409,0.000,-1.564,2.111,0.000,0.000,0.000,-0.955,8.130,2.111,0.007,0.990,0.106,0.03,0.05,1,0
69854,0.068,0.003,1.011,0.025,0.794,-0.104,0.9936,0.0053,-0.0333,0.1081,0.187,-3.863,192.408,0.000,-1.564,2.111,0.000,0.000,0.000,-0.916,8.011,2.111,-0.013,0.987,0.111,0.03,0.05,1,0
69882,0.068,0.004,1.011,0.208,0.862,0.126,0.9936,0.0056,-0.0331,0.1080,0.225,-3.836,192.404,-0.054,-1.564,2.111,0.000,0.000,0.000,-1.615,8.007,2.111,-0.054,0.983,0.110,0.03,0.05,1,0
69896,0.068,0.003,1.011,0.145,0.875,0.124,0.9936,0.0049,-0.0333,0.1081,0.142,-3.857,192.412,-0.054,-1.564,2.111,0.000,0.000,0.000,-1.246,8.012,2.111,-0.071,0.985,0.094,0.03,0.02,1,0
69914,0.068,0.003,1.011,-0.150,1.009,-0.042,0.9936,0.0047,-0.0332,0.1081,0.129,-3.841,192.414,-0.054,-1.564,2.111,0.000,0.000,0.000,-1.151,7.964,2.111,-0.035,0.983,0.101,0.03,-0.19,1,0
69932,0.068,0.002,1.011,-0.028,0.971,-0.012,0.9936,0.0048,-0.0333,0.1081,0.134,-3.849,192.413,-0.054,-1.564,2.111,0.000,0.000,0.000,-1.012,7.993,2.111,-0.012,0.984,0.107,0.03,-0.18,1,0
69944,0.068,0.003,1.011,0.023,0.992,-0.055,0.9936,0.0049,-0.0329,0.1081,0.151,-3.812,192.412,-0.054,-1.564,2.111,0.000,0.000,0.000,-1.079,7.868,2.111,-0.006,0.985,0.110,0.02,-0.18,1,0
69962,0.067,0.004,1.011,-0.056,1.065,-0.141,0.9936,0.0053,-0.0328,0.1081,0.195,-3.806,192.406,-0.054,-1.564,2.111,0.000,0.000,0.000,-1.390,7.841,2.111,-0.014,0.979,0.123,0.02,-0.17,1,0
69984,0.067,0.004,1.010,0.161,1.095,0.002,0.9936,0.0055,-0.0328,0.1080,0.224,-3.804,192.403,-0.054,-1.564,2.111,0.000,0.000,0.000,-1.607,7.830,2.111,-0.051,0.983,0.116,0.02,-0.15,1,0
69994,0.067,0.004,1.010,0.044,1.153,-0.021,0.9936,0.0054,-0.0326,0.1080,0.215,-3.782,192.404,-0.054,-1.564,2.111,0.000,0.000,0.000,-1.387,7.830,2.111,-0.060,0.985,0.111,0.02,-0.14,1,0
70012,0.067,0.003,1.010,-0.036,1.191,0.080,0.9936,0.0053,-0.0324,0.1080,0.207,-3.758,192.405,-0.054,-1.564,2.111,0.000,0.000,0.000,-1.456,7.691,2.111,-0.052,0.979,0.103,0.01,-0.14,1,0
70023,0.066,0.003,1.010,0.033,1.244,0.204,0.9936,0.0050,-0.0323,0.1081,0.170,-3.741,192.410,-0.054,-1.564,2.111,0.000,0.000,0.000,-1.252,7.649,2.111,-0.042,0.978,0.086,0.00,-0.20,1,0
70042,0.066,0.003,1.011,-0.015,1.203,0.012,0.9936,0.0047,-0.0320,0.1081,0.137,-3.703,192.414,-0.054,-1.564,2.111,0.000,0.000,0.000,-1.109,7.549,2.111,-0.026,0.965,0.089,-0.01,-0.76,1,0
70064,0.066,0.003,1.011,0.090,1.279,-0.145,0.9936,0.0051,-0.0320,0.1081,0.184,-3.704,192.409,-0.054,-1.564,2.111,0.000,0.000,0.000,-1.226,7.447,2.111,-0.019,0.962,0.116,-0.03,-0.72,1,0
70084,0.065,0.004,1.011,0.008,1.473,-0.101,0.9936,0.0055,-0.0316,0.1080,0.234,-3.667,192.404,-0.054,-1.564,2.111,0.000,0.000,0.000,-1.509,7.435,2.111,-0.039,0.955,0.122,-0.04,-0.69,1,0
70106,0.065,0.003,1.011,0.078,1.496,0.047,0.9936,0.0051,-0.0315,0.1081,0.190,-3.653,192.406,0.000,-1.564,2.111,0.000,0.000,0.000,-1.181,7.339,2.111,-0.033,0.931,0.111,-0.04,-0.60,1,0
70521,0.055,0.003,1.011,0.088,1.092,-0.058,0.9938,0.0043,-0.0266,0.1081,0.166,-3.080,192.415,0.108,-1.564,2.111,0.000,0.000,0.000,-0.420,5.389,2.111,-0.013,0.931,0.089,-0.14,-0.23,1,0
70536,0.054,0.003,1.011,0.031,1.149,-0.145,0.9938,0.0048,-0.0264,0.1081,0.223,-3.070,192.410,0.108,-1.564,2.111,0.000,0.000,0.000,-0.479,5.291,2.111,0.005,0.924,0.109,-0.14,-0.20,1,0
70553,0.054,0.004,1.011,0.203,1.087,-0.031,0.9938,0.0047,-0.0262,0.1081,0.214,-3.048,192.411,0.108,-1.564,2.111,0.000,0.000,0.000,-0.596,5.179,2.111,-0.010,0.924,0.108,-0.14,-0.09,1,0
70571,0.054,0.004,1.011,0.054,1.112,-0.029,0.9938,0.0047,-0.0260,0.1081,0.215,-3.025,192.409,0.108,-1.564,2.111,0.000,0.000,0.000,-0.641,5.181,2.111,-0.013,0.921,0.112,-0.14,-0.08,1,0
70586,0.053,0.003,1.010,0.041,1.123,0.116,0.9938,0.0045,-0.0259,0.1081,0.186,-3.010,192.412,0.108,-1.564,2.111,0.000,0.000,0.000,-0.550,5.078,2.111,-0.008,0.916,0.098,-0.14,-0.08,1,0
70604,0.053,0.002,1.010,0.066,0.969,0.042,0.9938,0.0041,-0.0259,0.1081,0.147,-3.008,192.415,0.108,-1.564,2.111,0.000,0.000,0.000,-0.155,4.976,2.111,0.010,0.924,0.093,-0.14,-0.08,1,0
70634,0.052,0.003,1.010,0.083,0.886,0.067,0.9938,0.0043,-0.0254,0.1081,0.179,-2.942,192.413,0.215,-1.564,2.111,0.000,0.000,0.000,0.107,4.886,2.111,0.062,0.930,0.101,-0.13,0.55,1,0
70856,0.049,0.003,1.010,-0.028,0.099,0.039,0.9938,0.0040,-0.0240,0.1081,0.159,-2.789,192.413,0.215,-1.564,2.111,0.000,0.000,0.000,0.310,4.188,2.111,0.101,0.952,0.107,-0.15,-0.16,1,0
70876,0.049,0.004,1.010,0.027,0.039,0.024,0.9938,0.0045,-0.0238,0.1081,0.214,-2.770,192.411,0.215,-1.564,2.111,0.000,0.000,0.000,0.100,4.218,2.111,0.089,0.959,0.106,-0.15,-0.14,1,0
70887,0.049,0.004,1.010,-0.121,-0.026,0.000,0.9938,0.0046,-0.0240,0.1081,0.227,-2.791,192.411,0.215,-1.564,2.111,0.000,0.000,0.000,-0.122,4.204,2.111,0.082,0.962,0.107,-0.15,-0.14,1,0
70906,0.049,0.004,1.011,0.068,-0.058,0.151,0.9938,0.0046,-0.0240,0.1081,0.222,-2.789,192.413,0.215,-1.564,2.111,0.000,0.000,0.000,-0.089,4.186,2.111,0.053,0.967,0.096,-0.15,0.03,1,0
70923,0.049,0.003,1.010,0.081,-0.200,0.050,0.9938,0.0042,-0.0237,0.1082,0.183,-2.752,192.417,0.215,-1.564,2.111,0.000,0.000,0.000,0.164,4.158,2.111,0.051,0.972,0.093,-0.15,0.03,1,0
70952,0.049,0.003,1.010,0.065,-0.193,0.006,0.9938,0.0039,-0.0238,0.1082,0.153,-2.755,192.418,0.215,-1.564,2.111,0.000,0.000,0.000,0.325,4.135,2.111,0.080,0.975,0.111,-0.15,-0.09,1,0
70966,0.049,0.003,1.010,0.125,-0.287,-0.025,0.9938,0.0042,-0.0238,0.1082,0.180,-2.760,192.417,0.215,-1.564,2.111,0.000,0.000,0.000,0.189,4.177,2.111,0.075,0.978,0.111,-0.15,-0.09,1,0
70984,0.049,0.003,1.010,0.237,-0.453,-0.170,0.9938,0.0041,-0.0240,0.1081,0.173,-2.780,192.415,0.215,-1.564,2.111,0.000,0.000,0.000,0.224,4.162,2.111,0.064,0.982,0.122,-0.15,-0.09,1,0
71003,0.049,0.004,1.010,0.093,-0.465,-0.176,0.9938,0.0043,-0.0237,0.1081,0.201,-2.757,192.411,0.215,-1.564,2.111,0.000,0.000,0.000,0.082,4.161,2.111,0.055,0.985,0.133,-0.16,-0.13,1,0
71024,0.049,0.004,1.010,0.051,-0.566,0.033,0.9938,0.0045,-0.0240,0.1081,0.218,-2.786,192.409,0.215,-1.564,2.111,0.000,0.000,0.000,0.089,4.201,2.111,0.050,0.988,0.117,-0.17,-0.49,1,0
71040,0.049,0.003,1.010,0.050,-0.581,0.105,0.9938,0.0043,-0.0239,0.1081,0.193,-2.780,192.411,0.215,-1.564,2.111,0.000,0.000,0.000,0.081,4.221,2.111,0.050,0.989,0.103,-0.18,-0.47,1,0
71056,0.049,0.003,1.010,-0.094,-0.547,0.164,0.9938,0.0041,-0.0240,0.1081,0.172,-2.786,192.414,0.215,-1.564,2.111,0.000,0.000,0.000,0.143,4.184,2.111,0.060,0.989,0.089,-0.18,-0.42,1,0
71067,0.049,0.003,1.010,0.076,-0.683,0.132,0.9938,0.0041,-0.0241,0.1081,0.164,-2.790,192.416,0.215,-1.564,2.111,0.000,0.000,0.000,0.272,4.265,2.111,0.065,0.990,0.085,-0.19,-0.42,1,0
71097,0.049,0.003,1.010,0.160,-0.958,0.024,0.9938,0.0039,-0.0240,0.1082,0.147,-2.786,192.422,0.376,-1.564,2.111,0.000,0.000,0.000,0.285,4.316,2.111,0.053,0.992,0.088,-0.19,-0.20,1,0
71114,0.050,0.004,1.010,0.217,-0.912,-0.007,0.9938,0.0047,-0.0242,0.1082,0.230,-2.821,192.416,0.376,-1.564,2.111,0.000,0.000,0.000,0.998,4.294,2.111,0.106,0.994,0.110,-0.20,-0.19,1,0
71127,0.050,0.004,1.010,0.051,-0.773,0.129,0.9938,0.0046,-0.0243,0.1082,0.228,-2.831,192.418,0.376,-1.564,2.111,0.000,0.000,0.000,0.810,4.398,2.111,0.124,0.993,0.103,-0.20,-0.19,1,0
71146,0.050,0.003,1.010,0.051,-0.856,0.093,0.9938,0.0040,-0.0243,0.1082,0.154,-2.821,192.424,0.376,-1.564,2.111,0.000,0.000,0.000,1.071,4.377,2.111,0.138,0.990,0.094,-0.21,-0.24,1,0
71595,0.059,0.004,1.010,-0.089,-1.410,0.300,0.9937,0.0048,-0.0289,0.1083,0.189,-3.347,192.433,2.581,-1.564,2.111,0.000,0.000,0.000,13.222,6.167,2.111,0.842,1.000,0.087,-0.23,0.04,1,0
71612,0.060,0.003,1.011,0.038,-1.464,0.314,0.9937,0.0046,-0.0291,0.1083,0.166,-3.373,192.440,2.527,-1.564,2.111,0.000,0.000,0.000,13.180,6.306,2.111,0.793,1.000,0.062,-0.23,0.04,1,0
71636,0.060,0.003,1.010,0.004,-1.546,0.158,0.9937,0.0046,-0.0294,0.1084,0.155,-3.411,192.446,2.419,-1.564,2.111,0.000,0.000,0.000,12.751,6.394,2.111,0.751,1.000,0.068,-0.22,0.04,1,0
71656,0.061,0.002,1.011,0.209,-1.629,-0.106,0.9936,0.0042,-0.0297,0.1084,0.109,-3.437,192.450,2.419,-1.564,2.111,0.000,0.000,0.000,12.839,6.483,2.111,0.767,1.000,0.095,-0.22,0.03,1,0
71896,0.066,0.004,1.011,0.141,-0.958,-0.000,0.9936,0.0053,-0.0322,0.1085,0.201,-3.731,192.452,2.419,-1.564,2.111,0.000,0.000,0.000,12.935,7.468,2.111,0.948,1.000,0.131,-0.14,0.37,1,0
71914,0.066,0.004,1.011,0.109,-0.893,0.041,0.9936,0.0053,-0.0324,0.1085,0.203,-3.752,192.453,2.419,-1.564,2.111,0.000,0.000,0.000,12.328,7.538,2.111,0.911,1.000,0.117,-0.14,0.32,1,0
71942,0.066,0.003,1.010,0.048,-0.885,0.112,0.9935,0.0051,-0.0326,0.1085,0.171,-3.775,192.456,2.419,-1.564,2.111,0.000,0.000,0.000,12.397,7.682,2.111,0.917,1.000,0.107,-0.14,-0.01,1,0
71961,0.067,0.003,1.010,-0.015,-0.820,0.174,0.9935,0.0051,-0.0327,0.1085,0.174,-3.784,192.459,2.419,-1.564,2.111,0.000,0.000,0.000,12.654,7.726,2.111,0.934,1.000,0.096,-0.14,-0.01,1,0
71977,0.067,0.003,1.010,0.033,-0.708,0.117,0.9935,0.0051,-0.0328,0.1085,0.170,-3.800,192.462,2.419,-1.564,2.111,0.000,0.000,0.000,12.545,7.792,2.111,0.944,1.000,0.094,-0.14,-0.01,1,0
71990,0.067,0.003,1.010,0.133,-0.678,0.062,0.9935,0.0049,-0.0328,0.1085,0.151,-3.797,192.464,2.419,-1.564,2.111,0.000,0.000,0.000,12.662,7.773,2.111,0.949,1.000,0.098,-0.14,-0.01,1,0
72010,0.067,0.003,1.010,0.231,-0.732,-0.162,0.9935,0.0053,-0.0328,0.1085,0.195,-3.805,192.460,2.419,-1.564,2.111,0.000,0.000,0.000,12.423,7.799,2.111,0.950,1.000,0.121,-0.14,-0.00,1,0
72026,0.068,0.004,1.011,0.199,-0.627,-0.119,0.9935,0.0055,-0.0328,0.1085,0.222,-3.809,192.456,2.419,-1.564,2.111,0.000,0.000,0.000,12.383,7.869,2.111,0.955,1.000,0.131,-0.14,-0.00,1,0
72044,0.068,0.004,1.011,0.068,-0.410,0.127,0.9935,0.0055,-0.0331,0.1085,0.217,-3.835,192.456,2.419,-1.564,2.111,0.000,0.000,0.000,12.265,8.007,2.111,0.957,1.000,0.117,-0.12,0.07,1,0
72064,0.068,0.003,1.011,-0.004,-0.368,0.106,0.9935,0.0050,-0.0336,0.1085,0.152,-3.885,192.463,2.419,-1.564,2.111,0.000,0.000,0.000,12.543,8.061,2.111,0.965,1.000,0.096,-0.11,0.69,1,0
72080,0.068,0.002,1.011,-0.021,-0.381,0.029,0.9935,0.0048,-0.0334,0.1086,0.135,-3.869,192.466,2.419,-1.564,2.111,0.000,0.000,0.000,12.847,8.091,2.111,0.971,1.000,0.097,-0.10,0.66,1,0
72092,0.068,0.003,1.011,0.064,-0.407,-0.031,0.9935,0.0049,-0.0335,0.1085,0.140,-3.874,192.465,2.527,-1.564,2.111,0.000,0.000,0.000,13.322,8.057,2.111,0.974,1.000,0.106,-0.09,0.59,1,0
72110,0.069,0.003,1.011,0.149,-0.393,-0.085,0.9935,0.0051,-0.0336,0.1085,0.167,-3.888,192.463,2.527,-1.564,2.111,0.000,0.000,0.000,13.187,8.060,2.111,0.977,1.000,0.115,-0.09,0.59,1,0
72124,0.069,0.004,1.011,0.046,-0.298,-0.005,0.9935,0.0058,-0.0334,0.1085,0.246,-3.878,192.456,2.527,-1.564,2.111,0.000,0.000,0.000,12.839,8.125,2.111,0.981,1.000,0.119,-0.09,0.30,1,0
72153,0.069,0.003,1.011,0.164,-0.057,0.130,0.9935,0.0052,-0.0338,0.1086,0.172,-3.917,192.467,2.419,-1.564,2.111,0.000,0.000,0.000,13.068,8.194,2.111,0.983,1.000,0.086,-0.08,0.27,1,0
72172,0.069,0.002,1.011,0.089,-0.152,-0.126,0.9935,0.0050,-0.0339,0.1086,0.147,-3.924,192.469,2.419,-1.564,2.111,0.000,0.000,0.000,12.678,8.237,2.111,0.983,1.000,0.107,-0.07,0.24,1,0
72652,0.065,0.003,1.011,0.050,1.191,0.090,0.9936,0.0051,-0.0317,0.1086,0.181,-3.678,192.473,32.419,-1.564,2.111,0.000,0.000,0.000,90.000,7.168,2.111,1.000,0.944,0.100,-0.16,-0.19,1,0
72666,0.065,0.003,1.011,-0.008,1.274,-0.017,0.9936,0.0049,-0.0316,0.1086,0.160,-3.661,192.476,41.129,-1.564,2.111,0.000,0.000,0.000,90.000,7.111,2.111,1.000,0.939,0.106,-0.15,0.03,1,0
72692,0.064,0.003,1.011,0.039,1.358,-0.048,0.9936,0.0052,-0.0314,0.1086,0.198,-3.639,192.472,42.312,-1.564,2.111,0.000,0.000,0.000,90.000,6.954,2.111,1.000,0.923,0.118,-0.15,0.01,1,0
72887,0.060,0.003,1.011,0.034,1.265,-0.028,0.9936,0.0046,-0.0291,0.1087,0.162,-3.370,192.480,42.312,-1.564,2.111,0.000,0.000,0.000,90.000,6.046,2.111,1.000,0.914,0.120,-0.21,-0.55,1,0
72904,0.059,0.003,1.011,0.106,1.297,-0.152,0.9936,0.0046,-0.0291,0.1087,0.160,-3.368,192.479,42.312,-1.564,2.111,0.000,0.000,0.000,90.000,5.958,2.111,1.000,0.913,0.125,-0.21,-0.43,1,0
72923,0.059,0.004,1.011,0.008,1.247,-0.031,0.9937,0.0051,-0.0286,0.1086,0.220,-3.323,192.474,42.312,-1.564,2.111,0.000,0.000,0.000,90.000,5.879,2.111,1.000,0.920,0.124,-0.20,0.46,1,0
72938,0.058,0.004,1.011,0.137,1.275,0.023,0.9937,0.0050,-0.0284,0.1087,0.221,-3.302,192.474,42.312,-1.564,2.111,0.000,0.000,0.000,90.000,5.911,2.111,1.000,0.922,0.113,-0.19,0.44,1,0
72954,0.058,0.004,1.011,0.099,1.311,0.007,0.9937,0.0048,-0.0283,0.1087,0.197,-3.285,192.475,42.312,-1.564,2.111,0.000,0.000,0.000,90.000,5.735,2.111,1.000,0.915,0.111,-0.19,0.31,1,0
72971,0.058,0.004,1.011,-0.008,1.251,0.057,0.9937,0.0051,-0.0281,0.1087,0.232,-3.265,192.474,42.312,-1.564,2.111,0.000,0.000,0.000,90.000,5.726,2.111,1.000,0.908,0.106,-0.20,-0.60,1,0
72986,0.057,0.003,1.011,-0.027,1.235,0.123,0.9937,0.0047,-0.0280,0.1087,0.187,-3.254,192.479,42.312,-1.564,2.111,0.000,0.000,0.000,90.000,5.706,2.111,1.000,0.919,0.094,-0.21,-0.60,1,0
73002,0.057,0.003,1.011,-0.076,1.147,0.019,0.9937,0.0047,-0.0278,0.1087,0.186,-3.229,192.480,42.312,-1.564,2.111,0.000,0.000,0.000,90.000,5.565,2.111,1.000,0.923,0.096,-0.22,-0.57,1,0
73018,0.057,0.003,1.011,0.005,1.077,-0.062,0.9937,0.0048,-0.0275,0.1087,0.201,-3.193,192.479,42.312,-1.564,2.111,0.000,0.000,0.000,90.000,5.521,2.111,1.000,0.931,0.106,-0.22,-0.47,1,0
73040,0.057,0.004,1.011,0.047,1.123,0.003,0.9937,0.0050,-0.0275,0.1087,0.224,-3.190,192.476,42.312,-1.564,2.111,0.000,0.000,0.000,90.000,5.451,2.111,1.000,0.928,0.115,-0.22,0.13,1,0
73064,0.056,0.003,1.011,0.138,1.051,-0.107,0.9937,0.0047,-0.0272,0.1087,0.200,-3.156,192.476,42.312,-1.564,2.111,0.000,0.000,0.000,90.000,5.383,2.111,1.000,0.927,0.117,-0.22,0.12,1,0
73082,0.056,0.004,1.011,0.034,1.006,-0.027,0.9937,0.0049,-0.0272,0.1086,0.222,-3.159,192.473,42.312,-1.564,2.111,0.000,0.000,0.000,90.000,5.316,2.111,1.000,0.935,0.119,-0.22,0.09,1,0
73103,0.055,0.003,1.011,0.100,0.969,0.002,0.9937,0.0042,-0.0269,0.1087,0.143,-3.112,192.478,42.312,-1.564,2.111,0.000,0.000,0.000,90.000,5.166,2.111,1.000,0.930,0.105,-0.22,-0.07,1,0
73114,0.055,0.003,1.011,-0.061,0.911,0.012,0.9937,0.0045,-0.0266,0.1087,0.176,-3.090,192.476,42.312,-1.564,2.111,0.000,0.000,0.000,90.000,5.179,2.111,1.000,0.931,0.104,-0.22,-0.07,1,0
73130,0.055,0.003,1.011,-0.093,0.922,0.061,0.9937,0.0046,-0.0267,0.1087,0.193,-3.103,192.476,42.312,-1.564,2.111,0.000,0.000,0.000,90.000,5.126,2.111,1.000,0.933,0.100,-0.22,-0.07,1,0
73145,0.055,0.003,1.011,-0.025,0.829,0.082,0.9937,0.0044,-0.0267,0.1087,0.172,-3.098,192.479,42.312,-1.564,2.111,0.000,0.000,0.000,90.000,5.100,2.111,1.000,0.941,0.094,-0.22,-0.07,1,0
73162,0.054,0.003,1.011,0.006,0.845,0.001,0.9937,0.0048,-0.0266,0.1087,0.217,-3.086,192.477,42.204,-1.564,2.111,0.000,0.000,0.000,90.000,5.102,2.111,1.000,0.945,0.097,-0.22,-0.08,1,0
73178,0.054,0.004,1.011,0.041,0.759,-0.072,0.9937,0.0048,-0.0264,0.1087,0.217,-3.067,192.476,40.914,-1.564,2.111,0.000,0.000,0.000,90.000,5.035,2.111,1.000,0.952,0.110,-0.23,-0.19,1,0
73192,0.054,0.003,1.010,0.156,0.647,-0.073,0.9937,0.0045,-0.0263,0.1087,0.190,-3.058,192.477,40.269,-1.564,2.111,0.000,0.000,0.000,90.000,4.993,2.111,1.000,0.958,0.113,-0.23,-0.18,1,0
73606,0.051,0.003,1.010,0.107,-0.120,0.088,0.9937,0.0043,-0.0251,0.1087,0.179,-2.913,192.478,29.624,-1.564,2.111,0.000,0.000,0.000,90.000,4.639,2.111,1.000,0.977,0.098,-0.23,-0.25,1,0
73622,0.051,0.003,1.011,0.036,-0.623,-0.046,0.9937,0.0039,-0.0252,0.1088,0.133,-2.915,192.495,23.387,-1.564,2.111,0.000,0.000,0.000,90.000,4.658,2.111,1.000,0.991,0.098,-0.21,0.84,1,0
73654,0.052,0.003,1.011,0.073,-0.840,0.005,0.9937,0.0045,-0.0251,0.1088,0.203,-2.918,192.489,19.301,-1.564,2.111,0.000,0.000,0.000,90.000,4.683,2.111,1.000,0.993,0.116,-0.19,0.80,1,0
73666,0.052,0.004,1.011,0.031,-0.736,0.147,0.9937,0.0043,-0.0252,0.1088,0.180,-2.921,192.492,19.301,-1.564,2.111,0.000,0.000,0.000,90.000,4.709,2.111,1.000,0.994,0.099,-0.18,0.76,1,0
73682,0.052,0.003,1.011,0.020,-0.787,0.099,0.9937,0.0045,-0.0253,0.1088,0.202,-2.934,192.493,19.247,-1.564,2.111,0.000,0.000,0.000,90.000,4.731,2.111,1.000,0.994,0.093,-0.17,0.71,1,0
73706,0.052,0.003,1.011,0.096,-0.978,0.017,0.9937,0.0044,-0.0253,0.1088,0.184,-2.941,192.495,18.441,-1.564,2.111,0.000,0.000,0.000,90.000,4.744,2.111,1.000,0.995,0.103,-0.16,0.54,1,0
73915,0.055,0.004,1.011,0.084,-1.267,0.082,0.9937,0.0048,-0.0270,0.1088,0.215,-3.131,192.496,8.226,-1.564,2.111,0.000,0.000,0.000,48.118,5.481,2.111,0.614,0.999,0.109,-0.09,0.44,1,0
73934,0.056,0.004,1.011,0.029,-1.312,0.083,0.9937,0.0049,-0.0272,0.1089,0.224,-3.163,192.497,7.419,-1.564,2.111,0.000,0.000,0.000,40.757,5.550,2.111,0.328,1.000,0.102,-0.09,0.36,1,0
73954,0.056,0.004,1.011,0.161,-1.303,0.041,0.9937,0.0049,-0.0274,0.1089,0.217,-3.181,192.498,6.828,-1.564,2.111,0.000,0.000,0.000,36.890,5.626,2.111,0.237,1.000,0.101,-0.09,-0.19,1,0
73971,0.057,0.004,1.010,0.125,-1.328,0.125,0.9937,0.0048,-0.0275,0.1089,0.207,-3.196,192.500,6.237,-1.564,2.111,0.000,0.000,0.000,36.267,5.579,2.111,0.234,1.000,0.099,-0.10,-0.19,1,0
73992,0.058,0.003,1.009,0.121,-1.373,-0.029,0.9936,0.0045,-0.0282,0.1089,0.158,-3.264,192.504,4.946,-1.564,2.111,0.000,0.000,0.000,30.094,5.691,2.111,0.243,1.000,0.101,-0.10,-0.18,1,0
74006,0.058,0.003,1.010,0.114,-1.456,-0.073,0.9936,0.0045,-0.0280,0.1089,0.166,-3.246,192.503,3.441,-1.564,2.111,0.000,0.000,0.000,23.095,5.748,2.111,0.096,1.000,0.117,-0.10,-0.14,1,0
74024,0.058,0.003,1.010,-0.030,-1.369,-0.002,0.9936,0.0049,-0.0284,0.1089,0.200,-3.291,192.500,2.581,-1.564,2.111,0.000,0.000,0.000,18.261,6.049,2.111,-0.020,1.000,0.116,-0.10,0.16,1,0
74041,0.059,0.004,1.009,0.075,-1.379,0.132,0.9936,0.0048,-0.0286,0.1089,0.196,-3.315,192.501,1.720,-1.564,2.111,0.000,0.000,0.000,13.401,6.071,2.111,-0.114,1.000,0.108,-0.09,0.16,1,0
74063,0.060,0.002,1.008,0.021,-1.259,0.028,0.9936,0.0043,-0.0296,0.1089,0.116,-3.423,192.511,0.430,-1.564,2.111,0.000,0.000,0.000,1.722,6.501,2.111,-0.384,0.998,0.094,-0.09,0.16,1,0
74073,0.059,0.002,1.010,0.127,-1.382,-0.112,0.9936,0.0043,-0.0291,0.1089,0.127,-3.371,192.510,0.430,-1.564,2.111,0.000,0.000,0.000,1.702,6.377,2.111,-0.443,0.998,0.107,-0.08,0.22,1,0
74090,0.059,0.003,1.011,0.174,-1.423,-0.162,0.9936,0.0046,-0.0288,0.1089,0.166,-3.342,192.505,0.430,-1.564,2.111,0.000,0.000,0.000,1.594,6.266,2.111,-0.478,0.998,0.125,-0.08,0.22,1,0
74112,0.059,0.003,1.012,0.061,-1.302,-0.044,0.9936,0.0049,-0.0289,0.1089,0.194,-3.358,192.501,0.430,-1.564,2.111,0.000,0.000,0.000,1.264,6.103,2.111,-0.403,0.991,0.128,-0.08,0.21,1,0
74133,0.060,0.003,1.011,-0.010,-1.123,0.163,0.9936,0.0049,-0.0294,0.1089,0.186,-3.412,192.504,0.376,-1.564,2.111,0.000,0.000,0.000,1.097,6.477,2.111,-0.228,0.993,0.097,-0.07,0.16,1,0
74147,0.060,0.003,1.012,0.037,-1.155,0.077,0.9936,0.0047,-0.0291,0.1089,0.173,-3.378,192.506,0.376,-1.564,2.111,0.000,0.000,0.000,1.054,6.394,2.111,-0.162,0.993,0.092,-0.07,0.16,1,0
74171,0.061,0.003,1.012,0.273,-1.169,-0.125,0.9936,0.0048,-0.0296,0.1089,0.179,-3.435,192.504,0.215,-1.564,2.111,0.000,0.000,0.000,0.268,6.454,2.111,0.009,0.995,0.115,-0.07,0.15,1,0
74186,0.061,0.003,1.012,0.101,-1.187,-0.108,0.9936,0.0048,-0.0299,0.1089,0.168,-3.471,192.503,0.215,-1.564,2.111,0.000,0.000,0.000,0.211,6.581,2.111,0.029,0.996,0.121,-0.07,0.15,1,0
74204,0.061,0.003,1.012,0.134,-1.105,0.000,0.9936,0.0049,-0.0299,0.1089,0.181,-3.470,192.502,0.215,-1.564,2.111,0.000,0.000,0.000,0.234,6.708,2.111,0.085,0.996,0.115,-0.07,0.11,1,0
74218,0.062,0.004,1.011,0.157,-1.075,0.158,0.9936,0.0051,-0.0304,0.1089,0.206,-3.526,192.501,0.215,-1.564,2.111,0.000,0.000,0.000,0.105,6.750,2.111,0.123,0.997,0.105,-0.07,-0.18,1,0
74655,0.067,0.003,1.011,-0.070,0.265,0.110,0.9935,0.0052,-0.0329,0.1091,0.184,-3.812,192.525,0.108,-1.564,2.111,0.000,0.000,0.000,-0.554,7.914,2.111,0.487,0.986,0.093,-0.13,-0.50,1,0
74674,0.067,0.003,1.011,0.173,0.328,-0.037,0.9935,0.0051,-0.0330,0.1091,0.164,-3.829,192.527,0.108,-1.564,2.111,0.000,0.000,0.000,-0.292,7.837,2.111,0.471,0.982,0.101,-0.14,-0.48,1,0
74687,0.067,0.004,1.011,0.245,0.313,-0.056,0.9935,0.0054,-0.0328,0.1091,0.201,-3.807,192.524,0.108,-1.564,2.111,0.000,0.000,0.000,-0.455,7.841,2.111,0.458,0.984,0.108,-0.15,-0.48,1,0
74704,0.067,0.004,1.011,0.122,0.380,0.083,0.9935,0.0055,-0.0328,0.1091,0.220,-3.801,192.523,0.108,-1.564,2.111,0.000,0.000,0.000,-0.524,7.766,2.111,0.453,0.986,0.107,-0.15,-0.45,1,0
74724,0.067,0.003,1.011,0.146,0.419,-0.025,0.9935,0.0050,-0.0328,0.1091,0.164,-3.804,192.528,0.215,-1.564,2.111,0.000,0.000,0.000,0.231,7.763,2.111,0.481,0.980,0.106,-0.16,-0.39,1,0
74954,0.066,0.004,1.011,0.037,0.935,-0.038,0.9935,0.0057,-0.0319,0.1092,0.250,-3.709,192.536,0.108,-1.564,2.111,0.000,0.000,0.000,-0.665,7.523,2.111,0.427,0.991,0.118,-0.06,0.27,1,0
74984,0.065,0.003,1.011,-0.006,1.016,-0.086,0.9935,0.0052,-0.0319,0.1092,0.188,-3.700,192.539,0.215,-1.564,2.111,0.000,0.000,0.000,0.047,7.425,2.111,0.485,0.987,0.120,-0.05,0.22,1,0
75002,0.065,0.004,1.011,-0.071,1.033,-0.063,0.9935,0.0053,-0.0317,0.1092,0.209,-3.678,192.537,0.215,-1.564,2.111,0.000,0.000,0.000,0.039,7.387,2.111,0.510,0.981,0.121,-0.05,-0.07,1,0
75016,0.065,0.003,1.011,0.172,1.067,-0.068,0.9935,0.0051,-0.0316,0.1092,0.184,-3.659,192.537,0.108,-1.564,2.111,0.000,0.000,0.000,-0.425,7.325,2.111,0.500,0.979,0.122,-0.06,-0.07,1,0
75034,0.065,0.004,1.012,0.063,1.010,-0.067,0.9935,0.0054,-0.0314,0.1092,0.217,-3.650,192.534,0.108,-1.564,2.111,0.000,0.000,0.000,-0.734,7.303,2.111,0.468,0.980,0.120,-0.06,-0.08,1,0
75047,0.064,0.004,1.011,0.056,1.033,0.011,0.9935,0.0057,-0.0314,0.1092,0.252,-3.652,192.531,0.108,-1.564,2.111,0.000,0.000,0.000,-0.598,7.296,2.111,0.452,0.983,0.114,-0.06,-0.08,1,0
75064,0.064,0.004,1.011,0.033,1.100,0.065,0.9935,0.0053,-0.0315,0.1092,0.213,-3.658,192.535,0.108,-1.564,2.111,0.000,0.000,0.000,-0.800,7.279,2.111,0.448,0.981,0.105,-0.06,-0.15,1,0
75080,0.064,0.003,1.011,-0.115,1.102,0.008,0.9935,0.0051,-0.0312,0.1092,0.194,-3.616,192.536,0.108,-1.564,2.111,0.000,0.000,0.000,-0.409,7.267,2.111,0.470,0.984,0.103,-0.06,-0.14,1,0
75097,0.064,0.003,1.011,-0.140,1.166,0.080,0.9935,0.0049,-0.0310,0.1092,0.168,-3.596,192.538,0.000,-1.564,2.111,0.000,0.000,0.000,-0.383,7.061,2.111,0.487,0.972,0.101,-0.06,-0.09,1,0
75112,0.063,0.003,1.011,0.031,1.148,0.107,0.9935,0.0049,-0.0310,0.1092,0.167,-3.590,192.539,0.000,-1.564,2.111,0.000,0.000,0.000,-1.058,7.109,2.111,0.481,0.970,0.097,-0.06,-0.09,1,0
75130,0.063,0.003,1.011,0.073,1.115,-0.025,0.9935,0.0049,-0.0309,0.1092,0.174,-3.586,192.539,0.000,-1.564,2.111,0.000,0.000,0.000,-0.957,6.988,2.111,0.439,0.975,0.104,-0.05,0.29,1,0
75145,0.063,0.003,1.011,0.157,1.143,-0.000,0.9935,0.0051,-0.0306,0.1092,0.198,-3.546,192.538,0.000,-1.564,2.111,0.000,0.000,0.000,-1.097,6.916,2.111,0.423,0.973,0.107,-0.05,0.29,1,0
75158,0.063,0.004,1.011,0.085,1.193,-0.033,0.9935,0.0050,-0.0305,0.1092,0.193,-3.537,192.538,0.000,-1.564,2.111,0.000,0.000,0.000,-1.196,6.953,2.111,0.409,0.968,0.109,-0.04,0.29,1,0
75176,0.062,0.003,1.011,0.039,1.205,-0.064,0.9935,0.0049,-0.0304,0.1092,0.176,-3.528,192.538,0.000,-1.564,2.111,0.000,0.000,0.000,-0.968,6.892,2.111,0.407,0.963,0.112,-0.04,0.33,1,0
75192,0.062,0.003,1.011,0.034,1.155,-0.026,0.9935,0.0048,-0.0301,0.1092,0.166,-3.492,192.539,0.000,-1.564,2.111,0.000,0.000,0.000,-1.075,6.793,2.111,0.410,0.963,0.111,-0.03,0.33,1,0
75206,0.062,0.003,1.011,0.079,1.193,0.026,0.9936,0.0051,-0.0300,0.1092,0.203,-3.481,192.536,0.000,-1.564,2.111,0.000,0.000,0.000,-1.121,6.722,2.111,0.416,0.964,0.108,-0.03,0.31,1,0
75225,0.061,0.003,1.011,0.074,1.252,-0.003,0.9936,0.0049,-0.0299,0.1092,0.179,-3.472,192.538,0.000,-1.564,2.111,0.000,0.000,0.000,-0.862,6.682,2.111,0.424,0.955,0.105,-0.02,0.30,1,0
75646,0.054,0.003,1.011,0.072,0.524,-0.078,0.9937,0.0044,-0.0261,0.1093,0.170,-3.032,192.547,0.108,-1.564,2.111,0.000,0.000,0.000,-0.208,5.132,2.111,0.465,0.953,0.114,-0.03,-0.39,1,0
75666,0.053,0.003,1.011,0.096,0.473,0.072,0.9937,0.0041,-0.0261,0.1093,0.145,-3.024,192.549,0.108,-1.564,2.111,0.000,0.000,0.000,-0.221,5.098,2.111,0.464,0.960,0.106,-0.04,-0.37,1,0
75684,0.053,0.003,1.011,0.005,0.435,0.007,0.9937,0.0042,-0.0261,0.1093,0.155,-3.023,192.548,0.108,-1.564,2.111,0.000,0.000,0.000,-0.210,5.092,2.111,0.467,0.964,0.104,-0.04,-0.28,1,0
75702,0.053,0.003,1.011,-0.002,0.401,0.076,0.9937,0.0044,-0.0258,0.1093,0.176,-2.989,192.548,0.108,-1.564,2.111,0.000,0.000,0.000,-0.393,5.057,2.111,0.462,0.968,0.099,-0.03,0.39,1,0
75714,0.053,0.003,1.011,0.146,0.350,0.139,0.9937,0.0044,-0.0259,0.1093,0.171,-3.008,192.550,0.108,-1.564,2.111,0.000,0.000,0.000,-0.398,4.960,2.111,0.455,0.970,0.093,-0.02,0.37,1,0
75730,0.053,0.003,1.011,0.131,0.279,0.142,0.9937,0.0043,-0.0257,0.1093,0.163,-2.979,192.552,0.108,-1.564,2.111,0.000,0.000,0.000,-0.298,5.028,2.111,0.450,0.972,0.090,-0.02,0.37,1,0
75935,0.052,0.003,1.011,0.110,-0.277,-0.011,0.9937,0.0043,-0.0252,0.1094,0.172,-2.924,192.564,0.000,-1.564,2.111,0.000,0.000,0.000,-0.950,4.761,2.111,0.402,0.989,0.112,-0.07,-0.60,1,0
75947,0.052,0.003,1.011,0.184,-0.313,-0.013,0.9937,0.0042,-0.0251,0.1094,0.161,-2.917,192.564,0.000,-1.564,2.111,0.000,0.000,0.000,-0.907,4.795,2.111,0.393,0.990,0.112,-0.06,-0.60,1,0
75974,0.052,0.003,1.011,0.023,-0.386,-0.080,0.9937,0.0043,-0.0254,0.1094,0.174,-2.953,192.562,0.000,-1.564,2.111,0.000,0.000,0.000,-0.924,4.829,2.111,0.392,0.992,0.119,-0.06,0.21,1,0
75994,0.052,0.003,1.011,0.126,-0.528,0.091,0.9937,0.0043,-0.0254,0.1094,0.173,-2.945,192.564,-0.054,-1.564,2.111,0.000,0.000,0.000,-1.386,4.837,2.111,0.361,0.994,0.100,-0.06,0.19,1,0
76014,0.052,0.003,1.011,-0.015,-0.430,0.031,0.9937,0.0042,-0.0253,0.1094,0.177,-2.949,192.565,-0.215,-1.564,2.111,0.000,0.000,0.000,-2.098,4.767,2.111,0.338,0.991,0.098,-0.06,0.14,1,0
76026,0.052,0.003,1.011,0.068,-0.643,0.034,0.9937,0.0042,-0.0255,0.1094,0.162,-2.960,192.566,-0.215,-1.564,2.111,0.000,0.000,0.000,-2.033,4.845,2.111,0.303,0.992,0.102,-0.06,0.14,1,0
76042,0.052,0.003,1.011,0.107,-0.690,0.022,0.9937,0.0043,-0.0252,0.1094,0.172,-2.924,192.566,-0.215,-1.564,2.111,0.000,0.000,0.000,-2.153,4.771,2.111,0.276,0.993,0.102,-0.06,-0.20,1,0
76072,0.052,0.003,1.011,-0.061,-0.640,0.072,0.9937,0.0045,-0.0253,0.1095,0.194,-2.937,192.568,-0.215,-1.564,2.111,0.000,0.000,0.000,-2.299,4.778,2.111,0.265,0.988,0.095,-0.07,-0.17,1,0
76086,0.052,0.003,1.010,0.244,-0.855,-0.024,0.9937,0.0043,-0.0253,0.1095,0.176,-2.936,192.569,-0.215,-1.564,2.111,0.000,0.000,0.000,-2.162,4.778,2.111,0.258,0.989,0.101,-0.07,-0.17,1,0
76106,0.052,0.003,1.010,0.199,-0.849,0.003,0.9937,0.0044,-0.0254,0.1095,0.179,-2.947,192.568,-0.215,-1.564,2.111,0.000,0.000,0.000,-2.213,4.785,2.111,0.258,0.991,0.112,-0.07,-0.09,1,0
76133,0.052,0.003,1.010,0.070,-0.776,-0.085,0.9936,0.0043,-0.0256,0.1094,0.171,-2.969,192.567,-0.215,-1.564,2.111,0.000,0.000,0.000,-2.101,4.892,2.111,0.277,0.993,0.120,-0.06,0.03,1,0
76144,0.052,0.003,1.010,0.065,-0.818,0.024,0.9937,0.0043,-0.0255,0.1094,0.169,-2.958,192.567,-0.215,-1.564,2.111,0.000,0.000,0.000,-2.265,4.883,2.111,0.283,0.994,0.114,-0.05,0.03,1,0
76156,0.052,0.003,1.010,0.080,-0.812,0.081,0.9937,0.0043,-0.0254,0.1095,0.171,-2.952,192.567,-0.215,-1.564,2.111,0.000,0.000,0.000,-2.211,4.965,2.111,0.278,0.994,0.105,-0.04,0.98,1,0
76184,0.053,0.004,1.010,-0.097,-0.886,0.042,0.9936,0.0046,-0.0257,0.1094,0.203,-2.985,192.566,-0.215,-1.564,2.111,0.000,0.000,0.000,-2.301,4.967,2.111,0.289,0.995,0.104,-0.02,0.94,1,0
76198,0.053,0.004,1.010,0.051,-0.945,0.244,0.9936,0.0046,-0.0258,0.1095,0.205,-2.998,192.569,-0.215,-1.564,2.111,0.000,0.000,0.000,-2.460,5.018,2.111,0.281,0.996,0.088,-0.02,0.75,1,0
76216,0.053,0.004,1.011,0.045,-0.958,0.157,0.9936,0.0046,-0.0258,0.1095,0.203,-2.995,192.573,-0.054,-1.564,2.111,0.000,0.000,0.000,-1.417,5.052,2.111,0.292,0.997,0.077,-0.03,-0.54,1,0
76234,0.053,0.003,1.011,0.072,-0.989,0.099,0.9936,0.0045,-0.0261,0.1095,0.182,-3.035,192.576,-0.054,-1.564,2.111,0.000,0.000,0.000,-1.401,5.036,2.111,0.345,0.997,0.089,-0.04,-0.51,1,0
76685,0.061,0.003,1.009,0.350,-0.976,0.103,0.9935,0.0051,-0.0301,0.1097,0.199,-3.489,192.592,-5.215,-1.564,2.111,0.000,0.000,0.000,-30.259,6.604,2.111,-0.672,1.000,0.098,0.02,-0.13,1,0
76698,0.061,0.003,1.010,0.102,-0.899,0.075,0.9935,0.0045,-0.0301,0.1097,0.137,-3.490,192.598,-5.215,-1.564,2.111,0.000,0.000,0.000,-30.109,6.673,2.111,-0.715,0.999,0.091,0.02,-0.12,1,0
76714,0.062,0.002,1.010,-0.001,-0.999,-0.070,0.9935,0.0045,-0.0302,0.1097,0.138,-3.497,192.598,-5.215,-1.564,2.111,0.000,0.000,0.000,-29.742,6.752,2.111,-0.757,0.999,0.102,0.02,-0.12,1,0
76732,0.062,0.003,1.010,0.003,-0.940,-0.091,0.9935,0.0051,-0.0305,0.1097,0.192,-3.538,192.593,-5.161,-1.564,2.111,0.000,0.000,0.000,-29.629,6.920,2.111,-0.798,0.999,0.117,0.02,-0.13,1,0
76746,0.063,0.004,1.010,0.011,-0.774,0.169,0.9935,0.0053,-0.0306,0.1097,0.221,-3.553,192.592,-4.570,-1.564,2.111,0.000,0.000,0.000,-30.003,6.905,2.111,-0.824,0.999,0.104,0.01,-0.13,1,0
77000,0.065,0.004,1.013,0.038,-0.296,0.044,0.9934,0.0054,-0.0315,0.1097,0.225,-3.658,192.596,0.108,-1.564,2.111,0.000,0.000,0.000,-0.624,7.232,2.111,0.242,0.987,0.127,0.01,-0.10,1,0
77016,0.065,0.004,1.012,0.021,-0.245,0.142,0.9934,0.0055,-0.0316,0.1097,0.228,-3.671,192.597,0.215,-1.564,2.111,0.000,0.000,0.000,-0.138,7.336,2.111,0.291,0.982,0.109,0.01,-0.06,1,0
77032,0.067,0.004,1.009,-0.033,-0.200,0.219,0.9934,0.0054,-0.0319,0.1097,0.213,-3.699,192.601,0.215,-1.564,2.111,0.000,0.000,0.000,-0.036,7.290,2.111,0.335,0.984,0.091,0.01,-0.06,1,0
77050,0.067,0.003,1.008,-0.114,-0.294,0.280,0.9934,0.0051,-0.0324,0.1098,0.179,-3.752,192.608,0.215,-1.564,2.111,0.000,0.000,0.000,0.201,7.637,2.111,0.356,0.988,0.077,0.01,-0.02,1,0
77066,0.063,0.003,1.017,0.002,-0.146,0.275,0.9934,0.0049,-0.0316,0.1098,0.166,-3.661,192.612,0.108,-1.564,2.111,0.000,0.000,0.000,-0.315,7.398,2.111,0.351,0.987,0.073,0.02,-0.02,1,0
77083,0.065,0.002,1.012,0.037,-0.226,0.016,0.9934,0.0045,-0.0323,0.1099,0.102,-3.739,192.619,0.108,-1.564,2.111,0.000,0.000,0.000,-0.092,7.687,2.111,0.308,0.980,0.090,0.02,0.34,1,0
77104,0.065,0.003,1.011,0.131,-0.075,-0.115,0.9934,0.0050,-0.0319,0.1098,0.169,-3.702,192.612,0.108,-1.564,2.111,0.000,0.000,0.000,-0.131,7.601,2.111,0.277,0.979,0.124,0.03,0.32,1,0
77120,0.065,0.003,1.011,0.046,0.140,-0.021,0.9934,0.0049,-0.0318,0.1098,0.161,-3.683,192.612,0.108,-1.564,2.111,0.000,0.000,0.000,-0.434,7.402,2.111,0.268,0.973,0.125,0.03,0.31,1,0
77146,0.066,0.002,1.012,-0.040,0.291,0.061,0.9934,0.0048,-0.0321,0.1098,0.141,-3.714,192.614,0.215,-1.564,2.111,0.000,0.000,0.000,-0.206,7.514,2.111,0.276,0.958,0.110,0.04,0.28,1,0
77164,0.066,0.002,1.011,0.144,0.196,0.036,0.9934,0.0047,-0.0322,0.1099,0.128,-3.725,192.617,0.215,-1.564,2.111,0.000,0.000,0.000,0.408,7.486,2.111,0.288,0.965,0.103,0.05,0.27,1,0
77182,0.066,0.002,1.011,0.163,0.268,0.034,0.9934,0.0047,-0.0322,0.1099,0.130,-3.725,192.618,0.215,-1.564,2.111,0.000,0.000,0.000,0.438,7.469,2.111,0.297,0.970,0.103,0.04,0.22,1,0
77196,0.066,0.003,1.011,0.223,0.291,-0.032,0.9934,0.0050,-0.0322,0.1099,0.159,-3.735,192.616,0.215,-1.564,2.111,0.000,0.000,0.000,0.440,7.558,2.111,0.285,0.973,0.109,0.04,-0.08,1,0
77214,0.066,0.003,1.011,0.151,0.399,-0.148,0.9934,0.0050,-0.0322,0.1098,0.163,-3.735,192.614,0.215,-1.564,2.111,0.000,0.000,0.000,0.417,7.530,2.111,0.276,0.978,0.125,0.04,-0.08,1,0
77232,0.066,0.003,1.011,-0.012,0.416,-0.005,0.9934,0.0050,-0.0323,0.1098,0.160,-3.747,192.613,0.215,-1.564,2.111,0.000,0.000,0.000,0.287,7.569,2.111,0.278,0.979,0.123,0.04,-0.08,1,0
77255,0.066,0.003,1.011,-0.094,0.466,0.160,0.9934,0.0049,-0.0322,0.1099,0.155,-3.733,192.615,0.215,-1.564,2.111,0.000,0.000,0.000,0.208,7.558,2.111,0.280,0.984,0.100,0.04,-0.03,1,0
77706,0.061,0.003,1.011,-0.223,1.072,0.076,0.9935,0.0048,-0.0295,0.1099,0.171,-3.423,192.615,3.871,-1.564,2.111,0.000,0.000,0.000,21.190,6.466,2.111,0.947,0.920,0.111,0.02,-0.21,1,0
77722,0.060,0.003,1.011,-0.163,0.959,0.345,0.9935,0.0049,-0.0293,0.1099,0.186,-3.399,192.618,3.817,-1.564,2.111,0.000,0.000,0.000,20.253,6.415,2.111,0.955,0.931,0.076,0.01,-0.28,1,0
77754,0.060,0.003,1.011,0.019,0.939,0.058,0.9935,0.0050,-0.0292,0.1099,0.200,-3.383,192.623,3.011,-1.564,2.111,0.000,0.000,0.000,15.902,6.328,2.111,0.966,0.948,0.080,0.01,-0.25,1,0
77770,0.059,0.002,1.011,0.320,0.865,-0.093,0.9935,0.0043,-0.0289,0.1100,0.127,-3.347,192.627,2.957,-1.564,2.111,0.000,0.000,0.000,15.794,6.221,2.111,0.797,0.944,0.102,0.00,-0.22,1,0
77977,0.056,0.003,1.012,-0.166,0.719,-0.069,0.9936,0.0045,-0.0271,0.1099,0.174,-3.147,192.622,0.376,-1.564,2.111,0.000,0.000,0.000,1.620,5.591,2.111,0.438,0.942,0.111,-0.07,-0.58,1,0
77995,0.055,0.004,1.011,-0.122,0.645,0.160,0.9936,0.0051,-0.0269,0.1099,0.242,-3.124,192.619,0.376,-1.564,2.111,0.000,0.000,0.000,0.863,5.466,2.111,0.250,0.944,0.099,-0.08,-0.55,1,0
78022,0.055,0.004,1.011,-0.008,0.599,0.140,0.9936,0.0047,-0.0267,0.1100,0.202,-3.100,192.625,0.215,-1.564,2.111,0.000,0.000,0.000,0.754,5.438,2.111,0.163,0.954,0.084,-0.09,-0.53,1,0
78047,0.054,0.004,1.012,0.243,0.419,0.046,0.9936,0.0047,-0.0265,0.1100,0.207,-3.078,192.627,0.215,-1.564,2.111,0.000,0.000,0.000,0.054,5.289,2.111,0.101,0.958,0.094,-0.09,-0.40,1,0
78072,0.054,0.002,1.012,0.177,0.437,-0.138,0.9936,0.0040,-0.0264,0.1100,0.128,-3.053,192.630,0.215,-1.564,2.111,0.000,0.000,0.000,0.490,5.122,2.111,0.143,0.962,0.119,-0.07,0.47,1,0
78090,0.055,0.003,1.010,-0.048,0.540,0.087,0.9936,0.0044,-0.0266,0.1100,0.167,-3.084,192.628,0.215,-1.564,2.111,0.000,0.000,0.000,0.246,5.230,2.111,0.185,0.956,0.111,-0.07,0.41,1,0
78105,0.053,0.003,1.014,0.027,0.534,0.025,0.9936,0.0043,-0.0259,0.1100,0.158,-3.008,192.630,0.376,-1.564,2.111,0.000,0.000,0.000,0.353,5.291,2.111,0.207,0.953,0.103,-0.06,0.41,1,0
78123,0.054,0.003,1.012,0.114,0.430,-0.230,0.9936,0.0043,-0.0261,0.1100,0.163,-3.024,192.627,0.376,-1.564,2.111,0.000,0.000,0.000,1.228,5.250,2.111,0.267,0.957,0.120,-0.06,0.09,1,0
78143,0.054,0.004,1.011,0.096,0.343,-0.084,0.9936,0.0049,-0.0262,0.1099,0.225,-3.050,192.621,0.430,-1.564,2.111,0.000,0.000,0.000,0.813,5.177,2.111,0.296,0.965,0.127,-0.06,0.09,1,0
78163,0.054,0.003,1.011,0.177,0.334,-0.111,0.9936,0.0045,-0.0261,0.1099,0.183,-3.030,192.623,1.129,-1.564,2.111,0.000,0.000,0.000,1.404,5.145,2.111,0.316,0.970,0.117,-0.06,0.09,1,0
78184,0.053,0.003,1.012,-0.028,0.273,0.042,0.9936,0.0046,-0.0260,0.1099,0.194,-3.018,192.622,1.720,-1.564,2.111,0.000,0.000,0.000,5.769,5.158,2.111,0.387,0.974,0.114,-0.06,0.12,1,0
78200,0.053,0.003,1.011,0.012,0.243,0.205,0.9936,0.0044,-0.0261,0.1100,0.170,-3.033,192.625,2.581,-1.564,2.111,0.000,0.000,0.000,13.437,5.050,2.111,0.468,0.976,0.095,-0.06,0.11,1,0
78216,0.053,0.003,1.012,-0.059,0.212,0.131,0.9936,0.0045,-0.0259,0.1100,0.190,-3.002,192.628,3.871,-1.564,2.111,0.000,0.000,0.000,17.474,5.103,2.111,0.583,0.979,0.085,-0.05,0.11,1,0
78232,0.053,0.004,1.011,-0.402,0.238,0.151,0.9936,0.0048,-0.0258,0.1100,0.221,-2.994,192.627,3.871,-1.564,2.111,0.000,0.000,0.000,20.417,5.030,2.111,0.623,0.978,0.085,-0.05,0.11,1,0
78256,0.052,0.004,1.011,0.338,0.018,0.101,0.9936,0.0048,-0.0254,0.1100,0.221,-2.958,192.633,4.516,-1.564,2.111,0.000,0.000,0.000,20.226,4.950,2.111,0.721,0.983,0.085,-0.05,0.14,1,0
78275,0.053,0.003,1.012,0.274,-0.096,-0.132,0.9936,0.0045,-0.0258,0.1100,0.183,-2.991,192.634,4.570,-1.564,2.111,0.000,0.000,0.000,24.247,5.052,2.111,0.768,0.986,0.111,-0.04,0.14,1,0
78684,0.055,0.003,1.011,0.035,-0.872,0.073,0.9935,0.0044,-0.0268,0.1102,0.163,-3.112,192.651,3.226,-1.564,2.111,0.000,0.000,0.000,17.047,5.408,2.111,0.965,0.998,0.110,-0.02,-0.56,1,0
78711,0.055,0.003,1.011,-0.018,-0.937,0.030,0.9935,0.0047,-0.0269,0.1102,0.199,-3.119,192.650,3.226,-1.564,2.111,0.000,0.000,0.000,16.892,5.409,2.111,0.966,0.999,0.109,-0.03,-0.35,1,0
78724,0.055,0.004,1.011,0.070,-0.928,0.064,0.9935,0.0049,-0.0270,0.1102,0.223,-3.137,192.650,3.226,-1.564,2.111,0.000,0.000,0.000,16.888,5.468,2.111,0.972,0.999,0.105,-0.04,-0.34,1,0
78736,0.056,0.004,1.011,0.049,-0.978,0.055,0.9935,0.0048,-0.0271,0.1102,0.200,-3.150,192.652,3.226,-1.564,2.111,0.000,0.000,0.000,16.883,5.533,2.111,0.974,0.999,0.104,-0.04,-0.28,1,0
78760,0.056,0.004,1.011,0.110,-1.011,0.073,0.9935,0.0048,-0.0273,0.1102,0.201,-3.165,192.653,3.226,-1.564,2.111,0.000,0.000,0.000,16.755,5.580,2.111,0.979,0.999,0.107,-0.04,0.09,1,0
78774,0.056,0.003,1.011,0.124,-1.014,0.066,0.9935,0.0045,-0.0273,0.1102,0.165,-3.172,192.656,3.226,-1.564,2.111,0.000,0.000,0.000,16.996,5.639,2.111,0.983,0.999,0.101,-0.03,0.08,1,0
78796,0.056,0.003,1.011,0.090,-1.057,0.074,0.9935,0.0047,-0.0277,0.1102,0.181,-3.209,192.657,3.226,-1.564,2.111,0.000,0.000,0.000,17.073,5.661,2.111,0.986,0.999,0.101,-0.03,0.08,1,0
79402,0.066,0.003,1.010,0.055,-0.448,0.056,0.9933,0.0050,-0.0321,0.1104,0.159,-3.718,192.683,0.376,-1.564,2.111,0.000,0.000,0.000,1.197,7.346,2.111,0.183,1.000,0.097,-0.08,-0.02,1,0
79625,0.067,0.003,1.011,0.107,0.240,0.059,0.9933,0.0050,-0.0328,0.1105,0.158,-3.800,192.689,0.000,-1.564,2.111,0.000,0.000,0.000,-0.222,7.686,2.111,0.290,0.976,0.078,-0.02,-0.10,1,0
79642,0.067,0.002,1.011,0.228,0.358,-0.115,0.9933,0.0048,-0.0326,0.1105,0.138,-3.777,192.690,0.000,-1.564,2.111,0.000,0.000,0.000,-0.762,7.751,2.111,0.267,0.979,0.102,-0.02,-0.09,1,0
79658,0.067,0.002,1.011,0.149,0.488,-0.239,0.9933,0.0048,-0.0328,0.1105,0.137,-3.794,192.687,-0.591,-1.564,2.111,0.000,0.000,0.000,-0.727,7.791,2.111,0.256,0.980,0.122,-0.02,-0.07,1,0
79684,0.067,0.003,1.010,0.216,0.556,-0.105,0.9933,0.0052,-0.0328,0.1104,0.177,-3.802,192.680,-2.634,-1.564,2.111,0.000,0.000,0.000,-10.739,7.711,2.111,-0.014,0.975,0.129,-0.02,0.13,1,0
79714,0.067,0.004,1.010,0.240,0.544,0.094,0.9933,0.0057,-0.0326,0.1104,0.241,-3.790,192.676,-6.022,-1.564,2.111,0.000,0.000,0.000,-29.964,7.798,2.111,-0.210,0.980,0.105,-0.02,0.13,1,0
79730,0.066,0.004,1.011,-0.094,0.594,0.292,0.9933,0.0057,-0.0323,0.1104,0.237,-3.756,192.679,-7.204,-1.564,2.111,0.000,0.000,0.000,-38.973,7.598,2.111,-0.342,0.982,0.078,-0.02,0.11,1,0
79738,0.066,0.004,1.011,-0.262,0.603,0.294,0.9933,0.0056,-0.0322,0.1105,0.229,-3.736,192.684,-8.011,-1.564,2.111,0.000,0.000,0.000,-42.081,7.695,2.111,-0.428,0.984,0.061,-0.02,0.00,1,0
79755,0.066,0.004,1.012,-0.223,0.480,0.107,0.9933,0.0053,-0.0321,0.1105,0.193,-3.723,192.690,-8.763,-1.564,2.111,0.000,0.000,0.000,-50.065,7.589,2.111,-0.514,0.986,0.071,-0.02,0.00,1,0
79782,0.066,0.004,1.011,-0.117,0.676,0.103,0.9933,0.0055,-0.0322,0.1105,0.218,-3.742,192.690,-10.161,-1.564,2.111,0.000,0.000,0.000,-53.450,7.592,2.111,-0.611,0.987,0.087,-0.02,-0.04,1,0
79796,0.067,0.003,1.009,0.260,0.661,-0.015,0.9933,0.0052,-0.0324,0.1105,0.182,-3.751,192.693,-10.753,-1.564,2.111,0.000,0.000,0.000,-57.887,7.498,2.111,-0.648,0.984,0.096,-0.02,-0.04,1,0
79807,0.065,0.003,1.013,0.399,0.593,-0.332,0.9933,0.0050,-0.0319,0.1105,0.168,-3.694,192.691,-11.452,-1.564,2.111,0.000,0.000,0.000,-64.728,7.577,2.111,-0.712,0.987,0.132,-0.03,-0.37,1,0
79824,0.064,0.004,1.014,0.136,0.778,-0.238,0.9934,0.0054,-0.0318,0.1105,0.214,-3.695,192.683,-11.935,-1.564,2.111,0.000,0.000,0.000,-67.670,7.565,2.111,-0.755,0.982,0.148,-0.04,-0.36,1,0
79842,0.065,0.004,1.012,-0.083,0.998,-0.034,0.9934,0.0054,-0.0319,0.1104,0.212,-3.697,192.681,-12.043,-1.564,2.111,0.000,0.000,0.000,-67.792,7.590,2.111,-0.800,0.952,0.125,-0.04,-0.34,1,0
79864,0.065,0.004,1.011,-0.135,0.862,0.011,0.9934,0.0055,-0.0316,0.1104,0.232,-3.670,192.680,-12.634,-1.564,2.111,0.000,0.000,0.000,-71.574,7.428,2.111,-0.840,0.961,0.110,-0.06,-0.35,1,0
79878,0.065,0.004,1.011,-0.056,0.910,0.101,0.9934,0.0054,-0.0315,0.1104,0.215,-3.651,192.681,-12.634,-1.564,2.111,0.000,0.000,0.000,-71.717,7.185,2.111,-0.852,0.960,0.102,-0.06,-0.56,1,0
79898,0.064,0.004,1.012,0.053,1.016,0.089,0.9934,0.0055,-0.0312,0.1105,0.227,-3.626,192.683,-12.796,-1.564,2.111,0.000,0.000,0.000,-72.434,7.218,2.111,-0.884,0.943,0.087,-0.07,-0.53,1,0
79916,0.065,0.004,1.011,0.054,1.000,0.072,0.9934,0.0054,-0.0313,0.1105,0.219,-3.635,192.685,-12.796,-1.564,2.111,0.000,0.000,0.000,-72.626,7.301,2.111,-0.905,0.954,0.092,-0.08,-0.47,1,0
80338,0.057,0.003,1.011,-0.031,0.876,-0.006,0.9935,0.0045,-0.0279,0.1106,0.158,-3.230,192.695,0.000,-1.564,2.111,0.000,0.000,0.000,-0.731,5.860,2.111,0.293,0.923,0.117,0.02,0.13,1,0
80347,0.057,0.003,1.010,-0.170,0.830,0.059,0.9935,0.0046,-0.0279,0.1106,0.167,-3.238,192.695,0.000,-1.564,2.111,0.000,0.000,0.000,-0.879,5.887,2.111,0.309,0.929,0.113,0.02,0.13,1,0
80364,0.056,0.004,1.011,-0.298,0.835,0.177,0.9935,0.0048,-0.0275,0.1106,0.196,-3.191,192.696,0.000,-1.564,2.111,0.000,0.000,0.000,-1.112,5.703,2.111,0.316,0.937,0.097,0.02,0.13,1,0
80384,0.056,0.003,1.011,-0.046,0.804,0.033,0.9935,0.0046,-0.0273,0.1106,0.178,-3.169,192.699,0.000,-1.564,2.111,0.000,0.000,0.000,-1.004,5.607,2.111,0.292,0.934,0.098,0.02,0.13,1,0
80404,0.056,0.004,1.010,0.021,0.855,0.103,0.9935,0.0050,-0.0274,0.1106,0.228,-3.184,192.697,0.000,-1.564,2.111,0.000,0.000,0.000,-1.146,5.648,2.111,0.272,0.937,0.105,0.03,0.16,1,0
80420,0.056,0.003,1.010,0.129,0.776,0.130,0.9935,0.0047,-0.0273,0.1106,0.190,-3.171,192.701,0.000,-1.564,2.111,0.000,0.000,0.000,-1.147,5.616,2.111,0.260,0.941,0.098,0.03,0.15,1,0
80640,0.052,0.003,1.011,0.139,0.415,-0.037,0.9935,0.0045,-0.0256,0.1106,0.186,-2.972,192.703,0.000,-1.564,2.111,0.000,0.000,0.000,-0.794,4.964,2.111,0.238,0.946,0.126,-0.02,-0.27,1,0
80660,0.052,0.003,1.011,0.008,0.363,0.072,0.9935,0.0041,-0.0257,0.1107,0.143,-2.979,192.707,0.000,-1.564,2.111,0.000,0.000,0.000,-0.879,4.956,2.111,0.232,0.947,0.105,-0.01,0.38,1,0
80680,0.052,0.003,1.011,0.125,0.313,0.049,0.9935,0.0042,-0.0254,0.1107,0.151,-2.948,192.707,0.000,-1.564,2.111,0.000,0.000,0.000,-0.947,4.878,2.111,0.237,0.952,0.104,-0.00,0.36,1,0
80696,0.052,0.003,1.011,0.133,0.288,0.032,0.9935,0.0044,-0.0254,0.1107,0.175,-2.951,192.706,0.000,-1.564,2.111,0.000,0.000,0.000,-0.947,4.878,2.111,0.231,0.954,0.103,0.00,0.36,1,0
80707,0.052,0.003,1.011,-0.015,0.184,0.092,0.9935,0.0044,-0.0254,0.1107,0.177,-2.948,192.707,0.000,-1.564,2.111,0.000,0.000,0.000,-1.122,4.780,2.111,0.220,0.960,0.097,-0.01,0.28,1,0
80720,0.052,0.004,1.011,0.057,0.115,0.084,0.9935,0.0047,-0.0253,0.1107,0.220,-2.939,192.706,0.000,-1.564,2.111,0.000,0.000,0.000,-1.036,4.779,2.111,0.216,0.961,0.096,-0.01,-0.27,1,0
80743,0.052,0.003,1.011,0.086,0.036,0.109,0.9935,0.0044,-0.0254,0.1107,0.181,-2.944,192.711,0.000,-1.564,2.111,0.000,0.000,0.000,-1.020,4.799,2.111,0.198,0.969,0.095,-0.01,-0.26,1,0
80760,0.052,0.003,1.010,0.124,0.004,0.092,0.9935,0.0042,-0.0254,0.1107,0.158,-2.950,192.713,0.000,-1.564,2.111,0.000,0.000,0.000,-1.008,4.822,2.111,0.208,0.974,0.097,-0.02,-0.28,1,0
80778,0.052,0.003,1.010,0.076,0.005,0.072,0.9935,0.0042,-0.0254,0.1107,0.159,-2.944,192.715,0.000,-1.564,2.111,0.000,0.000,0.000,-1.016,4.808,2.111,0.205,0.978,0.098,-0.03,-0.58,1,0
80795,0.052,0.003,1.011,0.092,-0.041,-0.024,0.9935,0.0044,-0.0255,0.1107,0.172,-2.964,192.714,0.000,-1.564,2.111,0.000,0.000,0.000,-0.859,4.825,2.111,0.214,0.977,0.109,-0.04,-0.55,1,0
80822,0.052,0.003,1.011,0.138,-0.149,-0.045,0.9935,0.0045,-0.0253,0.1107,0.191,-2.936,192.712,-0.054,-1.564,2.111,0.000,0.000,0.000,-1.363,4.793,2.111,0.192,0.983,0.116,-0.06,-0.53,1,0
80836,0.052,0.003,1.011,0.134,-0.220,-0.015,0.9935,0.0045,-0.0253,0.1107,0.194,-2.939,192.712,-0.054,-1.564,2.111,0.000,0.000,0.000,-1.394,4.795,2.111,0.173,0.985,0.115,-0.06,-0.49,1,0
80846,0.052,0.003,1.010,0.048,-0.227,0.081,0.9935,0.0045,-0.0253,0.1107,0.195,-2.941,192.712,-0.054,-1.564,2.111,0.000,0.000,0.000,-1.378,4.803,2.111,0.171,0.987,0.109,-0.07,-0.49,1,0
80864,0.051,0.003,1.010,0.079,-0.291,0.136,0.9935,0.0043,-0.0251,0.1107,0.170,-2.915,192.714,-0.645,-1.564,2.111,0.000,0.000,0.000,-1.388,4.730,2.111,0.172,0.988,0.099,-0.07,-0.41,1,0
80882,0.051,0.003,1.011,-0.033,-0.336,0.079,0.9935,0.0041,-0.0251,0.1108,0.150,-2.907,192.718,-1.720,-1.564,2.111,0.000,0.000,0.000,-8.264,4.765,2.111,0.000,0.990,0.094,-0.08,-0.39,1,0
80903,0.052,0.003,1.010,0.110,-0.374,0.071,0.9935,0.0042,-0.0251,0.1108,0.161,-2.912,192.718,-3.441,-1.564,2.111,0.000,0.000,0.000,-20.141,4.777,2.111,-0.215,0.992,0.099,-0.09,-0.37,1,0
80927,0.052,0.003,1.010,0.077,-0.478,0.220,0.9935,0.0044,-0.0251,0.1108,0.188,-2.913,192.721,-5.753,-1.564,2.111,0.000,0.000,0.000,-29.850,4.782,2.111,-0.384,0.994,0.087,-0.09,-0.30,1,0
81383,0.057,0.003,1.008,-0.066,-1.083,0.211,0.9934,0.0048,-0.0279,0.1110,0.188,-3.243,192.745,-1.720,-1.564,2.111,0.000,0.000,0.000,-10.646,5.773,2.111,-0.443,1.000,0.082,-0.08,0.38,1,0
81396,0.057,0.003,1.008,0.023,-1.149,-0.070,0.9934,0.0046,-0.0279,0.1110,0.175,-3.234,192.747,-2.204,-1.564,2.111,0.000,0.000,0.000,-10.372,5.894,2.111,-0.465,1.000,0.099,-0.08,0.36,1,0
81414,0.058,0.003,1.009,0.294,-1.132,-0.174,0.9934,0.0048,-0.0282,0.1110,0.182,-3.273,192.745,-2.204,-1.564,2.111,0.000,0.000,0.000,-13.356,5.900,2.111,-0.501,1.000,0.118,-0.07,0.36,1,0
81435,0.058,0.003,1.009,0.427,-1.078,-0.201,0.9934,0.0048,-0.0285,0.1110,0.181,-3.305,192.742,-3.011,-1.564,2.111,0.000,0.000,0.000,-13.402,6.075,2.111,-0.592,1.000,0.137,-0.06,0.36,1,0
81653,0.061,0.003,1.010,0.025,-0.852,0.183,0.9934,0.0047,-0.0300,0.1109,0.157,-3.475,192.735,-8.226,-1.564,2.111,0.000,0.000,0.000,-46.745,6.702,2.111,-0.958,1.000,0.092,-0.03,-0.26,1,0
81672,0.062,0.002,1.010,0.229,-1.045,-0.121,0.9934,0.0044,-0.0304,0.1109,0.120,-3.518,192.737,-8.333,-1.564,2.111,0.000,0.000,0.000,-47.154,6.771,2.111,-0.966,1.000,0.109,-0.04,-0.20,1,0
81687,0.062,0.004,1.010,0.051,-0.996,-0.132,0.9934,0.0051,-0.0305,0.1109,0.189,-3.535,192.730,-8.441,-1.564,2.111,0.000,0.000,0.000,-47.897,6.851,2.111,-0.970,1.000,0.124,-0.03,-0.20,1,0
81706,0.063,0.004,1.010,0.085,-0.800,0.218,0.9933,0.0051,-0.0306,0.1109,0.191,-3.544,192.732,-8.495,-1.564,2.111,0.000,0.000,0.000,-48.418,6.882,2.111,-0.976,1.000,0.097,-0.03,0.25,1,0
81736,0.063,0.003,1.010,-0.116,-0.750,0.052,0.9933,0.0047,-0.0308,0.1109,0.143,-3.569,192.738,-9.785,-1.564,2.111,0.000,0.000,0.000,-51.315,6.970,2.111,-0.980,1.000,0.089,-0.02,0.24,1,0
81747,0.063,0.003,1.010,0.116,-0.810,-0.048,0.9933,0.0049,-0.0309,0.1109,0.171,-3.584,192.735,-11.290,-1.564,2.111,0.000,0.000,0.000,-60.088,6.894,2.111,-0.984,1.000,0.108,-0.03,0.18,1,0
81766,0.063,0.003,1.010,0.107,-0.772,-0.092,0.9933,0.0051,-0.0309,0.1109,0.190,-3.580,192.733,-13.602,-1.564,2.111,0.000,0.000,0.000,-72.034,7.076,2.111,-0.987,1.000,0.116,-0.03,-0.20,1,0
81784,0.064,0.004,1.011,-0.042,-0.662,0.008,0.9933,0.0054,-0.0311,0.1109,0.217,-3.606,192.731,-15.054,-1.564,2.111,0.000,0.000,0.000,-85.191,7.162,2.111,-0.989,1.000,0.115,-0.03,-0.19,1,0
81800,0.064,0.004,1.011,0.229,-0.620,0.048,0.9933,0.0054,-0.0311,0.1109,0.219,-3.615,192.731,-15.806,-1.564,2.111,0.000,0.000,0.000,-85.806,7.100,2.111,-0.990,1.000,0.104,-0.04,-0.17,1,0
81822,0.064,0.004,1.011,-0.074,-0.551,-0.031,0.9933,0.0054,-0.0312,0.1109,0.223,-3.625,192.730,-18.172,-1.466,2.111,0.000,0.000,0.000,-90.000,7.514,2.111,-0.992,1.000,0.112,-0.04,-0.05,1,0
81838,0.064,0.004,1.010,0.074,-0.555,0.101,0.9933,0.0054,-0.0313,0.1109,0.220,-3.629,192.731,-19.301,-1.466,2.111,0.000,0.000,0.000,-90.000,7.494,2.111,-0.993,1.000,0.104,-0.04,-0.05,1,0
81852,0.064,0.004,1.011,0.084,-0.517,0.040,0.9933,0.0054,-0.0315,0.1109,0.211,-3.661,192.733,-21.505,-1.466,2.111,0.000,0.000,0.000,-90.000,7.562,2.111,-0.994,1.000,0.098,-0.04,-0.04,1,0
81866,0.065,0.004,1.011,-0.043,-0.574,-0.066,0.9933,0.0053,-0.0314,0.1109,0.202,-3.647,192.733,-22.796,-1.466,2.111,0.000,0.000,0.000,-90.000,7.498,2.111,-0.995,1.000,0.105,-0.04,-0.04,1,0
81884,0.065,0.004,1.011,0.098,-0.543,0.074,0.9933,0.0056,-0.0315,0.1109,0.240,-3.662,192.731,-23.602,-1.369,2.111,0.000,0.000,0.000,-90.000,7.873,2.111,-0.996,1.000,0.105,-0.04,-0.07,1,0
81903,0.065,0.004,1.011,0.003,-0.370,0.102,0.9933,0.0056,-0.0315,0.1109,0.234,-3.663,192.734,-24.946,-1.369,2.111,0.000,0.000,0.000,-90.000,7.902,2.111,-0.997,1.000,0.092,-0.05,-0.29,1,0
81923,0.065,0.003,1.011,0.184,-0.376,-0.016,0.9933,0.0052,-0.0316,0.1109,0.195,-3.662,192.737,-25.538,-1.369,2.111,0.000,0.000,0.000,-90.000,7.868,2.111,-0.997,1.000,0.101,-0.06,-0.28,1,0
81944,0.065,0.004,1.011,0.135,-0.356,-0.112,0.9933,0.0054,-0.0317,0.1109,0.208,-3.684,192.735,-26.183,-1.369,2.111,0.000,0.000,0.000,-90.000,8.043,2.111,-0.998,1.000,0.113,-0.05,-0.21,1,0
82387,0.065,0.004,1.010,0.103,0.764,0.039,0.9933,0.0054,-0.0318,0.1110,0.208,-3.693,192.742,-20.323,-1.564,2.111,0.000,0.000,0.000,-90.000,7.247,2.111,-1.000,0.946,0.101,-0.13,-0.17,1,0
82404,0.065,0.004,1.011,-0.029,0.712,0.078,0.9933,0.0054,-0.0317,0.1110,0.211,-3.678,192.743,-19.731,-1.564,2.111,0.000,0.000,0.000,-90.000,7.325,2.111,-1.000,0.927,0.098,-0.14,-0.19,1,0
82425,0.065,0.004,1.011,0.035,0.790,0.030,0.9933,0.0052,-0.0314,0.1110,0.191,-3.643,192.746,-19.086,-1.564,2.111,0.000,0.000,0.000,-90.000,7.274,2.111,-1.000,0.931,0.097,-0.15,-0.42,1,0
82444,0.064,0.003,1.010,0.138,0.773,-0.072,0.9933,0.0051,-0.0313,0.1110,0.187,-3.634,192.746,-18.495,-1.564,2.111,0.000,0.000,0.000,-90.000,7.223,2.111,-1.000,0.934,0.107,-0.15,-0.40,1,0
82660,0.062,0.003,1.011,0.230,1.021,0.000,0.9934,0.0051,-0.0300,0.1110,0.200,-3.477,192.746,-10.161,-1.564,2.111,0.000,0.000,0.000,-61.591,6.696,2.111,-0.548,0.957,0.109,-0.21,-0.37,1,0
82686,0.061,0.003,1.010,-0.049,0.935,0.016,0.9934,0.0049,-0.0299,0.1110,0.180,-3.464,192.748,-8.226,-1.564,2.111,0.000,0.000,0.000,-50.482,6.592,2.111,-0.450,0.963,0.107,-0.22,-0.45,1,0
82706,0.061,0.003,1.011,0.024,0.915,0.110,0.9934,0.0047,-0.0296,0.1110,0.163,-3.430,192.750,-6.882,-1.564,2.111,0.000,0.000,0.000,-39.305,6.590,2.111,-0.447,0.965,0.099,-0.23,-0.42,1,0
82724,0.061,0.003,1.009,-0.049,0.935,-0.042,0.9934,0.0047,-0.0298,0.1110,0.157,-3.455,192.751,-5.430,-1.564,2.111,0.000,0.000,0.000,-35.397,6.612,2.111,-0.163,0.972,0.103,-0.24,-0.41,1,0
82746,0.060,0.003,1.010,0.018,0.901,-0.005,0.9934,0.0048,-0.0296,0.1110,0.171,-3.431,192.750,-4.892,-1.564,2.111,0.000,0.000,0.000,-28.179,6.535,2.111,-0.006,0.962,0.108,-0.25,-0.48,1,0
82764,0.061,0.003,1.008,-0.050,0.860,0.040,0.9934,0.0049,-0.0296,0.1110,0.177,-3.438,192.750,-4.785,-1.564,2.111,0.000,0.000,0.000,-27.715,6.316,2.111,-0.046,0.963,0.104,-0.26,-0.46,1,0
82782,0.062,0.003,1.005,0.038,0.994,0.049,0.9934,0.0048,-0.0293,0.1110,0.174,-3.399,192.751,-4.731,-1.564,2.111,0.000,0.000,0.000,-27.405,6.256,2.111,-0.199,0.947,0.099,-0.25,-0.37,1,0
82804,0.059,0.003,1.010,0.047,0.918,0.082,0.9934,0.0047,-0.0288,0.1111,0.168,-3.338,192.754,-4.140,-1.564,2.111,0.000,0.000,0.000,-27.269,6.158,2.111,-0.346,0.943,0.094,-0.25,0.21,1,0
82824,0.059,0.003,1.010,-0.006,0.768,0.155,0.9934,0.0047,-0.0288,0.1111,0.168,-3.335,192.756,-4.140,-1.564,2.111,0.000,0.000,0.000,-24.155,6.155,2.111,-0.390,0.949,0.092,-0.25,0.20,1,0
82840,0.059,0.003,1.011,-0.029,0.863,0.064,0.9934,0.0046,-0.0288,0.1111,0.158,-3.335,192.758,-4.032,-1.564,2.111,0.000,0.000,0.000,-23.254,6.178,2.111,-0.477,0.947,0.095,-0.24,0.18,1,0
82856,0.058,0.004,1.011,-0.327,0.958,0.085,0.9934,0.0052,-0.0282,0.1111,0.238,-3.282,192.754,-3.925,-1.564,2.111,0.000,0.000,0.000,-22.785,6.160,2.111,-0.554,0.949,0.098,-0.24,0.13,1,0
82874,0.058,0.003,1.010,0.078,0.838,0.086,0.9934,0.0048,-0.0283,0.1111,0.190,-3.286,192.759,-3.441,-1.564,2.111,0.000,0.000,0.000,-22.745,5.954,2.111,-0.628,0.950,0.093,-0.24,0.13,1,0
82890,0.058,0.003,1.011,0.424,0.803,-0.071,0.9934,0.0048,-0.0283,0.1111,0.187,-3.280,192.759,-3.280,-1.564,2.111,0.000,0.000,0.000,-20.280,5.999,2.111,-0.641,0.952,0.104,-0.24,0.12,1,0
82916,0.058,0.003,1.011,0.281,0.936,-0.256,0.9934,0.0046,-0.0280,0.1111,0.167,-3.251,192.755,-2.151,-1.564,2.111,0.000,0.000,0.000,-12.803,5.942,2.111,-0.426,0.948,0.139,-0.24,0.09,1,0
82938,0.057,0.003,1.011,-0.021,0.906,-0.150,0.9934,0.0047,-0.0278,0.1110,0.179,-3.229,192.749,-1.720,-1.564,2.111,0.000,0.000,0.000,-10.559,5.742,2.111,-0.220,0.946,0.137,-0.24,-0.13,1,0
82962,0.057,0.003,1.011,0.010,0.842,-0.168,0.9934,0.0048,-0.0276,0.1110,0.200,-3.201,192.745,-1.720,-1.564,2.111,0.000,0.000,0.000,-10.597,5.745,2.111,-0.193,0.946,0.129,-0.24,-0.12,1,0
83394,0.053,0.003,1.010,-0.030,-0.225,0.170,0.9935,0.0041,-0.0257,0.1111,0.137,-2.984,192.756,0.000,-1.564,2.111,0.000,0.000,0.000,-0.921,4.914,2.111,-0.400,0.937,0.065,-0.33,0.23,1,0
83412,0.052,0.002,1.010,0.032,-0.346,-0.178,0.9935,0.0040,-0.0257,0.1111,0.131,-2.981,192.756,0.000,-1.564,2.111,0.000,0.000,0.000,-0.738,4.949,2.111,-0.395,0.948,0.098,-0.33,0.22,1,0
83426,0.052,0.003,1.010,0.276,-0.332,-0.315,0.9935,0.0044,-0.0255,0.1110,0.174,-2.962,192.751,0.000,-1.564,2.111,0.000,0.000,0.000,-0.835,4.899,2.111,-0.393,0.953,0.118,-0.33,0.22,1,0
83440,0.053,0.004,1.010,0.066,-0.355,-0.193,0.9935,0.0047,-0.0257,0.1110,0.214,-2.984,192.745,0.000,-1.564,2.111,0.000,0.000,0.000,-1.142,4.959,2.111,-0.412,0.960,0.136,-0.33,0.15,1,0
83463,0.053,0.004,1.011,0.021,-0.055,0.016,0.9935,0.0047,-0.0257,0.1110,0.206,-2.982,192.744,0.000,-1.564,2.111,0.000,0.000,0.000,-1.169,4.953,2.111,-0.429,0.941,0.112,-0.34,-0.40,1,0
83647,0.053,0.003,1.010,0.070,-0.555,0.071,0.9935,0.0045,-0.0260,0.1111,0.185,-3.018,192.757,0.215,-1.564,2.111,0.000,0.000,0.000,0.170,5.061,2.111,-0.331,0.989,0.093,-0.35,0.02,1,0
83664,0.054,0.003,1.010,0.061,-0.627,-0.075,0.9934,0.0046,-0.0262,0.1111,0.194,-3.046,192.756,0.215,-1.564,2.111,0.000,0.000,0.000,0.198,5.096,2.111,-0.322,0.991,0.110,-0.35,0.02,1,0
83682,0.054,0.003,1.011,0.116,-0.688,0.003,0.9934,0.0045,-0.0262,0.1111,0.182,-3.043,192.756,0.215,-1.564,2.111,0.000,0.000,0.000,0.109,5.094,2.111,-0.333,0.992,0.114,-0.35,0.01,1,0
83706,0.054,0.003,1.011,0.097,-0.711,0.070,0.9934,0.0044,-0.0263,0.1111,0.172,-3.049,192.758,0.215,-1.564,2.111,0.000,0.000,0.000,0.357,5.133,2.111,-0.332,0.994,0.106,-0.36,-0.05,1,0
83721,0.054,0.002,1.011,0.025,-0.735,0.063,0.9934,0.0041,-0.0263,0.1111,0.128,-3.047,192.762,0.215,-1.564,2.111,0.000,0.000,0.000,0.384,5.220,2.111,-0.323,0.995,0.100,-0.37,-0.59,1,0
83736,0.054,0.003,1.011,0.027,-0.732,0.029,0.9934,0.0045,-0.0263,0.1111,0.180,-3.056,192.759,0.215,-1.564,2.111,0.000,0.000,0.000,0.318,5.227,2.111,-0.318,0.996,0.104,-0.37,-0.56,1,0
83755,0.054,0.003,1.011,0.127,-0.841,-0.039,0.9934,0.0044,-0.0266,0.1111,0.163,-3.090,192.760,0.215,-1.564,2.111,0.000,0.000,0.000,0.431,5.264,2.111,-0.323,0.996,0.110,-0.38,-0.52,1,0
83772,0.055,0.004,1.011,0.078,-0.822,0.076,0.9934,0.0046,-0.0266,0.1111,0.183,-3.091,192.759,0.215,-1.564,2.111,0.000,0.000,0.000,0.049,5.409,2.111,-0.334,0.997,0.110,-0.39,-0.37,1,0
83784,0.055,0.003,1.011,0.037,-0.807,0.099,0.9934,0.0046,-0.0266,0.1111,0.186,-3.091,192.760,0.215,-1.564,2.111,0.000,0.000,0.000,0.044,5.342,2.111,-0.345,0.997,0.101,-0.39,-0.37,1,0
83802,0.055,0.003,1.010,0.099,-0.867,0.077,0.9934,0.0043,-0.0268,0.1112,0.153,-3.107,192.764,0.215,-1.564,2.111,0.000,0.000,0.000,0.241,5.427,2.111,-0.357,0.998,0.096,-0.40,-0.35,1,0
83818,0.055,0.003,1.011,0.089,-0.875,0.064,0.9934,0.0046,-0.0269,0.1111,0.181,-3.118,192.763,0.215,-1.564,2.111,0.000,0.000,0.000,0.319,5.374,2.111,-0.340,0.998,0.102,-0.40,-0.29,1,0
83834,0.055,0.003,1.011,0.111,-0.836,0.108,0.9934,0.0042,-0.0270,0.1112,0.136,-3.124,192.766,0.215,-1.564,2.111,0.000,0.000,0.000,0.188,5.423,2.111,-0.341,0.998,0.099,-0.40,0.15,1,0
83850,0.055,0.003,1.010,0.062,-0.849,0.023,0.9934,0.0046,-0.0270,0.1112,0.184,-3.133,192.764,0.215,-1.564,2.111,0.000,0.000,0.000,0.187,5.459,2.111,-0.341,0.999,0.104,-0.40,0.15,1,0
83866,0.056,0.003,1.010,0.052,-0.843,0.036,0.9934,0.0048,-0.0272,0.1112,0.200,-3.164,192.764,0.215,-1.564,2.111,0.000,0.000,0.000,0.174,5.511,2.111,-0.344,0.999,0.104,-0.39,0.15,1,0
83886,0.056,0.004,1.011,0.118,-0.908,-0.047,0.9934,0.0047,-0.0272,0.1112,0.188,-3.163,192.764,0.215,-1.564,2.111,0.000,0.000,0.000,0.161,5.571,2.111,-0.355,0.999,0.111,-0.40,0.10,1,0
83904,0.056,0.004,1.011,0.040,-0.905,0.010,0.9934,0.0049,-0.0274,0.1112,0.209,-3.187,192.763,0.215,-1.564,2.111,0.000,0.000,0.000,0.163,5.650,2.111,-0.358,0.999,0.111,-0.40,-0.23,1,0
83924,0.057,0.003,1.011,0.076,-0.882,-0.005,0.9934,0.0046,-0.0276,0.1112,0.177,-3.207,192.765,0.215,-1.564,2.111,0.000,0.000,0.000,0.204,5.727,2.111,-0.354,0.999,0.107,-0.41,-0.22,1,0
83946,0.057,0.004,1.011,0.039,-0.930,0.093,0.9934,0.0048,-0.0279,0.1112,0.191,-3.243,192.765,0.215,-1.564,2.111,0.000,0.000,0.000,0.112,5.846,2.111,-0.351,0.999,0.104,-0.41,-0.20,1,0
83963,0.057,0.004,1.011,0.138,-0.926,0.098,0.9934,0.0051,-0.0277,0.1112,0.223,-3.223,192.765,0.215,-1.564,2.111,0.000,0.000,0.000,-0.062,5.808,2.111,-0.361,1.000,0.096,-0.42,-0.25,1,0
84366,0.062,0.004,1.011,0.090,-0.504,0.080,0.9933,0.0053,-0.0304,0.1113,0.219,-3.532,192.779,0.215,-1.564,2.111,0.000,0.000,0.000,0.000,6.861,2.111,-0.383,0.999,0.099,-0.39,0.65,1,0
84380,0.063,0.004,1.011,0.075,-0.507,0.005,0.9933,0.0054,-0.0306,0.1113,0.222,-3.557,192.779,0.215,-1.564,2.111,0.000,0.000,0.000,0.000,6.968,2.111,-0.377,0.999,0.100,-0.38,0.62,1,0
84396,0.063,0.004,1.011,0.054,-0.458,0.002,0.9933,0.0052,-0.0306,0.1113,0.206,-3.553,192.780,0.108,-1.564,2.111,0.000,0.000,0.000,0.000,6.892,2.111,-0.377,0.999,0.105,-0.38,0.54,1,0
84416,0.063,0.004,1.011,0.071,-0.361,0.013,0.9933,0.0052,-0.0309,0.1113,0.197,-3.583,192.781,0.108,-1.564,2.111,0.000,0.000,0.000,-0.542,6.963,2.111,-0.414,0.999,0.107,-0.37,0.12,1,0
84427,0.063,0.004,1.011,0.050,-0.430,0.047,0.9933,0.0053,-0.0309,0.1113,0.205,-3.591,192.781,0.108,-1.564,2.111,0.000,0.000,0.000,-0.519,7.053,2.111,-0.426,1.000,0.104,-0.37,0.12,1,0
84456,0.063,0.004,1.011,0.065,-0.284,0.064,0.9933,0.0055,-0.0308,0.1113,0.232,-3.583,192.780,0.000,-1.564,2.111,0.000,0.000,0.000,-1.216,7.135,2.111,-0.475,1.000,0.100,-0.37,0.11,1,0
84473,0.064,0.004,1.011,-0.015,-0.278,0.066,0.9933,0.0055,-0.0311,0.1113,0.227,-3.614,192.781,0.000,-1.564,2.111,0.000,0.000,0.000,-1.222,7.079,2.111,-0.494,1.000,0.099,-0.37,0.12,1,0
84682,0.064,0.004,1.011,0.125,0.227,0.185,0.9933,0.0055,-0.0312,0.1114,0.222,-3.627,192.791,-0.215,-1.564,2.111,0.000,0.000,0.000,-2.751,7.200,2.111,-0.579,0.992,0.091,-0.34,-0.17,1,0
84702,0.064,0.003,1.011,-0.039,0.280,-0.106,0.9933,0.0049,-0.0311,0.1114,0.164,-3.601,192.796,-0.430,-1.564,2.111,0.000,0.000,0.000,-2.747,7.144,2.111,-0.587,0.992,0.100,-0.34,0.00,1,0
84721,0.063,0.004,1.011,0.007,0.291,-0.051,0.9933,0.0054,-0.0309,0.1114,0.218,-3.583,192.790,-0.430,-1.564,2.111,0.000,0.000,0.000,-3.523,6.994,2.111,-0.619,0.990,0.113,-0.34,0.00,1,0
84744,0.063,0.003,1.011,0.236,0.295,-0.117,0.9933,0.0051,-0.0310,0.1114,0.181,-3.590,192.792,-0.484,-1.564,2.111,0.000,0.000,0.000,-3.578,7.112,2.111,-0.686,0.987,0.110,-0.34,-0.00,1,0
84762,0.064,0.004,1.011,0.114,0.350,0.083,0.9933,0.0055,-0.0311,0.1114,0.234,-3.618,192.789,-0.484,-1.564,2.111,0.000,0.000,0.000,-3.994,7.173,2.111,-0.703,0.989,0.105,-0.35,-0.02,1,0
84784,0.064,0.003,1.011,0.241,0.372,0.054,0.9933,0.0051,-0.0311,0.1114,0.187,-3.604,192.794,-0.591,-1.564,2.111,0.000,0.000,0.000,-4.321,7.096,2.111,-0.715,0.991,0.093,-0.35,-0.02,1,0
84798,0.063,0.004,1.011,-0.012,0.372,-0.079,0.9933,0.0052,-0.0307,0.1114,0.197,-3.560,192.793,-0.591,-1.564,2.111,0.000,0.000,0.000,-4.465,7.158,2.111,-0.741,0.992,0.102,-0.35,-0.03,1,0
84816,0.064,0.004,1.011,0.138,0.428,-0.008,0.9933,0.0051,-0.0311,0.1114,0.188,-3.610,192.793,-0.591,-1.564,2.111,0.000,0.000,0.000,-4.461,7.106,2.111,-0.753,0.987,0.108,-0.35,-0.10,1,0
84836,0.064,0.004,1.011,-0.024,0.449,0.059,0.9933,0.0052,-0.0310,0.1114,0.193,-3.593,192.793,-0.591,-1.564,2.111,0.000,0.000,0.000,-4.351,7.117,2.111,-0.745,0.989,0.103,-0.35,-0.09,1,0
84854,0.064,0.004,1.011,-0.032,0.515,0.094,0.9933,0.0053,-0.0310,0.1114,0.210,-3.603,192.793,-0.591,-1.564,2.111,0.000,0.000,0.000,-4.489,7.121,2.111,-0.739,0.990,0.097,-0.35,-0.09,1,0
84872,0.063,0.003,1.010,0.206,0.530,0.069,0.9933,0.0051,-0.0308,0.1114,0.191,-3.570,192.797,-0.591,-1.564,2.111,0.000,0.000,0.000,-4.243,7.024,2.111,-0.742,0.991,0.091,-0.35,-0.05,1,0
84886,0.063,0.003,1.010,0.094,0.544,0.010,0.9933,0.0052,-0.0307,0.1114,0.195,-3.566,192.797,-0.591,-1.564,2.111,0.000,0.000,0.000,-4.373,7.072,2.111,-0.736,0.991,0.095,-0.35,-0.05,1,0
84906,0.063,0.003,1.010,0.161,0.532,0.080,0.9933,0.0052,-0.0308,0.1114,0.203,-3.572,192.797,-0.484,-1.564,2.111,0.000,0.000,0.000,-3.838,7.031,2.111,-0.730,0.993,0.098,-0.35,-0.05,1,0
84920,0.063,0.003,1.010,0.042,0.459,0.025,0.9933,0.0051,-0.0309,0.1115,0.186,-3.580,192.799,-0.484,-1.564,2.111,0.000,0.000,0.000,-3.610,7.052,2.111,-0.704,0.994,0.099,-0.35,-0.04,1,0
84936,0.063,0.003,1.010,-0.011,0.513,-0.025,0.9933,0.0051,-0.0309,0.1115,0.187,-3.579,192.799,-0.430,-1.564,2.111,0.000,0.000,0.000,-3.327,7.070,2.111,-0.667,0.995,0.105,-0.34,0.09,1,0
84956,0.063,0.003,1.011,0.181,0.590,0.044,0.9933,0.0051,-0.0307,0.1115,0.184,-3.560,192.800,-0.323,-1.564,2.111,0.000,0.000,0.000,-3.417,6.987,2.111,-0.662,0.988,0.102,-0.32,1.20,1,0
84974,0.063,0.004,1.010,0.007,0.683,0.027,0.9933,0.0051,-0.0305,0.1115,0.188,-3.540,192.800,-0.215,-1.564,2.111,0.000,0.000,0.000,-2.901,6.974,2.111,-0.629,0.979,0.104,-0.30,1.14,1,0
85400,0.058,0.004,1.011,-0.033,0.655,0.061,0.9933,0.0049,-0.0281,0.1115,0.199,-3.268,192.806,0.108,-1.564,2.111,0.000,0.000,0.000,-0.639,5.968,2.111,-0.486,0.970,0.090,-0.31,0.31,1,0
85417,0.058,0.004,1.011,0.044,0.621,0.078,0.9933,0.0049,-0.0280,0.1115,0.202,-3.253,192.807,0.000,-1.564,2.111,0.000,0.000,0.000,-1.242,5.939,2.111,-0.498,0.973,0.087,-0.30,0.29,1,0
85435,0.057,0.004,1.011,0.099,0.559,0.071,0.9933,0.0051,-0.0280,0.1115,0.226,-3.251,192.807,0.000,-1.564,2.111,0.000,0.000,0.000,-1.126,5.890,2.111,-0.540,0.977,0.089,-0.30,0.28,1,0
85454,0.057,0.004,1.011,-0.057,0.613,0.115,0.9933,0.0049,-0.0279,0.1116,0.201,-3.241,192.810,0.000,-1.564,2.111,0.000,0.000,0.000,-1.112,5.855,2.111,-0.551,0.975,0.083,-0.29,0.26,1,0
85467,0.057,0.003,1.010,0.007,0.590,0.064,0.9934,0.0047,-0.0278,0.1116,0.180,-3.226,192.813,0.000,-1.564,2.111,0.000,0.000,0.000,-0.996,5.866,2.111,-0.546,0.975,0.087,-0.29,0.26,1,0
85486,0.056,0.003,1.011,0.073,0.494,-0.063,0.9934,0.0046,-0.0276,0.1116,0.169,-3.202,192.813,-0.054,-1.564,2.111,0.000,0.000,0.000,-1.293,5.781,2.111,-0.554,0.978,0.102,-0.29,0.18,1,0
85727,0.055,0.003,1.009,0.013,0.118,0.010,0.9934,0.0045,-0.0268,0.1116,0.169,-3.113,192.813,-0.645,-1.564,2.111,0.000,0.000,0.000,-4.161,5.333,2.111,-0.746,0.972,0.095,-0.31,-0.06,1,0
85752,0.055,0.004,1.010,0.180,0.108,-0.010,0.9934,0.0047,-0.0268,0.1116,0.182,-3.088,192.812,-0.645,-1.564,2.111,0.000,0.000,0.000,-4.694,5.314,2.111,-0.799,0.979,0.105,-0.30,0.27,1,0
85767,0.055,0.003,1.010,0.234,0.078,-0.027,0.9934,0.0047,-0.0268,0.1116,0.190,-3.110,192.811,-0.645,-1.564,2.111,0.000,0.000,0.000,-4.614,5.408,2.111,-0.819,0.981,0.109,-0.30,0.27,1,0
85795,0.054,0.003,1.010,0.071,0.093,0.120,0.9934,0.0044,-0.0266,0.1116,0.166,-3.081,192.814,-0.753,-1.564,2.111,0.000,0.000,0.000,-5.328,5.286,2.111,-0.845,0.974,0.095,-0.31,-0.38,1,0
85817,0.054,0.003,1.010,-0.007,0.006,-0.121,0.9934,0.0046,-0.0265,0.1116,0.190,-3.072,192.812,-0.860,-1.564,2.111,0.000,0.000,0.000,-5.634,5.361,2.111,-0.869,0.979,0.113,-0.32,-0.36,1,0
85835,0.054,0.003,1.010,0.016,0.052,-0.029,0.9934,0.0046,-0.0264,0.1116,0.186,-3.069,192.810,-0.860,-1.564,2.111,0.000,0.000,0.000,-5.792,5.330,2.111,-0.891,0.981,0.117,-0.32,-0.28,1,0
85850,0.054,0.003,1.010,0.028,-0.053,-0.043,0.9934,0.0045,-0.0266,0.1116,0.176,-3.090,192.811,-0.860,-1.564,2.111,0.000,0.000,0.000,-5.868,5.267,2.111,-0.905,0.984,0.112,-0.31,0.33,1,0
85872,0.054,0.004,1.010,-0.044,-0.153,0.100,0.9934,0.0050,-0.0264,0.1116,0.227,-3.068,192.808,-0.914,-1.564,2.111,0.000,0.000,0.000,-6.495,5.266,2.111,-0.918,0.987,0.097,-0.30,0.32,1,0
85900,0.054,0.004,1.010,0.092,-0.173,0.049,0.9934,0.0047,-0.0264,0.1116,0.200,-3.068,192.814,-1.022,-1.564,2.111,0.000,0.000,0.000,-6.906,5.305,2.111,-0.938,0.990,0.090,-0.29,0.32,1,0
85916,0.054,0.003,1.010,0.031,-0.161,0.008,0.9934,0.0047,-0.0265,0.1116,0.194,-3.075,192.814,-1.075,-1.564,2.111,0.000,0.000,0.000,-6.781,5.271,2.111,-0.947,0.992,0.101,-0.29,0.49,1,0
85932,0.054,0.003,1.010,0.088,-0.218,0.089,0.9934,0.0043,-0.0263,0.1116,0.159,-3.048,192.817,-1.075,-1.564,2.111,0.000,0.000,0.000,-7.012,5.315,2.111,-0.955,0.992,0.099,-0.28,0.47,1,0
85947,0.054,0.003,1.010,-0.078,-0.338,0.053,0.9934,0.0044,-0.0265,0.1116,0.165,-3.076,192.818,-1.075,-1.564,2.111,0.000,0.000,0.000,-6.949,5.258,2.111,-0.957,0.993,0.098,-0.27,0.47,1,0
85962,0.054,0.003,1.010,0.048,-0.316,0.008,0.9934,0.0045,-0.0265,0.1116,0.178,-3.074,192.818,-1.075,-1.564,2.111,0.000,0.000,0.000,-6.969,5.272,2.111,-0.959,0.994,0.103,-0.27,0.45,1,0
85992,0.054,0.004,1.010,-0.031,-0.433,0.034,0.9934,0.0047,-0.0264,0.1116,0.202,-3.065,192.817,-1.290,-1.564,2.111,0.000,0.000,0.000,-8.321,5.226,2.111,-0.969,0.995,0.104,-0.27,-0.33,1,0
86466,0.059,0.003,1.010,0.046,-0.922,-0.051,0.9933,0.0049,-0.0286,0.1117,0.188,-3.322,192.825,-3.871,-1.466,2.111,0.000,0.000,0.000,-22.615,6.450,2.111,-1.000,1.000,0.121,-0.14,1.24,1,0
86484,0.059,0.003,1.010,0.078,-0.874,0.017,0.9933,0.0050,-0.0289,0.1117,0.202,-3.357,192.824,-3.925,-1.466,2.111,0.000,0.000,0.000,-22.951,6.510,2.111,-1.000,1.000,0.118,-0.12,1.18,1,0
86502,0.059,0.004,1.010,0.029,-0.934,0.040,0.9933,0.0049,-0.0289,0.1117,0.193,-3.356,192.825,-3.925,-1.466,2.111,0.000,0.000,0.000,-22.981,6.584,2.111,-1.000,1.000,0.108,-0.12,0.98,1,0
86718,0.062,0.004,1.010,0.057,-0.695,0.102,0.9933,0.0054,-0.0302,0.1117,0.225,-3.513,192.830,-0.323,-1.564,2.111,0.000,0.000,0.000,-15.609,7.062,2.111,-0.737,1.000,0.103,-0.23,-0.83,1,0
86745,0.063,0.004,1.010,0.070,-0.620,0.000,0.9932,0.0054,-0.0306,0.1117,0.228,-3.557,192.831,0.000,-1.564,2.111,0.000,0.000,0.000,-1.189,6.879,2.111,-0.355,0.993,0.107,-0.25,-0.79,1,0
86762,0.063,0.004,1.010,-0.001,-0.611,-0.016,0.9932,0.0053,-0.0307,0.1118,0.207,-3.564,192.832,0.000,-1.564,2.111,0.000,0.000,0.000,-1.150,6.974,2.111,-0.152,0.994,0.108,-0.25,-0.65,1,0
86778,0.063,0.003,1.010,0.190,-0.538,-0.018,0.9932,0.0052,-0.0309,0.1118,0.195,-3.590,192.833,0.000,-1.564,2.111,0.000,0.000,0.000,-1.244,6.948,2.111,-0.119,0.995,0.110,-0.25,0.25,1,0
86794,0.064,0.004,1.010,0.135,-0.550,-0.027,0.9932,0.0054,-0.0310,0.1117,0.213,-3.602,192.831,0.108,-1.564,2.111,0.000,0.000,0.000,-0.536,7.183,2.111,-0.128,0.996,0.112,-0.24,0.24,1,0
86811,0.064,0.004,1.009,0.072,-0.516,-0.025,0.9932,0.0054,-0.0309,0.1117,0.218,-3.583,192.831,0.108,-1.564,2.111,0.000,0.000,0.000,-0.626,6.966,2.111,-0.153,0.996,0.109,-0.24,0.25,1,0
86826,0.063,0.004,1.010,0.129,-0.533,-0.037,0.9932,0.0054,-0.0309,0.1117,0.215,-3.591,192.831,0.108,-1.564,2.111,0.000,0.000,0.000,-0.612,7.222,2.111,-0.202,0.992,0.112,-0.23,0.25,1,0
86842,0.063,0.004,1.013,0.096,-0.458,0.039,0.9932,0.0055,-0.0312,0.1117,0.231,-3.621,192.830,0.215,-1.564,2.111,0.000,0.000,0.000,-0.081,7.258,2.111,-0.245,0.993,0.107,-0.23,0.47,1,0
86857,0.065,0.004,1.008,0.070,-0.425,0.072,0.9932,0.0058,-0.0317,0.1117,0.258,-3.683,192.829,0.215,-1.564,2.111,0.000,0.000,0.000,-0.164,7.292,2.111,-0.258,0.994,0.104,-0.22,0.45,1,0
86875,0.065,0.004,1.009,-0.072,-0.434,0.134,0.9932,0.0057,-0.0315,0.1118,0.249,-3.663,192.832,0.215,-1.564,2.111,0.000,0.000,0.000,-0.253,7.255,2.111,-0.296,0.995,0.093,-0.21,0.44,1,0
86902,0.065,0.004,1.010,-0.088,-0.390,0.113,0.9932,0.0055,-0.0316,0.1118,0.224,-3.671,192.836,0.215,-1.564,2.111,0.000,0.000,0.000,0.000,7.398,2.111,-0.330,0.996,0.091,-0.20,0.50,1,0
86916,0.065,0.004,1.010,-0.153,-0.339,0.270,0.9932,0.0057,-0.0316,0.1118,0.243,-3.671,192.838,0.215,-1.564,2.111,0.000,0.000,0.000,-0.053,7.375,2.111,-0.352,0.997,0.080,-0.19,0.48,1,0
86936,0.065,0.004,1.010,0.004,-0.252,0.012,0.9932,0.0053,-0.0315,0.1119,0.200,-3.660,192.844,0.215,-1.564,2.111,0.000,0.000,0.000,-0.138,7.319,2.111,-0.389,0.997,0.088,-0.18,0.48,1,0
86954,0.065,0.004,1.010,0.008,-0.225,-0.060,0.9932,0.0057,-0.0315,0.1118,0.243,-3.666,192.841,0.215,-1.564,2.111,0.000,0.000,0.000,0.000,7.311,2.111,-0.427,0.998,0.111,-0.17,0.69,1,0
86972,0.065,0.003,1.010,0.172,-0.149,-0.069,0.9932,0.0051,-0.0316,0.1118,0.180,-3.659,192.844,0.215,-1.564,2.111,0.000,0.000,0.000,0.172,7.388,2.111,-0.455,0.998,0.119,-0.15,0.66,1,0
86992,0.065,0.004,1.010,0.209,-0.083,-0.176,0.9932,0.0055,-0.0316,0.1118,0.216,-3.672,192.839,0.215,-1.564,2.111,0.000,0.000,0.000,0.000,7.364,2.111,-0.470,0.998,0.135,-0.14,0.62,1,0
87014,0.065,0.004,1.010,0.079,-0.058,-0.016,0.9932,0.0055,-0.0316,0.1118,0.221,-3.672,192.837,0.215,-1.564,2.111,0.000,0.000,0.000,-0.055,7.370,2.111,-0.481,0.999,0.124,-0.14,0.51,1,0
87408,0.064,0.003,1.008,0.170,0.806,0.016,0.9932,0.0050,-0.0316,0.1119,0.166,-3.662,192.853,14.032,-1.369,2.111,0.000,0.000,0.000,74.156,7.839,2.111,0.847,0.963,0.116,-0.12,0.33,1,0
87424,0.064,0.003,1.010,-0.105,0.828,0.124,0.9932,0.0052,-0.0312,0.1119,0.195,-3.617,192.853,16.290,-1.466,2.111,0.000,0.000,0.000,89.544,7.412,2.111,0.880,0.970,0.102,-0.13,-0.38,1,0
87444,0.062,0.003,1.012,0.092,0.798,0.054,0.9932,0.0051,-0.0306,0.1119,0.185,-3.554,192.854,16.237,-1.466,2.111,0.000,0.000,0.000,89.919,7.336,2.111,0.902,0.967,0.100,-0.13,-0.36,1,0
87474,0.063,0.004,1.011,0.016,0.760,0.103,0.9932,0.0054,-0.0305,0.1119,0.225,-3.539,192.853,16.129,-1.466,2.111,0.000,0.000,0.000,89.410,7.222,2.111,0.921,0.967,0.099,-0.14,-0.32,1,0
87486,0.062,0.003,1.011,0.185,0.686,-0.073,0.9932,0.0049,-0.0303,0.1120,0.174,-3.515,192.857,15.430,-1.466,2.111,0.000,0.000,0.000,85.021,7.168,2.111,0.934,0.972,0.108,-0.14,-0.14,1,0
87506,0.062,0.004,1.011,0.143,0.702,0.031,0.9932,0.0055,-0.0304,0.1119,0.239,-3.530,192.852,14.839,-1.466,2.111,0.000,0.000,0.000,81.487,7.091,2.111,0.944,0.976,0.113,-0.14,-0.13,1,0
87524,0.062,0.003,1.011,0.131,0.947,0.154,0.9932,0.0050,-0.0301,0.1120,0.178,-3.497,192.860,13.387,-1.466,2.111,0.000,0.000,0.000,77.196,7.139,2.111,0.956,0.964,0.092,-0.14,-0.13,1,0
87755,0.059,0.002,1.011,0.038,0.862,-0.191,0.9933,0.0045,-0.0287,0.1120,0.141,-3.323,192.859,7.527,-1.466,2.111,0.000,0.000,0.000,41.254,6.502,2.111,0.803,0.936,0.133,-0.11,-0.07,1,0
87780,0.058,0.003,1.011,0.073,0.618,-0.045,0.9933,0.0047,-0.0284,0.1119,0.174,-3.290,192.855,3.441,-1.564,2.111,0.000,0.000,0.000,26.634,6.104,2.111,0.504,0.947,0.131,-0.11,-0.06,1,0
87802,0.057,0.003,1.010,0.026,0.740,-0.098,0.9933,0.0046,-0.0282,0.1119,0.160,-3.270,192.855,0.645,-1.564,2.111,0.000,0.000,0.000,2.627,5.966,2.111,0.088,0.912,0.116,-0.12,-0.07,1,0
87820,0.057,0.004,1.010,0.019,0.653,0.026,0.9933,0.0049,-0.0279,0.1119,0.200,-3.242,192.851,0.430,-1.564,2.111,0.000,0.000,0.000,1.349,5.930,2.111,-0.093,0.915,0.116,-0.12,-0.17,1,0
87835,0.057,0.003,1.009,-0.040,0.529,0.207,0.9933,0.0048,-0.0280,0.1119,0.185,-3.254,192.855,0.430,-1.564,2.111,0.000,0.000,0.000,1.243,5.682,2.111,-0.212,0.922,0.092,-0.12,-0.16,1,0
87863,0.058,0.003,1.008,0.030,0.524,-0.065,0.9933,0.0044,-0.0283,0.1120,0.143,-3.283,192.859,0.215,-1.564,2.111,0.000,0.000,0.000,0.393,5.851,2.111,-0.399,0.936,0.100,-0.13,-0.20,1,0
87882,0.057,0.003,1.008,-0.047,0.616,-0.095,0.9933,0.0047,-0.0279,0.1119,0.178,-3.239,192.855,0.215,-1.564,2.111,0.000,0.000,0.000,0.253,5.925,2.111,-0.487,0.939,0.117,-0.14,-0.57,1,0
87896,0.055,0.003,1.011,0.159,0.586,-0.077,0.9933,0.0046,-0.0274,0.1119,0.174,-3.183,192.854,0.215,-1.564,2.111,0.000,0.000,0.000,0.207,5.900,2.111,-0.517,0.948,0.114,-0.15,-0.54,1,0
87913,0.057,0.003,1.008,0.251,0.573,-0.100,0.9933,0.0047,-0.0278,0.1119,0.178,-3.229,192.852,0.215,-1.564,2.111,0.000,0.000,0.000,0.261,5.975,2.111,-0.525,0.933,0.119,-0.16,-0.51,1,0
87927,0.056,0.003,1.009,0.060,0.522,-0.027,0.9933,0.0047,-0.0274,0.1119,0.183,-3.181,192.851,0.108,-1.564,2.111,0.000,0.000,0.000,0.099,5.566,2.111,-0.524,0.934,0.117,-0.16,-0.51,1,0
87945,0.057,0.003,1.009,0.086,0.389,0.045,0.9933,0.0045,-0.0276,0.1119,0.161,-3.205,192.854,0.108,-1.564,2.111,0.000,0.000,0.000,-0.492,5.552,2.111,-0.555,0.942,0.099,-0.17,-0.42,1,0
87962,0.056,0.003,1.010,0.002,0.413,0.020,0.9933,0.0045,-0.0273,0.1119,0.163,-3.171,192.854,0.108,-1.564,2.111,0.000,0.000,0.000,-0.422,5.471,2.111,-0.563,0.948,0.099,-0.18,-0.40,1,0
87983,0.056,0.003,1.008,-0.048,0.381,0.035,0.9933,0.0046,-0.0274,0.1119,0.172,-3.185,192.854,0.108,-1.564,2.111,0.000,0.000,0.000,-0.322,5.661,2.111,-0.537,0.948,0.099,-0.18,-0.33,1,0
87996,0.055,0.003,1.010,0.112,0.308,-0.054,0.9933,0.0045,-0.0265,0.1119,0.174,-3.074,192.854,0.108,-1.564,2.111,0.000,0.000,0.000,-0.516,5.433,2.111,-0.536,0.953,0.105,-0.18,0.14,1,0
88015,0.055,0.004,1.009,0.126,0.237,-0.015,0.9933,0.0049,-0.0269,0.1119,0.213,-3.127,192.851,0.108,-1.564,2.111,0.000,0.000,0.000,-0.587,5.455,2.111,-0.539,0.958,0.109,-0.17,0.13,1,0
88026,0.056,0.004,1.008,0.024,0.393,0.130,0.9933,0.0049,-0.0274,0.1119,0.209,-3.186,192.852,0.215,-1.564,2.111,0.000,0.000,0.000,0.034,5.473,2.111,-0.515,0.957,0.099,-0.17,0.13,1,0
88427,0.054,0.003,1.010,0.040,-0.362,-0.063,0.9933,0.0045,-0.0265,0.1122,0.176,-3.072,192.881,0.215,-1.564,2.111,0.000,0.000,0.000,0.283,5.205,2.111,-0.440,0.994,0.124,-0.16,-0.71,1,0
88446,0.054,0.003,1.010,-0.068,-0.374,0.036,0.9933,0.0047,-0.0265,0.1122,0.200,-3.076,192.879,0.215,-1.564,2.111,0.000,0.000,0.000,0.089,5.274,2.111,-0.426,0.995,0.120,-0.16,-0.63,1,0
88467,0.054,0.004,1.010,0.078,-0.436,0.026,0.9933,0.0049,-0.0263,0.1122,0.216,-3.054,192.879,0.215,-1.564,2.111,0.000,0.000,0.000,0.000,5.227,2.111,-0.439,0.996,0.113,-0.16,-0.19,1,0
88490,0.054,0.004,1.010,0.060,-0.502,0.126,0.9933,0.0049,-0.0264,0.1122,0.219,-3.064,192.880,0.215,-1.564,2.111,0.000,0.000,0.000,0.000,5.236,2.111,-0.443,0.996,0.104,-0.17,-0.18,1,0
88514,0.054,0.004,1.010,0.066,-0.533,0.116,0.9933,0.0047,-0.0264,0.1122,0.196,-3.067,192.884,0.215,-1.564,2.111,0.000,0.000,0.000,0.000,5.257,2.111,-0.450,0.996,0.098,-0.17,-0.18,1,0
88532,0.054,0.003,1.010,0.065,-0.613,0.017,0.9933,0.0045,-0.0265,0.1122,0.170,-3.080,192.886,0.215,-1.564,2.111,0.000,0.000,0.000,0.244,5.280,2.111,-0.441,0.997,0.103,-0.17,-0.14,1,0
88720,0.056,0.003,1.010,0.047,-0.740,-0.016,0.9933,0.0046,-0.0275,0.1123,0.169,-3.189,192.894,0.215,-1.564,2.111,0.000,0.000,0.000,0.352,5.726,2.111,-0.425,1.000,0.111,-0.18,0.47,1,0
88742,0.056,0.003,1.010,-0.010,-0.560,0.149,0.9933,0.0049,-0.0276,0.1123,0.197,-3.210,192.894,0.215,-1.564,2.111,0.000,0.000,0.000,-0.521,5.714,2.111,-0.450,0.998,0.102,-0.17,0.45,1,0
88761,0.057,0.003,1.010,0.164,-0.734,-0.081,0.9933,0.0046,-0.0276,0.1123,0.165,-3.202,192.897,0.108,-1.564,2.111,0.000,0.000,0.000,-0.241,5.776,2.111,-0.465,0.998,0.106,-0.16,0.43,1,0
88778,0.057,0.003,1.010,0.078,-0.847,-0.005,0.9933,0.0046,-0.0277,0.1123,0.168,-3.215,192.896,0.108,-1.564,2.111,0.000,0.000,0.000,-0.328,5.730,2.111,-0.475,0.999,0.115,-0.16,0.39,1,0
88798,0.057,0.004,1.010,-0.001,-0.751,0.099,0.9933,0.0049,-0.0277,0.1123,0.199,-3.222,192.895,0.108,-1.564,2.111,0.000,0.000,0.000,-0.467,5.784,2.111,-0.480,0.999,0.109,-0.15,0.39,1,0
88824,0.057,0.003,1.010,0.041,-0.743,0.100,0.9933,0.0049,-0.0279,0.1123,0.198,-3.235,192.900,0.215,-1.564,2.111,0.000,0.000,0.000,0.000,5.758,2.111,-0.458,0.999,0.094,-0.15,0.17,1,0
88838,0.057,0.003,1.010,0.101,-0.839,0.002,0.9933,0.0047,-0.0280,0.1124,0.171,-3.243,192.902,0.215,-1.564,2.111,0.000,0.000,0.000,0.117,5.822,2.111,-0.440,0.999,0.106,-0.14,0.24,1,0
88855,0.057,0.003,1.010,0.171,-0.841,-0.028,0.9933,0.0048,-0.0280,0.1124,0.185,-3.246,192.902,0.215,-1.564,2.111,0.000,0.000,0.000,0.253,5.918,2.111,-0.433,0.999,0.108,-0.12,0.85,1,0
88872,0.058,0.004,1.010,0.175,-0.757,-0.081,0.9933,0.0049,-0.0283,0.1123,0.199,-3.285,192.900,0.215,-1.564,2.111,0.000,0.000,0.000,0.089,5.922,2.111,-0.430,0.999,0.119,-0.11,0.81,1,0
88887,0.058,0.003,1.010,0.081,-0.686,0.063,0.9933,0.0048,-0.0280,0.1123,0.188,-3.253,192.901,0.215,-1.564,2.111,0.000,0.000,0.000,0.083,5.869,2.111,-0.433,0.998,0.113,-0.10,0.81,1,0
88918,0.058,0.003,1.010,0.050,-0.752,-0.069,0.9932,0.0049,-0.0284,0.1124,0.187,-3.294,192.902,0.215,-1.564,2.111,0.000,0.000,0.000,0.279,6.000,2.111,-0.425,0.998,0.110,-0.10,-0.16,1,0
88936,0.058,0.004,1.011,0.079,-0.763,0.036,0.9932,0.0051,-0.0284,0.1123,0.216,-3.298,192.900,0.215,-1.564,2.111,0.000,0.000,0.000,-0.126,6.025,2.111,-0.434,0.998,0.109,-0.11,-0.15,1,0
88952,0.058,0.004,1.010,0.065,-0.751,0.054,0.9932,0.0051,-0.0285,0.1124,0.215,-3.308,192.901,0.215,-1.564,2.111,0.000,0.000,0.000,0.000,6.082,2.111,-0.448,0.998,0.104,-0.11,-0.15,1,0
88972,0.059,0.004,1.011,0.007,-0.777,0.154,0.9932,0.0052,-0.0287,0.1124,0.219,-3.339,192.904,0.215,-1.564,2.111,0.000,0.000,0.000,0.000,6.197,2.111,-0.450,0.999,0.093,-0.11,-0.18,1,0
88986,0.059,0.003,1.011,0.185,-0.757,0.047,0.9932,0.0048,-0.0288,0.1124,0.174,-3.346,192.907,0.215,-1.564,2.111,0.000,0.000,0.000,0.000,6.226,2.111,-0.458,0.999,0.094,-0.11,-0.18,1,0
89013,0.059,0.003,1.010,0.041,-0.738,0.012,0.9932,0.0048,-0.0289,0.1124,0.160,-3.338,192.909,0.215,-1.564,2.111,0.000,0.000,0.000,0.336,6.197,2.111,-0.445,0.999,0.106,-0.12,-0.16,1,0
89026,0.060,0.003,1.010,0.165,-0.665,-0.008,0.9932,0.0049,-0.0292,0.1124,0.188,-3.385,192.907,0.215,-1.564,2.111,0.000,0.000,0.000,0.222,6.272,2.111,-0.442,0.999,0.109,-0.12,-0.16,1,0
89051,0.060,0.003,1.011,0.094,-0.634,0.023,0.9932,0.0048,-0.0292,0.1124,0.176,-3.384,192.908,0.215,-1.564,2.111,0.000,0.000,0.000,0.182,6.425,2.111,-0.473,0.999,0.108,-0.13,-0.32,1,0
89462,0.063,0.003,1.010,0.011,-0.015,-0.021,0.9932,0.0051,-0.0309,0.1124,0.184,-3.589,192.912,0.430,-1.564,2.111,0.000,0.000,0.000,1.500,7.083,2.111,-0.344,1.000,0.117,-0.13,-0.05,1,0
89476,0.063,0.003,1.010,0.170,-0.051,0.037,0.9932,0.0053,-0.0308,0.1124,0.207,-3.578,192.911,0.430,-1.564,2.111,0.000,0.000,0.000,1.359,7.075,2.111,-0.350,1.000,0.109,-0.13,-0.04,1,0
89497,0.063,0.003,1.010,0.073,0.010,0.057,0.9932,0.0050,-0.0310,0.1124,0.165,-3.596,192.914,0.430,-1.564,2.111,0.000,0.000,0.000,1.350,7.078,2.111,-0.353,1.000,0.102,-0.13,0.01,1,0
89515,0.063,0.003,1.010,-0.007,0.065,0.064,0.9932,0.0050,-0.0310,0.1125,0.169,-3.591,192.915,0.430,-1.564,2.111,0.000,0.000,0.000,1.246,7.143,2.111,-0.338,1.000,0.100,-0.13,0.01,1,0
89532,0.063,0.003,1.010,0.065,0.055,0.078,0.9932,0.0050,-0.0309,0.1125,0.174,-3.582,192.915,0.430,-1.564,2.111,0.000,0.000,0.000,1.446,7.059,2.111,-0.338,1.000,0.098,-0.13,0.01,1,0
89558,0.063,0.003,1.010,0.081,0.102,-0.009,0.9932,0.0048,-0.0310,0.1125,0.153,-3.590,192.918,0.430,-1.564,2.111,0.000,0.000,0.000,1.566,7.050,2.111,-0.336,1.000,0.103,-0.13,0.02,1,0
89775,0.062,0.003,1.011,0.038,0.506,-0.054,0.9932,0.0049,-0.0304,0.1125,0.167,-3.525,192.922,0.376,-1.564,2.111,0.000,0.000,0.000,1.039,6.869,2.111,-0.370,0.988,0.117,-0.08,-0.16,1,0
89787,0.062,0.003,1.010,0.079,0.526,-0.054,0.9932,0.0049,-0.0303,0.1125,0.169,-3.519,192.922,0.376,-1.564,2.111,0.000,0.000,0.000,1.166,6.839,2.111,-0.369,0.988,0.120,-0.08,-0.16,1,0
89804,0.062,0.004,1.010,0.133,0.567,0.024,0.9932,0.0053,-0.0303,0.1125,0.212,-3.521,192.918,0.215,-1.564,2.111,0.000,0.000,0.000,-0.054,6.776,2.111,-0.388,0.987,0.120,-0.09,-0.15,1,0
89824,0.062,0.003,1.010,0.161,0.553,0.101,0.9932,0.0052,-0.0304,0.1125,0.204,-3.527,192.920,0.215,-1.564,2.111,0.000,0.000,0.000,0.169,6.715,2.111,-0.443,0.984,0.107,-0.09,-0.15,1,0
89844,0.062,0.004,1.010,0.021,0.546,0.168,0.9932,0.0052,-0.0303,0.1125,0.196,-3.517,192.923,0.215,-1.564,2.111,0.000,0.000,0.000,0.000,6.797,2.111,-0.454,0.985,0.094,-0.10,-0.21,1,0
89864,0.062,0.003,1.010,0.135,0.526,0.042,0.9932,0.0049,-0.0300,0.1126,0.175,-3.483,192.926,0.215,-1.564,2.111,0.000,0.000,0.000,0.210,6.686,2.111,-0.450,0.987,0.095,-0.10,-0.20,1,0
89880,0.061,0.003,1.010,-0.057,0.578,-0.044,0.9932,0.0051,-0.0300,0.1126,0.197,-3.479,192.925,0.215,-1.564,2.111,0.000,0.000,0.000,0.142,6.763,2.111,-0.433,0.988,0.108,-0.10,-0.16,1,0
89896,0.061,0.004,1.009,0.134,0.531,-0.096,0.9932,0.0052,-0.0301,0.1125,0.205,-3.493,192.924,0.215,-1.564,2.111,0.000,0.000,0.000,0.130,6.670,2.111,-0.439,0.990,0.115,-0.10,0.11,1,0
89912,0.061,0.004,1.009,0.276,0.615,-0.041,0.9932,0.0053,-0.0300,0.1125,0.215,-3.486,192.922,0.215,-1.564,2.111,0.000,0.000,0.000,0.000,6.718,2.111,-0.447,0.991,0.118,-0.10,0.11,1,0
89930,0.061,0.004,1.010,0.105,0.638,-0.080,0.9932,0.0053,-0.0298,0.1125,0.219,-3.461,192.921,0.215,-1.564,2.111,0.000,0.000,0.000,0.000,6.622,2.111,-0.437,0.986,0.116,-0.09,0.08,1,0
89956,0.061,0.004,1.010,0.031,0.683,0.061,0.9932,0.0053,-0.0297,0.1125,0.222,-3.447,192.921,0.215,-1.564,2.111,0.000,0.000,0.000,0.099,6.598,2.111,-0.434,0.987,0.108,-0.10,-0.10,1,0
89974,0.061,0.004,1.010,-0.023,0.709,0.073,0.9932,0.0053,-0.0296,0.1125,0.220,-3.435,192.922,0.215,-1.564,2.111,0.000,0.000,0.000,-0.038,6.574,2.111,-0.432,0.986,0.102,-0.10,-0.10,1,0
89986,0.061,0.004,1.010,-0.017,0.694,0.076,0.9932,0.0053,-0.0296,0.1125,0.216,-3.442,192.923,0.215,-1.564,2.111,0.000,0.000,0.000,0.226,6.540,2.111,-0.417,0.985,0.097,-0.10,-0.10,1,0
89996,0.060,0.004,1.010,0.082,0.718,0.044,0.9932,0.0053,-0.0296,0.1125,0.222,-3.434,192.923,0.215,-1.564,2.111,0.000,0.000,0.000,0.000,6.550,2.111,-0.419,0.986,0.097,-0.10,-0.10,1,0
90016,0.060,0.003,1.010,0.093,0.732,-0.062,0.9932,0.0050,-0.0294,0.1126,0.194,-3.409,192.925,0.215,-1.564,2.111,0.000,0.000,0.000,0.131,6.450,2.111,-0.426,0.987,0.106,-0.10,-0.11,1,0
90032,0.060,0.004,1.010,0.048,0.693,0.017,0.9932,0.0053,-0.0292,0.1125,0.230,-3.398,192.922,0.215,-1.564,2.111,0.000,0.000,0.000,0.000,6.391,2.111,-0.423,0.981,0.109,-0.10,-0.11,1,0
90044,0.060,0.004,1.010,0.138,0.592,0.102,0.9932,0.0052,-0.0293,0.1126,0.211,-3.401,192.925,0.215,-1.564,2.111,0.000,0.000,0.000,0.000,6.345,2.111,-0.430,0.982,0.098,-0.11,-0.11,1,0
90073,0.060,0.003,1.010,0.033,0.721,-0.054,0.9932,0.0049,-0.0290,0.1126,0.182,-3.369,192.928,0.215,-1.564,2.111,0.000,0.000,0.000,0.220,6.381,2.111,-0.418,0.979,0.105,-0.11,-0.10,1,0
90495,0.055,0.003,1.010,0.124,0.221,0.041,0.9933,0.0047,-0.0269,0.1127,0.193,-3.127,192.937,0.215,-1.564,2.111,0.000,0.000,0.000,0.221,5.406,2.111,-0.392,0.966,0.096,-0.16,0.45,1,0
90507,0.055,0.003,1.010,0.083,0.223,-0.032,0.9933,0.0046,-0.0268,0.1127,0.180,-3.108,192.937,0.215,-1.564,2.111,0.000,0.000,0.000,0.320,5.356,2.111,-0.397,0.969,0.101,-0.16,0.45,1,0
90536,0.055,0.003,1.010,0.070,0.169,0.048,0.9933,0.0048,-0.0267,0.1127,0.205,-3.098,192.935,0.215,-1.564,2.111,0.000,0.000,0.000,0.062,5.362,2.111,-0.407,0.971,0.105,-0.16,-0.00,1,0
90548,0.055,0.003,1.010,0.042,0.174,0.092,0.9933,0.0046,-0.0266,0.1127,0.183,-3.091,192.938,0.215,-1.564,2.111,0.000,0.000,0.000,0.053,5.352,2.111,-0.413,0.974,0.099,-0.16,-0.00,1,0
90566,0.055,0.003,1.010,0.047,0.129,0.104,0.9933,0.0045,-0.0268,0.1127,0.169,-3.108,192.941,0.215,-1.564,2.111,0.000,0.000,0.000,0.059,5.342,2.111,-0.412,0.976,0.088,-0.16,-0.00,1,0
90586,0.055,0.003,1.010,0.144,0.104,-0.133,0.9933,0.0047,-0.0268,0.1127,0.185,-3.112,192.941,0.215,-1.564,2.111,0.000,0.000,0.000,0.202,5.405,2.111,-0.410,0.980,0.103,-0.16,-0.00,1,0
90812,0.054,0.004,1.010,0.169,-0.236,-0.027,0.9933,0.0050,-0.0265,0.1127,0.226,-3.080,192.939,0.215,-1.564,2.111,0.000,0.000,0.000,0.000,5.311,2.111,-0.419,0.993,0.123,-0.17,-0.09,1,0
90826,0.054,0.004,1.011,0.093,-0.233,0.115,0.9933,0.0049,-0.0263,0.1127,0.221,-3.060,192.940,0.108,-1.564,2.111,0.000,0.000,0.000,-0.078,5.209,2.111,-0.425,0.992,0.110,-0.17,-0.09,1,0
90842,0.054,0.003,1.010,0.134,-0.233,0.040,0.9933,0.0047,-0.0263,0.1127,0.194,-3.061,192.943,0.215,-1.564,2.111,0.000,0.000,0.000,0.113,5.221,2.111,-0.451,0.989,0.101,-0.18,-0.09,1,0
90872,0.054,0.003,1.010,-0.004,-0.330,0.122,0.9933,0.0046,-0.0265,0.1127,0.177,-3.080,192.944,0.215,-1.564,2.111,0.000,0.000,0.000,0.126,5.325,2.111,-0.445,0.992,0.104,-0.17,0.34,1,0
90886,0.054,0.003,1.010,0.039,-0.328,0.145,0.9933,0.0047,-0.0264,0.1127,0.192,-3.063,192.945,0.215,-1.564,2.111,0.000,0.000,0.000,0.132,5.220,2.111,-0.421,0.993,0.094,-0.16,0.34,1,0
90902,0.054,0.003,1.010,-0.123,-0.413,0.046,0.9933,0.0049,-0.0265,0.1127,0.211,-3.078,192.945,0.215,-1.564,2.111,0.000,0.000,0.000,0.130,5.239,2.111,-0.403,0.994,0.097,-0.16,0.33,1,0
90916,0.054,0.004,1.010,0.046,-0.436,0.106,0.9933,0.0047,-0.0264,0.1127,0.193,-3.065,192.947,0.215,-1.564,2.111,0.000,0.000,0.000,0.000,5.254,2.111,-0.404,0.995,0.098,-0.16,0.26,1,0
90926,0.054,0.004,1.010,0.108,-0.434,0.022,0.9933,0.0047,-0.0263,0.1128,0.198,-3.060,192.947,0.215,-1.564,2.111,0.000,0.000,0.000,0.090,5.204,2.111,-0.411,0.995,0.102,-0.16,0.26,1,0
90943,0.054,0.004,1.009,0.167,-0.470,-0.070,0.9933,0.0047,-0.0265,0.1127,0.196,-3.075,192.947,0.215,-1.564,2.111,0.000,0.000,0.000,0.111,5.266,2.111,-0.423,0.996,0.113,-0.16,-0.16,1,0
90962,0.054,0.004,1.010,0.133,-0.414,0.078,0.9933,0.0049,-0.0265,0.1127,0.220,-3.077,192.945,0.215,-1.564,2.111,0.000,0.000,0.000,-0.123,5.332,2.111,-0.428,0.997,0.110,-0.16,-0.16,1,0
90982,0.054,0.003,1.009,0.146,-0.447,0.006,0.9933,0.0045,-0.0265,0.1128,0.168,-3.074,192.950,0.108,-1.564,2.111,0.000,0.000,0.000,-0.400,5.259,2.111,-0.459,0.997,0.103,-0.15,-0.06,1,0
91002,0.054,0.003,1.010,0.019,-0.452,-0.008,0.9932,0.0048,-0.0267,0.1128,0.202,-3.100,192.947,0.108,-1.564,2.111,0.000,0.000,0.000,-0.488,5.282,2.111,-0.456,0.998,0.112,-0.14,0.72,1,0
91017,0.055,0.003,1.010,0.059,-0.548,0.039,0.9932,0.0046,-0.0268,0.1128,0.183,-3.107,192.949,0.108,-1.564,2.111,0.000,0.000,0.000,0.118,5.301,2.111,-0.443,0.998,0.107,-0.13,0.68,1,0
91035,0.055,0.003,1.010,0.022,-0.548,0.028,0.9933,0.0047,-0.0266,0.1128,0.192,-3.089,192.949,0.108,-1.564,2.111,0.000,0.000,0.000,-0.463,5.397,2.111,-0.456,0.998,0.105,-0.12,0.63,1,0
91064,0.055,0.004,1.010,0.165,-0.517,0.116,0.9932,0.0048,-0.0267,0.1128,0.201,-3.102,192.951,0.108,-1.564,2.111,0.000,0.000,0.000,-0.546,5.359,2.111,-0.482,0.999,0.095,-0.11,0.36,1,0
91080,0.055,0.003,1.010,0.066,-0.564,-0.004,0.9932,0.0045,-0.0269,0.1128,0.170,-3.118,192.953,0.215,-1.564,2.111,0.000,0.000,0.000,0.163,5.358,2.111,-0.470,0.999,0.098,-0.11,0.12,1,0
91103,0.055,0.003,1.010,0.053,-0.577,0.078,0.9932,0.0046,-0.0271,0.1128,0.176,-3.151,192.953,0.215,-1.564,2.111,0.000,0.000,0.000,0.073,5.465,2.111,-0.419,0.999,0.105,-0.11,0.11,1,0
91515,0.059,0.004,1.010,0.102,-0.597,-0.040,0.9932,0.0051,-0.0291,0.1130,0.203,-3.383,192.971,0.215,-1.564,2.111,0.000,0.000,0.000,0.049,6.258,2.111,-0.422,1.000,0.102,-0.07,0.13,1,0
91540,0.060,0.003,1.010,0.055,-0.631,0.071,0.9932,0.0050,-0.0291,0.1130,0.193,-3.380,192.972,0.215,-0.196,2.111,0.000,0.000,0.000,0.130,11.193,2.111,-0.420,1.000,0.101,-0.07,0.12,1,0
91558,0.060,0.003,1.010,0.054,-0.625,0.088,0.9931,0.0051,-0.0293,0.1130,0.197,-3.407,192.972,0.215,-0.196,2.111,0.000,0.000,0.000,0.130,11.193,2.111,-0.417,1.000,0.098,-0.06,0.12,1,0
91576,0.060,0.003,1.010,0.016,-0.569,0.090,0.9931,0.0050,-0.0292,0.1130,0.188,-3.394,192.975,0.215,1.369,2.111,0.000,0.000,0.000,0.121,11.239,2.111,-0.409,1.000,0.094,-0.06,0.10,1,0
91596,0.060,0.003,1.010,0.180,-0.604,-0.084,0.9931,0.0049,-0.0295,0.1130,0.173,-3.423,192.975,0.215,2.933,2.111,0.000,0.000,0.000,0.119,22.150,2.111,-0.412,1.000,0.113,-0.06,-0.04,1,0
91622,0.061,0.004,1.010,0.048,-0.441,0.164,0.9931,0.0052,-0.0296,0.1130,0.206,-3.434,192.974,0.215,4.301,2.111,0.000,0.000,0.000,-0.067,27.012,2.111,-0.425,1.000,0.098,-0.06,-0.04,1,0
91882,0.062,0.003,1.010,-0.047,-0.082,0.040,0.9931,0.0050,-0.0305,0.1132,0.173,-3.540,192.996,1.075,21.017,2.111,0.000,0.000,0.000,4.826,60.000,2.111,-0.098,1.000,0.099,-0.12,-0.10,1,0
91896,0.062,0.003,1.011,0.097,-0.133,-0.016,0.9931,0.0050,-0.0303,0.1132,0.173,-3.517,192.996,0.376,25.464,2.111,0.000,0.000,0.000,3.730,60.000,2.111,-0.051,1.000,0.108,-0.12,-0.09,1,0
91912,0.062,0.003,1.011,0.064,-0.055,-0.043,0.9931,0.0050,-0.0305,0.1132,0.179,-3.534,192.995,0.376,30.792,2.111,0.000,0.000,0.000,1.065,60.000,2.111,-0.205,1.000,0.113,-0.12,0.19,1,0
91932,0.062,0.003,1.011,0.026,-0.068,0.097,0.9931,0.0052,-0.0303,0.1132,0.196,-3.515,192.994,0.376,33.040,2.111,0.000,0.000,0.000,0.968,60.000,2.111,-0.306,1.000,0.105,-0.12,0.19,1,0
91952,0.062,0.003,1.012,-0.208,0.045,0.278,0.9931,0.0053,-0.0303,0.1132,0.211,-3.518,192.997,0.376,33.040,2.111,0.000,0.000,0.000,1.039,60.000,2.111,-0.326,1.000,0.077,-0.12,0.14,1,0
91976,0.062,0.003,1.011,-0.097,0.045,0.156,0.9931,0.0050,-0.0304,0.1133,0.173,-3.525,193.007,0.376,31.720,2.111,0.000,0.000,0.000,1.155,60.000,2.111,-0.313,1.000,0.076,-0.12,-0.17,1,0
91994,0.062,0.002,1.012,0.514,-0.050,-0.229,0.9931,0.0046,-0.0303,0.1133,0.135,-3.507,193.009,0.376,30.010,2.111,0.000,0.000,0.000,1.325,60.000,2.111,-0.342,1.000,0.111,-0.12,-0.16,1,0
92012,0.063,0.003,1.011,0.461,0.065,-0.321,0.9931,0.0052,-0.0305,0.1132,0.201,-3.545,193.000,0.215,28.739,2.111,0.000,0.000,0.000,0.102,60.000,2.111,-0.367,1.000,0.148,-0.13,-0.16,1,0
92042,0.063,0.002,1.011,0.141,0.398,-0.025,0.9931,0.0047,-0.0306,0.1132,0.142,-3.549,193.001,0.215,25.611,2.111,0.000,0.000,0.000,0.390,60.000,2.111,-0.444,1.000,0.127,-0.13,-0.17,1,0
92072,0.063,0.003,1.011,-0.200,0.227,-0.025,0.9931,0.0051,-0.0305,0.1132,0.182,-3.535,192.996,0.215,20.870,2.111,0.000,0.000,0.000,0.419,60.000,2.111,-0.398,1.000,0.120,-0.13,-0.17,1,0
92092,0.062,0.005,1.011,-0.146,0.280,0.206,0.9931,0.0058,-0.0303,0.1132,0.270,-3.525,192.994,0.108,16.373,2.111,0.000,0.000,0.000,-0.786,60.000,2.111,-0.407,1.000,0.088,-0.13,-0.09,1,0
92114,0.062,0.004,1.011,0.030,0.252,0.168,0.9931,0.0056,-0.0302,0.1132,0.244,-3.517,192.998,0.000,13.196,2.111,0.000,0.000,0.000,-0.823,60.000,2.111,-0.462,1.000,0.080,-0.13,-0.09,1,0
92135,0.062,0.004,1.010,-0.022,0.373,0.317,0.9931,0.0056,-0.0303,0.1132,0.245,-3.525,193.004,0.000,6.598,2.111,0.000,0.000,0.000,-1.513,47.626,2.111,-0.556,0.736,0.075,-0.12,0.42,1,0
92571,0.058,0.003,1.009,0.174,1.200,-0.165,0.9931,0.0047,-0.0283,0.1135,0.168,-3.285,193.037,0.108,-1.564,2.111,0.000,0.000,0.000,-0.058,6.109,2.111,-0.337,0.729,0.117,-0.12,0.38,1,0
92592,0.057,0.003,1.010,0.250,1.257,-0.019,0.9931,0.0046,-0.0280,0.1135,0.155,-3.243,193.036,0.108,-1.564,2.111,0.000,0.000,0.000,-0.583,5.885,2.111,-0.432,0.754,0.121,-0.11,0.34,1,0
92603,0.056,0.003,1.010,0.151,1.025,0.107,0.9931,0.0047,-0.0277,0.1135,0.175,-3.212,193.036,0.108,-1.564,2.111,0.000,0.000,0.000,-0.279,5.671,2.111,-0.456,0.775,0.109,-0.10,0.34,1,0
92618,0.056,0.002,1.010,-0.163,1.019,0.317,0.9931,0.0043,-0.0275,0.1136,0.129,-3.188,193.042,0.108,-1.564,2.111,0.000,0.000,0.000,-0.388,5.669,2.111,-0.443,0.801,0.083,-0.10,0.29,1,0
92636,0.056,0.002,1.010,-0.164,1.089,0.317,0.9931,0.0041,-0.0273,0.1136,0.115,-3.158,193.048,0.108,-1.564,2.111,0.000,0.000,0.000,0.000,5.564,2.111,-0.413,0.813,0.066,-0.10,0.01,1,0
92863,0.053,0.003,1.009,-0.069,0.627,0.009,0.9932,0.0044,-0.0260,0.1137,0.162,-3.020,193.063,0.215,-1.564,2.111,0.000,0.000,0.000,0.469,5.201,2.111,-0.384,0.951,0.134,-0.11,0.02,1,0
92875,0.053,0.003,1.010,0.030,0.752,0.058,0.9932,0.0045,-0.0261,0.1137,0.167,-3.035,193.063,0.215,-1.564,2.111,0.000,0.000,0.000,0.452,5.194,2.111,-0.374,0.947,0.121,-0.11,-0.02,1,0
92890,0.053,0.003,1.010,0.182,0.688,-0.057,0.9932,0.0045,-0.0260,0.1137,0.175,-3.025,193.063,0.215,-1.564,2.111,0.000,0.000,0.000,0.158,5.036,2.111,-0.386,0.935,0.117,-0.12,-0.34,1,0
92906,0.053,0.004,1.010,-0.091,0.508,-0.097,0.9932,0.0051,-0.0258,0.1137,0.241,-2.999,193.058,0.215,-1.564,2.111,0.000,0.000,0.000,0.000,4.993,2.111,-0.395,0.939,0.124,-0.12,-0.34,1,0
92922,0.053,0.005,1.010,0.137,0.358,0.116,0.9932,0.0054,-0.0255,0.1137,0.264,-2.976,193.057,0.215,-1.564,2.111,0.000,0.000,0.000,-0.272,4.918,2.111,-0.420,0.949,0.110,-0.13,-0.33,1,0
92938,0.053,0.004,1.010,0.054,0.422,0.141,0.9932,0.0050,-0.0256,0.1137,0.242,-2.977,193.061,0.215,-1.564,2.111,0.000,0.000,0.000,-0.273,4.919,2.111,-0.439,0.951,0.095,-0.13,-0.27,1,0
92966,0.052,0.003,1.010,0.079,0.436,0.170,0.9932,0.0044,-0.0255,0.1138,0.168,-2.963,193.069,0.215,-3.128,2.111,0.000,0.000,0.000,0.266,4.047,2.111,-0.403,0.865,0.088,-0.12,0.13,1,0
92986,0.052,0.002,1.011,0.088,0.097,-0.006,0.9932,0.0040,-0.0254,0.1138,0.125,-2.950,193.074,0.215,-3.959,2.111,0.000,0.000,0.000,0.487,-0.647,2.111,-0.384,0.578,0.094,-0.12,0.12,1,0
93003,0.052,0.004,1.011,0.140,0.154,-0.210,0.9932,0.0048,-0.0252,0.1138,0.219,-2.931,193.066,0.215,-5.376,2.111,0.000,0.000,0.000,0.156,-6.191,2.111,-0.383,0.343,0.124,-0.12,0.10,1,0
93024,0.052,0.005,1.012,0.105,0.273,0.024,0.9932,0.0052,-0.0253,0.1138,0.267,-2.950,193.062,0.215,-7.283,2.111,0.000,0.000,0.000,-0.132,-12.810,2.111,-0.423,0.075,0.123,-0.12,-0.09,1,0
93041,0.052,0.005,1.010,-0.014,0.109,0.127,0.9932,0.0051,-0.0255,0.1138,0.254,-2.970,193.064,0.215,-7.869,2.111,0.000,0.000,0.000,-0.435,-15.296,2.111,-0.432,-0.048,0.107,-0.12,-0.09,1,0
93063,0.052,0.002,1.011,0.281,-0.152,-0.219,0.9932,0.0040,-0.0256,0.1138,0.118,-2.966,193.071,0.215,-9.873,2.111,0.000,0.000,0.000,0.546,-21.892,2.111,-0.420,-0.268,0.115,-0.12,-0.04,1,0
93080,0.052,0.002,1.010,-0.113,-0.074,-0.203,0.9932,0.0038,-0.0254,0.1138,0.100,-2.937,193.068,0.215,-10.459,2.111,0.000,0.000,0.000,0.730,-26.204,2.111,-0.369,-0.389,0.135,-0.11,0.33,1,0
93104,0.051,0.003,1.011,0.142,-0.120,0.122,0.9932,0.0042,-0.0249,0.1138,0.151,-2.887,193.064,0.215,-11.877,2.111,0.000,0.000,0.000,0.527,-31.001,2.111,-0.362,-0.521,0.111,-0.11,0.31,1,0
93127,0.050,0.002,1.009,-0.040,-0.102,0.189,0.9932,0.0040,-0.0243,0.1138,0.135,-2.820,193.069,0.215,-13.832,2.111,0.000,0.000,0.000,0.348,-34.496,2.111,-0.379,-0.616,0.086,-0.10,0.30,1,0
93153,0.049,0.001,1.010,0.303,-0.348,0.153,0.9932,0.0035,-0.0240,0.1138,0.084,-2.773,193.075,0.215,-15.005,2.111,0.000,0.000,0.000,0.728,-42.616,2.111,-0.377,-0.705,0.080,-0.10,0.04,1,0
93604,0.052,0.003,1.010,0.258,0.363,0.026,0.9931,0.0045,-0.0251,0.1141,0.182,-2.917,193.106,0.108,-37.977,2.111,0.000,0.000,0.000,0.206,-60.000,2.111,-0.378,-0.997,0.106,-0.17,0.27,1,0
93624,0.052,0.003,1.011,0.147,0.405,0.033,0.9931,0.0042,-0.0253,0.1141,0.142,-2.936,193.109,0.108,-41.251,2.111,0.000,0.000,0.000,-0.227,-60.000,2.111,-0.442,-0.997,0.106,-0.17,0.26,1,0
93638,0.052,0.002,1.010,0.096,0.429,0.204,0.9931,0.0040,-0.0251,0.1142,0.131,-2.910,193.111,0.108,-41.251,2.111,0.000,0.000,0.000,-0.111,-60.000,2.111,-0.442,-0.998,0.094,-0.16,0.25,1,0
93656,0.052,0.002,1.010,-0.090,0.379,0.157,0.9931,0.0039,-0.0253,0.1142,0.116,-2.933,193.114,0.000,-41.251,2.111,0.000,0.000,0.000,-0.519,-60.000,2.111,-0.436,-0.998,0.087,-0.16,0.28,1,0
93864,0.050,0.003,1.010,0.055,0.561,0.086,0.9931,0.0041,-0.0244,0.1143,0.148,-2.830,193.127,0.000,-41.251,2.111,0.000,0.000,0.000,-0.923,-60.000,2.111,-0.497,-1.000,0.091,-0.04,0.21,1,0
93876,0.050,0.003,1.010,-0.107,0.590,0.042,0.9931,0.0041,-0.0244,0.1143,0.151,-2.829,193.128,0.000,-41.251,2.111,0.000,0.000,0.000,-0.878,-60.000,2.111,-0.482,-1.000,0.094,-0.03,0.20,1,0
93894,0.050,0.003,1.010,0.099,0.584,0.032,0.9931,0.0044,-0.0243,0.1143,0.178,-2.820,193.127,0.000,-41.251,2.111,0.000,0.000,0.000,-0.851,-60.000,2.111,-0.473,-1.000,0.100,-0.03,0.19,1,0
93904,0.050,0.003,1.009,0.094,0.514,-0.021,0.9931,0.0044,-0.0243,0.1143,0.188,-2.822,193.126,0.000,-41.251,2.111,0.000,0.000,0.000,-1.055,-60.000,2.111,-0.478,-1.000,0.104,-0.03,0.19,1,0
93926,0.050,0.004,1.010,0.017,0.554,-0.034,0.9931,0.0051,-0.0241,0.1143,0.265,-2.816,193.121,0.108,-41.251,2.111,0.000,0.000,0.000,-1.148,-60.000,2.111,-0.498,-1.000,0.114,-0.03,0.14,1,0
93944,0.049,0.004,1.010,0.117,0.621,0.050,0.9931,0.0049,-0.0240,0.1143,0.244,-2.799,193.122,0.108,-41.251,2.111,0.000,0.000,0.000,-0.596,-60.000,2.111,-0.476,-1.000,0.108,-0.04,-0.20,1,0
93963,0.049,0.004,1.010,-0.010,0.601,0.103,0.9931,0.0046,-0.0240,0.1143,0.212,-2.790,193.126,0.108,-41.251,2.111,0.000,0.000,0.000,-0.555,-60.000,2.111,-0.451,-1.000,0.096,-0.04,-0.19,1,0
93984,0.049,0.003,1.010,0.031,0.612,0.098,0.9931,0.0044,-0.0239,0.1143,0.193,-2.775,193.128,0.108,-41.251,2.111,0.000,0.000,0.000,-0.339,-60.000,2.111,-0.435,-1.000,0.093,-0.04,-0.18,1,0
94004,0.049,0.003,1.010,0.012,0.524,0.029,0.9931,0.0044,-0.0237,0.1143,0.191,-2.756,193.131,0.108,-41.251,2.111,0.000,0.000,0.000,-0.327,-60.000,2.111,-0.422,-1.000,0.096,-0.04,-0.12,1,0
94021,0.049,0.004,1.010,0.033,0.522,0.061,0.9931,0.0046,-0.0236,0.1143,0.218,-2.750,193.130,0.108,-41.251,2.111,0.000,0.000,0.000,-0.576,-60.000,2.111,-0.424,-1.000,0.101,-0.05,-0.11,1,0
94034,0.049,0.004,1.010,0.184,0.478,0.042,0.9931,0.0046,-0.0238,0.1143,0.212,-2.764,193.131,0.108,-41.251,2.111,0.000,0.000,0.000,-0.581,-60.000,2.111,-0.437,-1.000,0.102,-0.05,-0.13,1,0
94057,0.048,0.004,1.010,0.105,0.501,0.016,0.9932,0.0046,-0.0233,0.1144,0.221,-2.713,193.131,0.215,-41.251,2.111,0.000,0.000,0.000,-0.673,-60.000,2.111,-0.449,-1.000,0.108,-0.06,-0.36,1,0
94075,0.048,0.004,1.010,0.102,0.517,0.112,0.9932,0.0046,-0.0232,0.1144,0.219,-2.705,193.132,0.215,-41.251,2.111,0.000,0.000,0.000,-0.090,-60.000,2.111,-0.417,-1.000,0.102,-0.06,-0.34,1,0
94092,0.048,0.003,1.010,0.032,0.554,0.068,0.9932,0.0042,-0.0230,0.1144,0.182,-2.678,193.135,0.215,-41.251,2.111,0.000,0.000,0.000,0.163,-60.000,2.111,-0.397,-1.000,0.097,-0.07,-0.33,1,0
94107,0.047,0.003,1.010,0.062,0.488,0.008,0.9932,0.0043,-0.0229,0.1144,0.192,-2.669,193.135,0.215,-41.251,2.111,0.000,0.000,0.000,0.171,-60.000,2.111,-0.382,-1.000,0.102,-0.07,-0.33,1,0
94134,0.047,0.004,1.010,0.077,0.435,0.014,0.9932,0.0047,-0.0228,0.1144,0.241,-2.660,193.134,0.215,-41.251,2.111,0.000,0.000,0.000,0.000,-60.000,2.111,-0.385,-1.000,0.107,-0.07,0.12,1,0
94154,0.047,0.004,1.010,0.062,0.403,0.010,0.9932,0.0046,-0.0227,0.1144,0.221,-2.647,193.135,0.215,-41.251,2.111,0.000,0.000,0.000,-0.038,-60.000,2.111,-0.398,-1.000,0.107,-0.07,0.12,1,0
94166,0.047,0.004,1.010,0.011,0.456,0.067,0.9932,0.0046,-0.0227,0.1144,0.221,-2.643,193.135,0.215,-41.251,2.111,0.000,0.000,0.000,-0.123,-60.000,2.111,-0.402,-1.000,0.106,-0.07,0.12,1,0
94556,0.044,0.003,1.010,0.141,-0.026,-0.026,0.9932,0.0040,-0.0216,0.1145,0.171,-2.509,193.150,0.215,-41.251,2.111,0.000,0.000,0.000,0.202,-60.000,2.111,-0.407,-1.000,0.107,-0.12,-0.18,1,0
94576,0.044,0.003,1.010,0.027,-0.127,0.031,0.9932,0.0044,-0.0215,0.1145,0.216,-2.506,193.148,0.215,-41.251,2.111,0.000,0.000,0.000,0.120,-60.000,2.111,-0.405,-1.000,0.106,-0.11,0.27,1,0
94595,0.044,0.004,1.010,0.148,-0.061,0.094,0.9932,0.0042,-0.0215,0.1145,0.197,-2.498,193.151,0.215,-41.251,2.111,0.000,0.000,0.000,0.000,-60.000,2.111,-0.413,-1.000,0.097,-0.11,0.26,1,0
94614,0.044,0.004,1.010,0.047,-0.116,0.031,0.9932,0.0042,-0.0215,0.1145,0.197,-2.505,193.152,0.215,-41.251,2.111,0.000,0.000,0.000,0.000,-60.000,2.111,-0.416,-1.000,0.098,-0.10,0.24,1,0
94633,0.044,0.003,1.010,0.085,-0.203,-0.007,0.9932,0.0041,-0.0214,0.1145,0.186,-2.488,193.153,0.215,-41.251,2.111,0.000,0.000,0.000,0.089,-60.000,2.111,-0.415,-1.000,0.104,-0.10,0.17,1,0
94650,0.045,0.004,1.010,-0.051,-0.213,0.026,0.9932,0.0042,-0.0216,0.1145,0.200,-2.511,193.152,0.215,-41.251,2.111,0.000,0.000,0.000,0.000,-60.000,2.111,-0.411,-1.000,0.108,-0.11,-0.43,1,0
94667,0.045,0.003,1.010,-0.002,-0.180,0.136,0.9932,0.0042,-0.0217,0.1146,0.191,-2.528,193.155,0.215,-41.251,2.111,0.000,0.000,0.000,0.125,-60.000,2.111,-0.410,-1.000,0.096,-0.12,-0.43,1,0
95254,0.049,0.003,1.010,0.013,-0.600,0.101,0.9931,0.0042,-0.0237,0.1148,0.167,-2.758,193.182,0.215,-41.251,2.111,0.000,0.000,0.000,0.133,-60.000,2.111,-0.405,-1.000,0.098,-0.20,-0.23,1,0
95497,0.050,0.003,1.010,-0.034,-0.353,0.101,0.9931,0.0043,-0.0245,0.1150,0.171,-2.849,193.203,0.000,-29.130,2.111,0.000,0.000,0.000,-1.038,-60.000,2.111,-0.507,-1.000,0.091,-0.10,0.28,1,0
95526,0.050,0.003,1.011,0.042,-0.326,0.009,0.9931,0.0045,-0.0246,0.1150,0.186,-2.858,193.203,0.000,-27.224,2.111,0.000,0.000,0.000,-0.995,-60.000,2.111,-0.506,-1.000,0.101,-0.09,0.27,1,0
95542,0.051,0.003,1.010,0.110,-0.303,-0.103,0.9930,0.0043,-0.0248,0.1150,0.168,-2.880,193.203,0.000,-24.242,2.111,0.000,0.000,0.000,-0.902,-60.000,2.111,-0.511,-1.000,0.116,-0.09,0.21,1,0
95562,0.051,0.003,1.010,0.149,-0.264,-0.111,0.9930,0.0043,-0.0251,0.1150,0.160,-2.912,193.202,0.000,-21.896,2.111,0.000,0.000,0.000,-1.067,-60.000,2.111,-0.514,-1.000,0.123,-0.09,-0.16,1,0
95578,0.051,0.003,1.011,0.077,-0.251,0.018,0.9930,0.0045,-0.0251,0.1149,0.186,-2.913,193.200,0.000,-19.697,2.111,0.000,0.000,0.000,-1.042,-60.000,2.111,-0.515,-1.000,0.117,-0.10,-0.15,1,0
95593,0.051,0.003,1.010,0.013,-0.245,0.100,0.9930,0.0045,-0.0251,0.1149,0.184,-2.919,193.201,0.000,-18.328,2.111,0.000,0.000,0.000,-0.948,-55.828,2.111,-0.504,-0.874,0.103,-0.10,-0.09,1,0
95612,0.051,0.003,1.010,0.030,-0.231,0.008,0.9930,0.0046,-0.0251,0.1150,0.189,-2.919,193.201,0.000,-16.911,2.111,0.000,0.000,0.000,-1.028,-53.791,2.111,-0.498,-0.641,0.101,-0.09,0.42,1,0
95627,0.052,0.004,1.010,0.009,-0.244,-0.019,0.9930,0.0048,-0.0252,0.1149,0.217,-2.938,193.200,0.000,-15.396,2.111,0.000,0.000,0.000,-1.056,-45.753,2.111,-0.492,-0.369,0.108,-0.08,0.42,1,0
95656,0.051,0.004,1.010,0.006,-0.208,0.009,0.9930,0.0046,-0.0250,0.1149,0.200,-2.906,193.201,0.000,-13.392,2.111,0.000,0.000,0.000,-1.337,-40.868,2.111,-0.511,-0.118,0.106,-0.07,0.40,1,0
95674,0.051,0.003,1.010,0.048,0.219,-0.299,0.9931,0.0045,-0.0246,0.1149,0.188,-2.864,193.196,0.000,-11.975,2.111,0.000,0.000,0.000,-1.049,-31.844,2.111,-0.504,0.157,0.135,-0.07,0.33,1,0
95694,0.051,0.003,1.011,0.261,0.294,-0.265,0.9931,0.0044,-0.0250,0.1149,0.173,-2.902,193.192,0.000,-10.459,2.111,0.000,0.000,0.000,-0.828,-29.001,2.111,-0.503,0.297,0.145,-0.07,0.01,1,0
95715,0.051,0.004,1.011,-0.060,0.523,0.111,0.9931,0.0049,-0.0249,0.1148,0.231,-2.901,193.186,0.000,-9.091,2.111,0.000,0.000,0.000,-1.183,-23.784,2.111,-0.502,0.449,0.119,-0.07,0.01,1,0
95735,0.051,0.003,1.010,0.400,0.535,0.141,0.9931,0.0047,-0.0247,0.1149,0.207,-2.875,193.191,0.000,-8.358,2.111,0.000,0.000,0.000,-0.996,-19.438,2.111,-0.524,0.540,0.085,-0.07,-0.04,1,0
95764,0.051,0.004,1.010,0.211,0.217,-0.115,0.9931,0.0049,-0.0245,0.1148,0.234,-2.858,193.187,0.000,-6.940,2.111,0.000,0.000,0.000,-0.618,-16.720,2.111,-0.503,0.660,0.113,-0.09,-0.50,1,0
96207,0.052,0.002,1.010,-0.005,-0.839,-0.118,0.9930,0.0043,-0.0253,0.1151,0.153,-2.935,193.215,0.000,-1.613,2.111,0.000,0.000,0.000,-0.800,4.547,2.111,-0.489,0.931,0.120,-0.10,-0.08,1,0
96232,0.052,0.004,1.010,0.057,-0.897,0.103,0.9930,0.0046,-0.0251,0.1151,0.193,-2.919,193.213,0.000,-1.564,2.111,0.000,0.000,0.000,-1.050,4.725,2.111,-0.500,0.944,0.111,-0.09,0.34,1,0
96252,0.052,0.004,1.009,-0.073,-0.907,0.083,0.9930,0.0050,-0.0256,0.1151,0.235,-2.975,193.212,0.000,-1.564,2.111,0.000,0.000,0.000,-1.311,4.926,2.111,-0.513,0.956,0.101,-0.09,0.26,1,0
96267,0.053,0.004,1.010,-0.050,-0.898,0.214,0.9930,0.0052,-0.0256,0.1151,0.259,-2.978,193.212,0.000,-1.564,2.111,0.000,0.000,0.000,-1.352,4.982,2.111,-0.527,0.961,0.090,-0.09,0.26,1,0
96466,0.055,0.004,1.010,0.075,-1.102,0.076,0.9930,0.0051,-0.0269,0.1153,0.231,-3.130,193.235,0.215,-1.564,2.111,0.000,0.000,0.000,-1.334,5.483,2.111,-0.534,0.989,0.080,-0.10,-0.09,1,0
96486,0.056,0.004,1.010,0.238,-1.039,-0.091,0.9929,0.0049,-0.0272,0.1153,0.202,-3.159,193.236,0.215,-1.564,2.111,0.000,0.000,0.000,0.088,5.618,2.111,-0.483,0.991,0.098,-0.10,0.04,1,0
96503,0.056,0.003,1.010,0.141,-0.929,-0.036,0.9929,0.0049,-0.0275,0.1153,0.198,-3.201,193.236,0.215,-1.564,2.111,0.000,0.000,0.000,0.117,5.628,2.111,-0.456,0.981,0.105,-0.10,0.03,1,0
96522,0.056,0.003,1.011,-0.032,-1.019,0.043,0.9929,0.0046,-0.0277,0.1153,0.161,-3.210,193.239,0.215,-1.564,2.111,0.000,0.000,0.000,0.301,5.648,2.111,-0.422,0.984,0.097,-0.10,0.02,1,0
96538,0.057,0.003,1.011,0.027,-1.063,0.032,0.9929,0.0047,-0.0275,0.1153,0.170,-3.198,193.238,0.215,-1.564,2.111,0.000,0.000,0.000,0.380,5.705,2.111,-0.405,0.987,0.100,-0.10,-0.12,1,0
96554,0.057,0.003,1.011,0.067,-1.044,-0.098,0.9929,0.0045,-0.0276,0.1153,0.150,-3.205,193.239,0.215,-1.564,2.111,0.000,0.000,0.000,0.366,5.715,2.111,-0.404,0.989,0.102,-0.10,-0.11,1,0
96574,0.057,0.004,1.010,0.045,-1.043,-0.022,0.9929,0.0053,-0.0278,0.1152,0.241,-3.232,193.232,0.215,-1.564,2.111,0.000,0.000,0.000,0.000,5.882,2.111,-0.414,0.991,0.110,-0.10,-0.05,1,0
96587,0.057,0.004,1.010,-0.008,-1.046,0.096,0.9929,0.0055,-0.0280,0.1152,0.253,-3.264,193.232,0.215,-1.564,2.111,0.000,0.000,0.000,-0.191,5.834,2.111,-0.436,0.992,0.100,-0.09,-0.05,1,0
96611,0.058,0.004,1.011,0.002,-0.986,0.193,0.9929,0.0053,-0.0281,0.1153,0.234,-3.267,193.238,0.215,-1.564,2.111,0.000,0.000,0.000,-0.105,5.945,2.111,-0.467,0.992,0.079,-0.08,0.43,1,0
96633,0.058,0.003,1.011,0.087,-1.080,0.171,0.9929,0.0048,-0.0283,0.1153,0.174,-3.280,193.245,0.215,-1.564,2.111,0.000,0.000,0.000,0.107,6.008,2.111,-0.467,0.994,0.075,-0.08,0.41,1,0
96647,0.058,0.002,1.011,0.233,-1.022,-0.034,0.9929,0.0045,-0.0285,0.1153,0.130,-3.309,193.249,0.215,-1.564,2.111,0.000,0.000,0.000,0.213,6.024,2.111,-0.462,0.995,0.093,-0.07,0.41,1,0
96667,0.059,0.003,1.011,0.156,-0.951,-0.090,0.9929,0.0048,-0.0287,0.1153,0.167,-3.330,193.245,0.215,-1.564,2.111,0.000,0.000,0.000,0.287,6.135,2.111,-0.441,0.994,0.115,-0.07,0.32,1,0
96684,0.059,0.003,1.010,0.176,-0.978,-0.130,0.9929,0.0050,-0.0287,0.1153,0.189,-3.332,193.243,0.215,-1.564,2.111,0.000,0.000,0.000,0.264,6.207,2.111,-0.437,0.995,0.121,-0.08,-0.26,1,0
96704,0.059,0.004,1.010,0.062,-0.926,-0.143,0.9929,0.0053,-0.0287,0.1153,0.229,-3.335,193.238,0.215,-1.564,2.111,0.000,0.000,0.000,-0.074,6.168,2.111,-0.453,0.996,0.128,-0.08,-0.25,1,0
96715,0.060,0.004,1.010,0.087,-0.911,-0.043,0.9929,0.0051,-0.0292,0.1153,0.200,-3.391,193.238,0.215,-1.564,2.111,0.000,0.000,0.000,0.000,6.292,2.111,-0.463,0.994,0.124,-0.08,-0.22,1,0
96732,0.060,0.003,1.010,0.077,-0.789,0.169,0.9929,0.0050,-0.0291,0.1153,0.185,-3.380,193.241,0.215,-1.564,2.111,0.000,0.000,0.000,0.132,6.408,2.111,-0.458,0.995,0.099,-0.08,-0.02,1,0
96746,0.060,0.003,1.011,-0.037,-0.791,0.220,0.9929,0.0051,-0.0294,0.1153,0.188,-3.410,193.243,0.215,-1.564,2.111,0.000,0.000,0.000,0.120,6.430,2.111,-0.452,0.996,0.088,-0.08,-0.02,1,0
96764,0.060,0.003,1.010,0.075,-0.878,0.210,0.9929,0.0049,-0.0295,0.1154,0.162,-3.421,193.251,0.215,-1.564,2.111,0.000,0.000,0.000,0.187,6.502,2.111,-0.442,0.996,0.069,-0.09,-0.02,1,0
96787,0.061,0.004,1.010,0.029,-0.849,0.009,0.9929,0.0053,-0.0298,0.1154,0.210,-3.458,193.249,0.215,-1.564,2.111,0.000,0.000,0.000,0.162,6.505,2.111,-0.440,0.997,0.092,-0.08,0.02,1,0
97184,0.064,0.005,1.010,0.108,0.164,0.048,0.9928,0.0059,-0.0312,0.1155,0.263,-3.631,193.266,0.215,-1.564,2.111,0.000,0.000,0.000,-0.246,7.209,2.111,-0.491,0.984,0.115,-0.10,-0.29,1,0
97211,0.064,0.004,1.010,0.092,0.244,0.017,0.9928,0.0056,-0.0314,0.1155,0.223,-3.644,193.270,0.215,-1.564,2.111,0.000,0.000,0.000,-0.046,7.261,2.111,-0.478,0.982,0.105,-0.10,0.03,1,0
97226,0.064,0.004,1.010,0.068,0.278,0.036,0.9928,0.0058,-0.0312,0.1155,0.249,-3.631,193.269,0.215,-1.564,2.111,0.000,0.000,0.000,-0.037,7.262,2.111,-0.473,0.984,0.106,-0.10,0.03,1,0
97252,0.065,0.005,1.010,0.135,0.261,0.168,0.9928,0.0060,-0.0313,0.1156,0.267,-3.643,193.270,0.215,-1.564,2.111,0.000,0.000,0.000,-0.328,7.279,2.111,-0.483,0.987,0.095,-0.10,0.04,1,0
97272,0.064,0.004,1.010,0.102,0.283,-0.079,0.9928,0.0058,-0.0314,0.1156,0.248,-3.656,193.273,0.215,-1.564,2.111,0.000,0.000,0.000,-0.124,7.237,2.111,-0.488,0.987,0.105,-0.10,0.07,1,0
97294,0.064,0.005,1.010,0.061,0.401,0.017,0.9928,0.0058,-0.0311,0.1156,0.249,-3.614,193.271,0.215,-1.564,2.111,0.000,0.000,0.000,-0.307,7.193,2.111,-0.482,0.979,0.115,-0.10,0.06,1,0
97512,0.063,0.004,1.010,0.036,0.778,0.079,0.9928,0.0056,-0.0305,0.1156,0.228,-3.548,193.277,0.215,-1.564,2.111,0.000,0.000,0.000,-0.160,6.982,2.111,-0.481,0.957,0.102,-0.14,-0.13,1,0
97526,0.063,0.004,1.010,0.021,0.768,0.082,0.9928,0.0054,-0.0307,0.1156,0.214,-3.566,193.279,0.215,-1.564,2.111,0.000,0.000,0.000,-0.043,7.005,2.111,-0.479,0.961,0.093,-0.14,-0.13,1,0
97544,0.063,0.004,1.010,-0.034,0.784,0.092,0.9928,0.0052,-0.0305,0.1156,0.192,-3.544,193.282,0.215,-1.564,2.111,0.000,0.000,0.000,0.000,6.968,2.111,-0.468,0.959,0.089,-0.15,-0.13,1,0
97563,0.062,0.004,1.010,0.010,0.890,0.103,0.9928,0.0054,-0.0304,0.1157,0.215,-3.534,193.282,0.215,-1.564,2.111,0.000,0.000,0.000,0.000,6.899,2.111,-0.459,0.954,0.090,-0.16,-0.17,1,0
97578,0.062,0.004,1.010,0.001,0.874,0.081,0.9928,0.0055,-0.0303,0.1157,0.224,-3.518,193.283,0.215,-1.564,2.111,0.000,0.000,0.000,0.000,6.845,2.111,-0.464,0.951,0.091,-0.17,-0.59,1,0
97598,0.062,0.004,1.010,0.070,0.889,0.005,0.9928,0.0055,-0.0301,0.1157,0.223,-3.504,193.284,0.215,-1.564,2.111,0.000,0.000,0.000,0.053,6.842,2.111,-0.466,0.947,0.097,-0.17,-0.56,1,0
97624,0.061,0.004,1.010,0.032,0.884,-0.008,0.9928,0.0054,-0.0301,0.1157,0.217,-3.499,193.284,0.215,-1.564,2.111,0.000,0.000,0.000,-0.047,6.697,2.111,-0.479,0.948,0.108,-0.18,-0.45,1,0
97642,0.061,0.004,1.010,0.114,0.865,0.031,0.9928,0.0053,-0.0300,0.1157,0.207,-3.482,193.285,0.215,-1.564,2.111,0.000,0.000,0.000,0.000,6.622,2.111,-0.478,0.947,0.105,-0.17,0.29,1,0
97656,0.061,0.003,1.010,0.138,0.917,0.010,0.9928,0.0051,-0.0298,0.1157,0.190,-3.466,193.287,0.215,-1.564,2.111,0.000,0.000,0.000,0.062,6.672,2.111,-0.478,0.943,0.107,-0.17,0.28,1,0
97674,0.061,0.004,1.010,0.059,0.922,-0.015,0.9928,0.0053,-0.0296,0.1157,0.209,-3.441,193.285,0.215,-1.564,2.111,0.000,0.000,0.000,0.080,6.563,2.111,-0.474,0.941,0.108,-0.16,0.28,1,0
97690,0.061,0.004,1.010,0.097,0.942,-0.000,0.9928,0.0053,-0.0294,0.1157,0.214,-3.423,193.285,0.215,-1.564,2.111,0.000,0.000,0.000,0.000,6.511,2.111,-0.470,0.942,0.111,-0.16,0.26,1,0
97711,0.060,0.004,1.011,0.113,0.856,0.049,0.9928,0.0054,-0.0292,0.1157,0.231,-3.400,193.284,0.215,-1.564,2.111,0.000,0.000,0.000,-0.069,6.429,2.111,-0.474,0.944,0.104,-0.17,0.18,1,0
97732,0.060,0.004,1.010,0.137,0.948,0.098,0.9928,0.0054,-0.0291,0.1157,0.235,-3.386,193.286,0.215,-1.564,2.111,0.000,0.000,0.000,-0.111,6.377,2.111,-0.488,0.935,0.096,-0.18,-0.44,1,0
97752,0.059,0.004,1.010,0.026,0.877,-0.007,0.9928,0.0052,-0.0290,0.1157,0.209,-3.365,193.289,0.215,-1.564,2.111,0.000,0.000,0.000,0.000,6.366,2.111,-0.481,0.939,0.099,-0.18,-0.36,1,0
97766,0.059,0.004,1.010,0.003,0.914,0.040,0.9928,0.0051,-0.0290,0.1157,0.198,-3.373,193.290,0.215,-1.564,2.111,0.000,0.000,0.000,0.000,6.347,2.111,-0.475,0.944,0.103,-0.18,-0.36,1,0
97783,0.059,0.004,1.010,0.018,0.894,0.062,0.9928,0.0052,-0.0287,0.1157,0.208,-3.341,193.291,0.215,-1.564,2.111,0.000,0.000,0.000,0.138,6.260,2.111,-0.468,0.939,0.100,-0.18,-0.02,1,0
97802,0.059,0.003,1.010,0.071,0.912,0.048,0.9928,0.0050,-0.0287,0.1157,0.186,-3.333,193.293,0.215,-1.564,2.111,0.000,0.000,0.000,0.046,6.170,2.111,-0.464,0.937,0.100,-0.19,-0.02,1,0
98236,0.052,0.003,1.011,0.056,0.197,-0.073,0.9929,0.0041,-0.0255,0.1158,0.133,-2.958,193.303,0.215,-1.564,2.111,0.000,0.000,0.000,0.394,4.938,2.111,-0.452,0.934,0.107,-0.17,-0.07,1,0
98262,0.052,0.003,1.011,0.039,0.119,0.042,0.9929,0.0044,-0.0256,0.1158,0.159,-2.967,193.302,0.215,-1.564,2.111,0.000,0.000,0.000,0.315,4.889,2.111,-0.444,0.949,0.110,-0.17,-0.07,1,0
98274,0.052,0.004,1.011,0.084,0.131,0.131,0.9929,0.0048,-0.0254,0.1158,0.208,-2.960,193.301,0.215,-1.564,2.111,0.000,0.000,0.000,0.177,4.887,2.111,-0.448,0.950,0.103,-0.17,-0.07,1,0
98295,0.052,0.003,1.011,0.010,0.101,0.077,0.9929,0.0048,-0.0254,0.1158,0.209,-2.950,193.303,0.215,-1.564,2.111,0.000,0.000,0.000,0.034,4.837,2.111,-0.458,0.951,0.096,-0.18,-0.17,1,0
98314,0.052,0.004,1.011,0.191,0.107,0.091,0.9929,0.0048,-0.0253,0.1158,0.213,-2.945,193.304,0.215,-1.564,2.111,0.000,0.000,0.000,0.122,4.871,2.111,-0.480,0.955,0.101,-0.18,-0.16,1,0
98532,0.052,0.004,1.010,0.115,-0.468,-0.076,0.9929,0.0049,-0.0251,0.1160,0.225,-2.924,193.316,0.215,-1.564,2.111,0.000,0.000,0.000,0.149,4.770,2.111,-0.461,0.992,0.116,-0.17,-0.19,1,0
98554,0.052,0.003,1.009,0.160,-0.546,0.022,0.9929,0.0045,-0.0253,0.1160,0.176,-2.938,193.319,0.108,-1.564,2.111,0.000,0.000,0.000,-0.487,4.827,2.111,-0.516,0.994,0.115,-0.15,0.78,1,0
98566,0.052,0.003,1.009,0.175,-0.495,0.034,0.9929,0.0047,-0.0254,0.1160,0.198,-2.955,193.318,0.215,-1.564,2.111,0.000,0.000,0.000,-0.386,4.803,2.111,-0.529,0.995,0.112,-0.14,0.78,1,0
98584,0.052,0.003,1.010,0.079,-0.548,0.065,0.9929,0.0045,-0.0255,0.1160,0.169,-2.963,193.321,0.215,-1.564,2.111,0.000,0.000,0.000,0.170,4.804,2.111,-0.492,0.996,0.106,-0.13,0.74,1,0
98603,0.052,0.003,1.009,0.077,-0.606,0.072,0.9929,0.0046,-0.0254,0.1160,0.183,-2.954,193.322,0.108,-1.564,2.111,0.000,0.000,0.000,0.193,4.837,2.111,-0.462,0.997,0.100,-0.13,0.62,1,0
98626,0.053,0.004,1.010,0.055,-0.626,0.009,0.9929,0.0049,-0.0256,0.1160,0.213,-2.976,193.321,0.215,-1.564,2.111,0.000,0.000,0.000,0.135,4.944,2.111,-0.475,0.997,0.107,-0.13,-0.12,1,0
98634,0.053,0.003,1.010,0.229,-0.631,0.006,0.9929,0.0047,-0.0257,0.1160,0.191,-2.993,193.322,0.215,-1.564,2.111,0.000,0.000,0.000,0.078,4.907,2.111,-0.476,0.997,0.109,-0.13,-0.11,1,0
98655,0.053,0.003,1.010,0.052,-0.685,0.052,0.9929,0.0047,-0.0258,0.1160,0.197,-2.999,193.322,0.215,-1.564,2.111,0.000,0.000,0.000,0.103,5.003,2.111,-0.471,0.998,0.108,-0.13,-0.04,1,0
98666,0.053,0.003,1.010,0.005,-0.732,0.070,0.9929,0.0046,-0.0261,0.1160,0.178,-3.029,193.324,0.215,-1.564,2.111,0.000,0.000,0.000,0.098,5.020,2.111,-0.463,0.998,0.104,-0.13,-0.04,1,0
98684,0.053,0.003,1.010,0.020,-0.726,0.028,0.9929,0.0048,-0.0260,0.1160,0.202,-3.021,193.324,0.215,-1.564,2.111,0.000,0.000,0.000,0.085,5.090,2.111,-0.457,0.998,0.104,-0.12,0.50,1,0
98704,0.053,0.003,1.010,0.002,-0.778,0.108,0.9929,0.0047,-0.0261,0.1160,0.186,-3.036,193.326,0.215,-1.564,2.111,0.000,0.000,0.000,0.259,5.047,2.111,-0.455,0.999,0.100,-0.11,0.47,1,0
98720,0.054,0.004,1.010,0.065,-0.719,0.064,0.9929,0.0049,-0.0261,0.1160,0.206,-3.031,193.326,0.215,-1.564,2.111,0.000,0.000,0.000,0.046,5.114,2.111,-0.457,0.999,0.099,-0.10,0.45,1,0
98745,0.054,0.004,1.010,0.071,-0.852,0.091,0.9929,0.0050,-0.0263,0.1160,0.215,-3.062,193.327,0.215,-1.564,2.111,0.000,0.000,0.000,0.000,5.201,2.111,-0.465,0.999,0.100,-0.11,0.33,1,0
98763,0.054,0.003,1.010,0.094,-0.834,0.018,0.9929,0.0048,-0.0266,0.1161,0.191,-3.089,193.329,0.215,-1.564,2.111,0.000,0.000,0.000,0.172,5.306,2.111,-0.466,0.999,0.103,-0.12,-0.56,1,0
98778,0.054,0.004,1.010,0.128,-0.845,0.047,0.9929,0.0049,-0.0265,0.1161,0.201,-3.076,193.329,0.215,-1.564,2.111,0.000,0.000,0.000,-0.032,5.290,2.111,-0.468,0.999,0.106,-0.13,-0.53,1,0
98795,0.055,0.003,1.010,0.149,-0.871,0.002,0.9929,0.0047,-0.0266,0.1161,0.179,-3.087,193.331,0.215,-1.564,2.111,0.000,0.000,0.000,0.084,5.326,2.111,-0.470,0.999,0.107,-0.13,-0.40,1,0
98825,0.055,0.004,1.010,0.069,-0.925,0.095,0.9929,0.0050,-0.0268,0.1161,0.209,-3.116,193.331,0.215,-1.564,2.111,0.000,0.000,0.000,0.128,5.337,2.111,-0.464,1.000,0.099,-0.11,0.60,1,0
99193,0.060,0.003,1.010,0.120,-0.777,0.185,0.9928,0.0050,-0.0292,0.1163,0.176,-3.392,193.357,0.215,-1.564,2.111,0.000,0.000,0.000,0.194,6.453,2.111,-0.455,1.000,0.099,-0.15,-0.49,1,0
99212,0.060,0.003,1.010,0.141,-0.753,-0.033,0.9928,0.0051,-0.0293,0.1163,0.193,-3.407,193.357,0.215,-1.564,2.111,0.000,0.000,0.000,0.179,6.432,2.111,-0.462,1.000,0.107,-0.16,-0.47,1,0
99226,0.061,0.004,1.010,0.074,-0.713,0.076,0.9928,0.0054,-0.0295,0.1163,0.221,-3.426,193.356,0.215,-1.564,2.111,0.000,0.000,0.000,0.000,6.486,2.111,-0.467,1.000,0.109,-0.17,-0.47,1,0
99247,0.061,0.004,1.010,0.140,-0.642,0.091,0.9928,0.0053,-0.0295,0.1163,0.206,-3.433,193.359,0.215,-1.564,2.111,0.000,0.000,0.000,0.051,6.509,2.111,-0.476,1.000,0.102,-0.18,-0.44,1,0
99264,0.061,0.004,1.010,0.070,-0.699,0.129,0.9927,0.0055,-0.0297,0.1163,0.229,-3.453,193.359,0.215,-1.564,2.111,0.000,0.000,0.000,0.035,6.547,2.111,-0.477,1.000,0.099,-0.18,-0.43,1,0
99284,0.061,0.003,1.010,0.138,-0.642,0.071,0.9927,0.0051,-0.0299,0.1164,0.177,-3.468,193.364,0.215,-1.564,2.111,0.000,0.000,0.000,0.112,6.584,2.111,-0.475,1.000,0.101,-0.20,-0.46,1,0
99305,0.061,0.003,1.010,0.045,-0.667,-0.006,0.9927,0.0051,-0.0300,0.1164,0.177,-3.478,193.365,0.215,-1.564,2.111,0.000,0.000,0.000,0.157,6.603,2.111,-0.461,1.000,0.108,-0.20,-0.44,1,0
99322,0.061,0.003,1.010,0.090,-0.592,0.082,0.9927,0.0052,-0.0298,0.1164,0.194,-3.467,193.365,0.215,-1.564,2.111,0.000,0.000,0.000,0.121,6.634,2.111,-0.456,1.000,0.108,-0.21,-0.42,1,0
99344,0.062,0.003,1.010,0.205,-0.536,0.069,0.9927,0.0053,-0.0303,0.1164,0.195,-3.516,193.366,0.215,-1.564,2.111,0.000,0.000,0.000,0.186,6.731,2.111,-0.466,1.000,0.105,-0.22,-0.41,1,0
99574,0.064,0.004,1.010,0.086,-0.050,0.118,0.9927,0.0055,-0.0310,0.1165,0.214,-3.605,193.377,0.215,-1.564,2.111,0.000,0.000,0.000,0.117,7.250,2.111,-0.463,0.999,0.101,-0.21,0.32,1,0
99593,0.064,0.004,1.010,0.013,-0.014,0.060,0.9927,0.0056,-0.0311,0.1165,0.226,-3.614,193.377,0.215,-1.564,2.111,0.000,0.000,0.000,0.000,7.211,2.111,-0.464,0.998,0.100,-0.21,0.18,1,0
99618,0.064,0.003,1.010,0.110,0.034,-0.045,0.9927,0.0054,-0.0313,0.1165,0.202,-3.631,193.380,0.215,-1.564,2.111,0.000,0.000,0.000,0.159,7.153,2.111,-0.464,0.998,0.106,-0.21,0.17,1,0
99644,0.064,0.004,1.010,0.032,0.106,0.052,0.9927,0.0055,-0.0314,0.1165,0.212,-3.648,193.378,0.215,-1.564,2.111,0.000,0.000,0.000,-0.055,7.230,2.111,-0.462,0.998,0.111,-0.20,0.20,1,0
99664,0.064,0.003,1.010,0.079,0.134,-0.007,0.9927,0.0054,-0.0312,0.1165,0.200,-3.624,193.381,0.215,-1.564,2.111,0.000,0.000,0.000,0.211,7.222,2.111,-0.465,0.999,0.103,-0.18,0.52,1,0
99682,0.064,0.004,1.010,0.004,0.117,-0.032,0.9927,0.0056,-0.0311,0.1165,0.225,-3.619,193.379,0.215,-1.564,2.111,0.000,0.000,0.000,-0.052,7.190,2.111,-0.465,0.999,0.109,-0.18,0.50,1,0
99705,0.064,0.004,1.010,0.140,0.233,0.057,0.9927,0.0057,-0.0311,0.1165,0.228,-3.619,193.380,0.215,-1.564,2.111,0.000,0.000,0.000,-0.070,7.171,2.111,-0.473,0.999,0.103,-0.17,0.47,1,0
99716,0.064,0.004,1.010,0.021,0.222,0.069,0.9927,0.0057,-0.0312,0.1165,0.233,-3.628,193.380,0.215,-1.564,2.111,0.000,0.000,0.000,0.040,7.201,2.111,-0.475,0.999,0.101,-0.16,0.43,1,0
99736,0.064,0.004,1.010,0.047,0.303,0.060,0.9927,0.0057,-0.0313,0.1165,0.231,-3.639,193.381,0.215,-1.564,2.111,0.000,0.000,0.000,-0.083,7.242,2.111,-0.474,0.999,0.102,-0.16,0.20,1,0
99755,0.064,0.004,1.010,0.025,0.356,0.126,0.9927,0.0057,-0.0312,0.1165,0.228,-3.630,193.384,0.215,-1.564,2.111,0.000,0.000,0.000,0.000,7.149,2.111,-0.476,0.997,0.095,-0.16,0.19,1,0
99774,0.064,0.004,1.010,0.000,0.334,0.096,0.9927,0.0056,-0.0312,0.1166,0.226,-3.627,193.386,0.215,-1.564,2.111,0.000,0.000,0.000,0.000,7.132,2.111,-0.471,0.997,0.096,-0.16,0.12,1,0
99787,0.064,0.004,1.010,0.149,0.320,-0.047,0.9927,0.0054,-0.0311,0.1166,0.195,-3.616,193.388,0.215,-1.564,2.111,0.000,0.000,0.000,-0.054,7.197,2.111,-0.473,0.997,0.103,-0.16,0.12,1,0
99814,0.064,0.004,1.010,0.106,0.403,-0.035,0.9927,0.0057,-0.0309,0.1165,0.239,-3.597,193.383,0.215,-1.564,2.111,0.000,0.000,0.000,0.000,7.124,2.111,-0.475,0.995,0.119,-0.17,-0.40,1,0
99832,0.063,0.004,1.009,0.015,0.526,0.137,0.9927,0.0057,-0.0309,0.1165,0.240,-3.589,193.384,0.215,-1.564,2.111,0.000,0.000,0.000,-0.136,7.089,2.111,-0.474,0.991,0.109,-0.18,-0.40,1,0
99862,0.063,0.003,1.010,0.032,0.579,-0.047,0.9927,0.0054,-0.0307,0.1166,0.201,-3.566,193.391,0.215,-1.564,2.111,0.000,0.000,0.000,0.275,7.063,2.111,-0.457,0.980,0.099,-0.17,0.16,1,0
100294,0.058,0.004,1.011,0.128,0.757,-0.069,0.9927,0.0051,-0.0282,0.1167,0.207,-3.273,193.408,0.215,-1.564,2.111,0.000,0.000,0.000,0.000,6.067,2.111,-0.461,0.955,0.112,-0.17,0.01,1,0
100307,0.058,0.004,1.010,0.045,0.832,-0.014,0.9928,0.0052,-0.0280,0.1167,0.221,-3.256,193.407,0.215,-1.564,2.111,0.000,0.000,0.000,0.000,5.952,2.111,-0.460,0.951,0.115,-0.17,0.01,1,0
100326,0.058,0.004,1.011,0.028,0.818,0.110,0.9927,0.0054,-0.0282,0.1167,0.241,-3.282,193.407,0.215,-1.564,2.111,0.000,0.000,0.000,-0.187,6.020,2.111,-0.467,0.946,0.102,-0.16,0.25,1,0
100343,0.057,0.004,1.011,0.027,0.802,0.099,0.9928,0.0052,-0.0278,0.1168,0.219,-3.231,193.410,0.215,-1.564,2.111,0.000,0.000,0.000,0.035,5.896,2.111,-0.469,0.952,0.096,-0.16,0.24,1,0
100362,0.057,0.004,1.010,-0.079,0.732,0.028,0.9928,0.0051,-0.0277,0.1168,0.214,-3.227,193.411,0.215,-1.564,2.111,0.000,0.000,0.000,0.000,5.816,2.111,-0.454,0.950,0.100,-0.16,0.19,1,0
100567,0.054,0.003,1.010,0.082,0.451,0.114,0.9928,0.0046,-0.0267,0.1169,0.162,-3.094,193.427,0.215,-1.564,2.111,0.000,0.000,0.000,0.232,5.372,2.111,-0.468,0.960,0.102,-0.12,0.41,1,0
100582,0.054,0.003,1.010,0.040,0.402,0.035,0.9928,0.0046,-0.0266,0.1169,0.169,-3.091,193.427,0.215,-1.564,2.111,0.000,0.000,0.000,0.273,5.337,2.111,-0.451,0.960,0.103,-0.13,-0.27,1,0
100600,0.054,0.003,1.010,0.006,0.334,0.050,0.9928,0.0045,-0.0264,0.1169,0.165,-3.061,193.429,0.215,-1.564,2.111,0.000,0.000,0.000,0.246,5.304,2.111,-0.441,0.966,0.102,-0.13,-0.25,1,0
100615,0.054,0.003,1.010,0.083,0.345,0.012,0.9928,0.0046,-0.0265,0.1169,0.172,-3.078,193.429,0.215,-1.564,2.111,0.000,0.000,0.000,0.223,5.214,2.111,-0.447,0.970,0.105,-0.13,-0.24,1,0
100636,0.054,0.004,1.010,0.050,0.348,-0.056,0.9928,0.0050,-0.0263,0.1169,0.214,-3.060,193.426,0.215,-1.564,2.111,0.000,0.000,0.000,0.186,5.184,2.111,-0.447,0.961,0.113,-0.14,-0.22,1,0
100662,0.053,0.004,1.010,0.112,0.228,0.077,0.9928,0.0053,-0.0259,0.1169,0.252,-3.017,193.425,0.215,-1.564,2.111,0.000,0.000,0.000,-0.208,5.111,2.111,-0.489,0.970,0.104,-0.14,-0.21,1,0
100684,0.053,0.004,1.010,0.028,0.244,0.075,0.9928,0.0048,-0.0259,0.1169,0.202,-3.015,193.429,0.215,-1.564,2.111,0.000,0.000,0.000,0.072,5.082,2.111,-0.486,0.973,0.098,-0.15,-0.20,1,0
100698,0.053,0.004,1.010,-0.056,0.192,0.077,0.9928,0.0050,-0.0259,0.1169,0.224,-3.011,193.429,0.215,-1.564,2.111,0.000,0.000,0.000,0.059,5.091,2.111,-0.476,0.975,0.097,-0.15,-0.22,1,0
100724,0.053,0.003,1.010,0.082,0.084,-0.038,0.9928,0.0047,-0.0257,0.1170,0.193,-2.992,193.432,0.215,-1.564,2.111,0.000,0.000,0.000,0.124,4.988,2.111,-0.479,0.979,0.103,-0.16,-0.21,1,0
100744,0.053,0.004,1.010,0.097,0.066,0.016,0.9928,0.0051,-0.0256,0.1169,0.238,-2.983,193.429,0.215,-1.564,2.111,0.000,0.000,0.000,-0.138,4.949,2.111,-0.486,0.981,0.111,-0.16,-0.20,1,0
100761,0.052,0.004,1.010,0.059,0.090,0.128,0.9928,0.0053,-0.0256,0.1169,0.260,-2.988,193.430,0.215,-1.564,2.111,0.000,0.000,0.000,-0.151,4.920,2.111,-0.497,0.983,0.100,-0.16,-0.14,1,0
100778,0.052,0.004,1.010,0.049,0.133,0.014,0.9928,0.0049,-0.0255,0.1170,0.217,-2.973,193.433,0.215,-1.564,2.111,0.000,0.000,0.000,0.000,4.932,2.111,-0.493,0.973,0.099,-0.15,0.28,1,0
100793,0.052,0.004,1.010,0.105,-0.052,-0.042,0.9928,0.0049,-0.0256,0.1170,0.215,-2.974,193.433,0.215,-1.564,2.111,0.000,0.000,0.000,0.000,4.925,2.111,-0.484,0.974,0.109,-0.15,0.26,1,0
100812,0.052,0.004,1.010,0.029,-0.113,0.032,0.9928,0.0050,-0.0256,0.1170,0.221,-2.976,193.432,0.215,-1.564,2.111,0.000,0.000,0.000,0.000,4.927,2.111,-0.470,0.978,0.113,-0.15,0.20,1,0
100824,0.052,0.004,1.010,-0.049,-0.016,0.066,0.9928,0.0048,-0.0255,0.1170,0.207,-2.971,193.434,0.215,-1.564,2.111,0.000,0.000,0.000,-0.080,4.855,2.111,-0.469,0.975,0.106,-0.15,0.20,1,0
100843,0.052,0.004,1.010,-0.059,-0.081,0.092,0.9928,0.0048,-0.0253,0.1170,0.212,-2.946,193.435,0.215,-1.564,2.111,0.000,0.000,0.000,0.036,4.828,2.111,-0.464,0.975,0.098,-0.15,-0.23,1,0
100858,0.052,0.004,1.010,0.001,-0.116,-0.008,0.9928,0.0049,-0.0253,0.1170,0.220,-2.944,193.435,0.215,-1.564,2.111,0.000,0.000,0.000,-0.046,4.897,2.111,-0.467,0.977,0.102,-0.16,-0.22,1,0
100875,0.052,0.004,1.010,0.112,-0.132,0.038,0.9928,0.0049,-0.0254,0.1170,0.215,-2.951,193.436,0.215,-1.564,2.111,0.000,0.000,0.000,-0.132,4.871,2.111,-0.472,0.979,0.105,-0.16,-0.18,1,0
101304,0.054,0.001,1.010,0.080,-0.752,0.021,0.9927,0.0036,-0.0267,0.1174,0.056,-3.083,193.485,0.000,-20.332,2.111,0.000,0.000,0.000,-0.435,-53.314,2.111,-0.499,-0.721,0.117,-0.21,0.74,1,0
101320,0.054,0.001,1.010,0.344,-0.735,-0.046,0.9927,0.0037,-0.0267,0.1174,0.063,-3.085,193.485,0.000,-21.114,2.111,0.000,0.000,0.000,-0.456,-60.000,2.111,-0.523,-0.762,0.121,-0.20,0.70,1,0
101336,0.055,0.002,1.009,0.346,-0.955,-0.104,0.9927,0.0040,-0.0267,0.1174,0.090,-3.092,193.483,0.000,-22.434,2.111,0.000,0.000,0.000,-0.297,-60.000,2.111,-0.533,-0.798,0.124,-0.19,0.64,1,0
101353,0.055,0.002,1.010,-0.055,-0.951,-0.050,0.9927,0.0042,-0.0270,0.1173,0.119,-3.124,193.479,0.000,-23.460,2.111,0.000,0.000,0.000,-0.647,-60.000,2.111,-0.523,-0.828,0.131,-0.18,0.33,1,0
101370,0.056,0.003,1.009,0.138,-0.503,0.205,0.9927,0.0048,-0.0272,0.1173,0.176,-3.160,193.478,0.000,-24.878,2.111,0.000,0.000,0.000,-0.958,-60.000,2.111,-0.539,-0.857,0.107,-0.18,0.32,1,0
101395,0.056,0.003,1.009,0.202,-0.408,0.302,0.9927,0.0044,-0.0273,0.1174,0.139,-3.162,193.485,0.000,-25.806,2.111,0.000,0.000,0.000,-0.797,-60.000,2.111,-0.559,-0.878,0.081,-0.17,0.32,1,0
101626,0.057,0.004,1.010,0.089,0.615,0.078,0.9927,0.0054,-0.0278,0.1175,0.242,-3.242,193.499,0.108,-37.243,2.111,0.000,0.000,0.000,-0.660,-60.000,2.111,-0.536,-0.989,0.105,-0.16,-0.29,1,0
101642,0.057,0.003,1.010,0.016,0.741,0.112,0.9927,0.0048,-0.0280,0.1176,0.169,-3.248,193.504,0.108,-37.977,2.111,0.000,0.000,0.000,-0.557,-60.000,2.111,-0.529,-0.991,0.099,-0.17,-0.28,1,0
101655,0.057,0.003,1.010,0.049,0.639,0.051,0.9927,0.0048,-0.0279,0.1176,0.165,-3.237,193.506,0.108,-38.025,2.111,0.000,0.000,0.000,-0.249,-60.000,2.111,-0.519,-0.992,0.099,-0.17,-0.24,1,0
101674,0.057,0.003,1.010,0.003,0.659,-0.007,0.9927,0.0048,-0.0280,0.1176,0.172,-3.255,193.505,0.215,-38.612,2.111,0.000,0.000,0.000,-0.450,-60.000,2.111,-0.502,-0.993,0.109,-0.17,0.00,1,0
101694,0.057,0.004,1.010,0.010,0.806,0.083,0.9927,0.0054,-0.0279,0.1176,0.244,-3.246,193.502,0.108,-39.198,2.111,0.000,0.000,0.000,-0.599,-60.000,2.111,-0.483,-0.995,0.102,-0.17,0.00,1,0
101707,0.057,0.004,1.010,-0.033,0.835,0.046,0.9927,0.0054,-0.0278,0.1176,0.244,-3.240,193.503,0.108,-39.198,2.111,0.000,0.000,0.000,-0.712,-60.000,2.111,-0.500,-0.995,0.102,-0.17,0.00,1,0
101736,0.057,0.005,1.010,0.083,0.830,0.018,0.9927,0.0055,-0.0277,0.1176,0.255,-3.231,193.503,0.215,-39.932,2.111,0.000,0.000,0.000,-0.204,-60.000,2.111,-0.509,-0.996,0.104,-0.16,0.04,1,0
101754,0.057,0.004,1.010,-0.015,0.977,0.163,0.9927,0.0051,-0.0276,0.1176,0.204,-3.212,193.510,0.215,-40.714,2.111,0.000,0.000,0.000,-0.655,-60.000,2.111,-0.527,-0.997,0.090,-0.15,0.36,1,0
101772,0.057,0.003,1.009,-0.019,0.888,-0.058,0.9927,0.0049,-0.0277,0.1176,0.180,-3.219,193.511,0.108,-40.714,2.111,0.000,0.000,0.000,-0.386,-60.000,2.111,-0.499,-0.998,0.105,-0.14,0.35,1,0
101792,0.057,0.003,1.010,-0.020,1.006,0.065,0.9927,0.0051,-0.0276,0.1176,0.188,-3.228,193.512,0.108,-40.762,2.111,0.000,0.000,0.000,-0.503,-60.000,2.111,-0.525,-0.998,0.104,-0.14,0.27,1,0
101817,0.056,0.004,1.009,0.045,1.064,0.039,0.9927,0.0053,-0.0275,0.1176,0.236,-3.204,193.511,0.215,-41.251,2.111,0.000,0.000,0.000,-0.634,-60.000,2.111,-0.522,-0.998,0.104,-0.15,-0.22,1,0
101838,0.056,0.004,1.009,0.102,1.160,0.002,0.9927,0.0054,-0.0273,0.1176,0.245,-3.184,193.510,0.108,-41.251,2.111,0.000,0.000,0.000,-0.155,-60.000,2.111,-0.519,-0.999,0.110,-0.15,-0.21,1,0
101858,0.056,0.004,1.009,0.110,1.182,-0.095,0.9927,0.0052,-0.0272,0.1176,0.225,-3.171,193.511,0.108,-41.251,2.111,0.000,0.000,0.000,-0.568,-60.000,2.111,-0.549,-0.999,0.117,-0.15,-0.19,1,0
101874,0.056,0.004,1.009,0.140,1.208,-0.059,0.9927,0.0050,-0.0270,0.1176,0.208,-3.144,193.511,0.108,-41.251,2.111,0.000,0.000,0.000,-0.526,-60.000,2.111,-0.552,-0.999,0.120,-0.15,-0.19,1,0
101898,0.055,0.003,1.009,-0.089,1.309,0.075,0.9927,0.0050,-0.0268,0.1176,0.205,-3.115,193.512,0.215,-41.251,2.111,0.000,0.000,0.000,-0.416,-60.000,2.111,-0.538,-0.999,0.105,-0.15,-0.04,1,0
102331,0.045,0.003,1.009,-0.028,1.197,0.088,0.9928,0.0042,-0.0220,0.1178,0.181,-2.562,193.533,0.215,-41.251,2.111,0.000,0.000,0.000,0.182,-60.000,2.111,-0.512,-1.000,0.102,-0.15,0.27,1,0
102354,0.045,0.002,1.009,0.066,1.114,-0.034,0.9928,0.0038,-0.0216,0.1178,0.144,-2.509,193.535,0.215,-41.251,2.111,0.000,0.000,0.000,0.445,-60.000,2.111,-0.467,-1.000,0.107,-0.15,0.26,1,0
102378,0.044,0.003,1.009,0.074,1.022,-0.112,0.9928,0.0041,-0.0215,0.1178,0.178,-2.501,193.533,0.215,-41.251,2.111,0.000,0.000,0.000,0.281,-60.000,2.111,-0.462,-1.000,0.116,-0.14,0.23,1,0
102394,0.044,0.004,1.009,0.134,0.945,-0.100,0.9928,0.0045,-0.0213,0.1178,0.230,-2.483,193.529,0.215,-41.251,2.111,0.000,0.000,0.000,-0.081,-60.000,2.111,-0.466,-1.000,0.122,-0.14,0.06,1,0
102424,0.043,0.004,1.009,0.001,0.930,0.109,0.9928,0.0044,-0.0209,0.1178,0.222,-2.437,193.532,0.215,-41.251,2.111,0.000,0.000,0.000,-0.118,-60.000,2.111,-0.503,-1.000,0.098,-0.14,0.06,1,0
102636,0.040,0.003,1.009,0.124,0.150,-0.040,0.9928,0.0039,-0.0194,0.1179,0.176,-2.263,193.543,0.215,-41.251,2.111,0.000,0.000,0.000,0.288,-60.000,2.111,-0.503,-1.000,0.096,-0.15,0.13,1,0
102662,0.040,0.004,1.010,0.058,0.073,0.028,0.9928,0.0041,-0.0193,0.1179,0.211,-2.252,193.540,0.215,-41.251,2.111,0.000,0.000,0.000,0.041,-60.000,2.111,-0.512,-1.000,0.109,-0.17,-0.67,1,0
102678,0.040,0.003,1.010,0.064,0.124,0.099,0.9928,0.0041,-0.0191,0.1179,0.206,-2.234,193.541,0.215,-41.251,2.111,0.000,0.000,0.000,-0.107,-60.000,2.111,-0.510,-1.000,0.099,-0.18,-0.64,1,0
102698,0.039,0.003,1.009,0.076,0.094,0.036,0.9928,0.0039,-0.0190,0.1179,0.193,-2.214,193.543,0.215,-41.251,2.111,0.000,0.000,0.000,0.119,-60.000,2.111,-0.505,-1.000,0.097,-0.18,-0.58,1,0
102715,0.039,0.003,1.009,0.142,-0.045,-0.068,0.9928,0.0037,-0.0190,0.1179,0.159,-2.211,193.543,0.215,-41.251,2.111,0.000,0.000,0.000,0.222,-60.000,2.111,-0.495,-1.000,0.109,-0.19,-0.31,1,0
102735,0.039,0.004,1.010,0.072,-0.067,-0.005,0.9928,0.0044,-0.0188,0.1179,0.248,-2.202,193.539,0.215,-41.251,2.111,0.000,0.000,0.000,-0.042,-60.000,2.111,-0.496,-1.000,0.114,-0.20,-0.29,1,0
102752,0.039,0.004,1.010,0.020,-0.154,0.124,0.9928,0.0042,-0.0190,0.1179,0.220,-2.214,193.541,0.215,-41.251,2.111,0.000,0.000,0.000,0.052,-60.000,2.111,-0.506,-1.000,0.098,-0.20,-0.28,1,0
102764,0.039,0.004,1.010,0.098,-0.222,0.052,0.9928,0.0040,-0.0190,0.1179,0.196,-2.216,193.543,0.215,-41.251,2.111,0.000,0.000,0.000,0.097,-60.000,2.111,-0.506,-1.000,0.095,-0.20,-0.28,1,0
102784,0.039,0.004,1.009,-0.033,-0.307,0.094,0.9928,0.0041,-0.0191,0.1179,0.204,-2.230,193.544,0.215,-41.251,2.111,0.000,0.000,0.000,0.047,-60.000,2.111,-0.500,-1.000,0.095,-0.20,-0.22,1,0
102800,0.039,0.003,1.009,0.074,-0.340,0.064,0.9928,0.0036,-0.0192,0.1179,0.154,-2.232,193.547,0.215,-41.251,2.111,0.000,0.000,0.000,0.176,-60.000,2.111,-0.497,-1.000,0.094,-0.20,0.14,1,0
102823,0.039,0.004,1.009,-0.004,-0.392,0.158,0.9928,0.0040,-0.0191,0.1179,0.202,-2.227,193.546,0.215,-41.251,2.111,0.000,0.000,0.000,0.071,-60.000,2.111,-0.483,-1.000,0.100,-0.20,0.14,1,0
102847,0.039,0.003,1.009,0.104,-0.432,0.030,0.9928,0.0039,-0.0191,0.1180,0.184,-2.225,193.550,0.215,-41.251,2.111,0.000,0.000,0.000,0.168,-60.000,2.111,-0.498,-1.000,0.092,-0.19,0.15,1,0
102872,0.039,0.004,1.009,0.079,-0.582,-0.052,0.9928,0.0040,-0.0191,0.1180,0.201,-2.228,193.548,0.215,-41.251,2.111,0.000,0.000,0.000,0.086,-60.000,2.111,-0.497,-1.000,0.111,-0.18,0.34,1,0
102883,0.039,0.004,1.009,0.149,-0.601,0.097,0.9928,0.0040,-0.0191,0.1180,0.197,-2.229,193.549,0.215,-41.251,2.111,0.000,0.000,0.000,0.096,-60.000,2.111,-0.501,-1.000,0.104,-0.18,0.33,1,0
102906,0.039,0.003,1.009,-0.002,-0.657,0.058,0.9928,0.0040,-0.0192,0.1180,0.200,-2.240,193.550,0.215,-41.251,2.111,0.000,0.000,0.000,0.089,-60.000,2.111,-0.502,-1.000,0.102,-0.18,0.26,1,0
102935,0.039,0.003,1.009,0.079,-0.744,-0.052,0.9928,0.0038,-0.0192,0.1180,0.177,-2.238,193.552,0.215,-41.251,2.111,0.000,0.000,0.000,0.145,-60.000,2.111,-0.489,-1.000,0.106,-0.19,-0.19,1,0
103347,0.047,0.002,1.009,0.091,-1.362,-0.116,0.9927,0.0037,-0.0227,0.1183,0.111,-2.632,193.584,0.108,-41.251,2.111,0.000,0.000,0.000,0.000,-60.000,2.111,-0.503,-1.000,0.119,-0.23,-0.22,1,0
103362,0.047,0.003,1.010,0.146,-1.362,-0.049,0.9927,0.0041,-0.0230,0.1182,0.154,-2.668,193.581,0.108,-41.251,2.111,0.000,0.000,0.000,-0.217,-60.000,2.111,-0.509,-1.000,0.127,-0.22,-0.17,1,0
103382,0.048,0.003,1.009,0.169,-1.356,0.008,0.9927,0.0041,-0.0233,0.1182,0.157,-2.704,193.581,0.108,-41.251,2.111,0.000,0.000,0.000,-0.249,-60.000,2.111,-0.530,-1.000,0.121,-0.22,0.12,1,0
103400,0.048,0.004,1.010,0.079,-1.284,0.083,0.9927,0.0045,-0.0236,0.1182,0.197,-2.749,193.580,0.108,-40.762,2.111,0.000,0.000,0.000,-0.566,-60.000,2.111,-0.532,-1.000,0.111,-0.22,0.12,1,0
103417,0.048,0.003,1.010,0.125,-1.281,0.165,0.9927,0.0045,-0.0235,0.1183,0.194,-2.740,193.582,0.000,-40.762,2.111,0.000,0.000,0.000,-1.140,-60.000,2.111,-0.563,-1.000,0.099,-0.22,0.07,1,0
103444,0.049,0.003,1.010,-0.008,-1.330,0.135,0.9927,0.0045,-0.0237,0.1183,0.190,-2.761,193.585,0.000,-40.714,2.111,0.000,0.000,0.000,-0.910,-60.000,2.111,-0.580,-1.000,0.095,-0.23,-0.33,1,0
103673,0.053,0.003,1.010,0.073,-0.787,0.198,0.9926,0.0044,-0.0261,0.1184,0.152,-3.027,193.606,0.000,-32.111,2.111,0.000,0.000,0.000,-1.016,-60.000,2.111,-0.593,-1.000,0.074,-0.23,0.04,1,0
103686,0.053,0.002,1.010,0.150,-0.855,-0.008,0.9926,0.0040,-0.0261,0.1185,0.096,-3.027,193.610,0.000,-31.329,2.111,0.000,0.000,0.000,-0.684,-60.000,2.111,-0.574,-1.000,0.090,-0.23,0.01,1,0
103705,0.054,0.003,1.010,0.049,-0.887,-0.142,0.9926,0.0048,-0.0264,0.1184,0.188,-3.068,193.603,0.000,-30.694,2.111,0.000,0.000,0.000,-0.848,-60.000,2.111,-0.554,-1.000,0.117,-0.23,-0.20,1,0
103722,0.054,0.004,1.010,-0.098,-0.696,0.188,0.9926,0.0052,-0.0264,0.1184,0.231,-3.069,193.601,0.000,-30.694,2.111,0.000,0.000,0.000,-1.213,-60.000,2.111,-0.573,-1.000,0.104,-0.24,-0.19,1,0
103755,0.055,0.003,1.010,0.141,-0.602,-0.104,0.9926,0.0049,-0.0267,0.1185,0.197,-3.105,193.608,0.000,-30.352,2.111,0.000,0.000,0.000,-0.954,-60.000,2.111,-0.600,-1.000,0.094,-0.25,-0.24,1,0
103772,0.055,0.004,1.010,0.072,-0.584,0.026,0.9926,0.0052,-0.0268,0.1185,0.224,-3.118,193.605,0.000,-30.352,2.111,0.000,0.000,0.000,-1.113,-60.000,2.111,-0.597,-1.000,0.112,-0.25,-0.23,1,0
103786,0.056,0.003,1.010,0.027,-0.521,0.130,0.9926,0.0047,-0.0272,0.1185,0.162,-3.155,193.611,0.000,-30.303,2.111,0.000,0.000,0.000,-1.105,-60.000,2.111,-0.598,-1.000,0.099,-0.25,-0.23,1,0
103806,0.056,0.004,1.010,-0.043,-0.456,0.057,0.9926,0.0050,-0.0271,0.1185,0.205,-3.148,193.609,0.000,-30.108,2.111,0.000,0.000,0.000,-1.089,-60.000,2.111,-0.590,-1.000,0.101,-0.26,-0.22,1,0
103823,0.056,0.004,1.009,0.082,-0.449,0.083,0.9926,0.0052,-0.0271,0.1185,0.229,-3.150,193.610,0.000,-30.108,2.111,0.000,0.000,0.000,-1.110,-60.000,2.111,-0.597,-1.000,0.098,-0.26,-0.21,1,0
103843,0.056,0.004,1.010,0.102,-0.419,-0.028,0.9926,0.0051,-0.0271,0.1185,0.212,-3.157,193.612,0.000,-29.961,2.111,0.000,0.000,0.000,-1.135,-60.000,2.111,-0.602,-1.000,0.106,-0.26,-0.21,1,0
103866,0.056,0.004,1.010,0.031,-0.351,0.054,0.9926,0.0053,-0.0272,0.1185,0.230,-3.171,193.611,0.108,-29.912,2.111,0.000,0.000,0.000,-0.679,-60.000,2.111,-0.592,-1.000,0.109,-0.27,-0.20,1,0
103884,0.056,0.004,1.010,0.056,-0.197,0.115,0.9926,0.0051,-0.0273,0.1185,0.205,-3.170,193.614,0.108,-29.912,2.111,0.000,0.000,0.000,-0.631,-60.000,2.111,-0.568,-1.000,0.099,-0.27,-0.15,1,0
103904,0.056,0.003,1.010,0.020,-0.190,-0.017,0.9926,0.0050,-0.0272,0.1185,0.199,-3.166,193.615,0.000,-29.717,2.111,0.000,0.000,0.000,-0.992,-60.000,2.111,-0.576,-1.000,0.105,-0.26,0.17,1,0
103924,0.056,0.004,1.010,0.077,-0.168,-0.057,0.9926,0.0051,-0.0273,0.1185,0.213,-3.174,193.613,0.108,-29.717,2.111,0.000,0.000,0.000,-0.445,-60.000,2.111,-0.570,-1.000,0.116,-0.26,0.16,1,0
103952,0.056,0.004,1.010,0.018,-0.032,0.088,0.9925,0.0050,-0.0276,0.1185,0.198,-3.211,193.616,0.000,-29.717,2.111,0.000,0.000,0.000,-1.069,-60.000,2.111,-0.553,-1.000,0.102,-0.26,-0.04,1,0
104366,0.054,0.003,1.010,0.053,1.132,0.062,0.9926,0.0047,-0.0261,0.1187,0.180,-3.039,193.633,0.215,-33.871,2.111,0.000,0.000,0.000,0.246,-60.000,2.111,-0.585,-1.000,0.098,-0.22,0.62,1,0
104392,0.053,0.004,1.010,0.192,1.067,-0.088,0.9926,0.0049,-0.0258,0.1187,0.206,-3.003,193.631,0.215,-37.243,2.111,0.000,0.000,0.000,0.069,-60.000,2.111,-0.536,-1.000,0.115,-0.21,0.48,1,0
104407,0.053,0.004,1.010,0.185,1.085,-0.110,0.9926,0.0051,-0.0259,0.1187,0.225,-3.017,193.629,0.215,-37.341,2.111,0.000,0.000,0.000,0.090,-60.000,2.111,-0.537,-1.000,0.123,-0.21,0.48,1,0
104427,0.053,0.004,1.010,0.087,1.213,0.016,0.9926,0.0052,-0.0257,0.1186,0.237,-2.995,193.627,0.215,-38.025,2.111,0.000,0.000,0.000,-0.102,-60.000,2.111,-0.549,-1.000,0.121,-0.22,-0.20,1,0
104456,0.052,0.004,1.010,-0.009,1.183,0.040,0.9926,0.0049,-0.0256,0.1187,0.207,-2.975,193.629,0.215,-39.296,2.111,0.000,0.000,0.000,0.147,-60.000,2.111,-0.537,-1.000,0.107,-0.21,-0.09,1,0
104643,0.048,0.004,1.010,0.071,1.193,-0.030,0.9926,0.0050,-0.0233,0.1187,0.255,-2.723,193.631,0.215,-41.251,2.111,0.000,0.000,0.000,-0.206,-60.000,2.111,-0.560,-1.000,0.105,-0.19,0.35,1,0
104666,0.048,0.004,1.010,0.041,1.234,-0.001,0.9926,0.0046,-0.0232,0.1187,0.212,-2.699,193.633,0.215,-41.251,2.111,0.000,0.000,0.000,-0.221,-60.000,2.111,-0.558,-1.000,0.106,-0.19,0.29,1,0
104682,0.047,0.003,1.010,0.064,1.149,-0.040,0.9926,0.0046,-0.0230,0.1187,0.207,-2.679,193.633,0.215,-41.251,2.111,0.000,0.000,0.000,0.046,-60.000,2.111,-0.548,-1.000,0.109,-0.19,-0.09,1,0
104712,0.047,0.003,1.010,0.072,1.172,-0.048,0.9927,0.0045,-0.0227,0.1187,0.203,-2.645,193.633,0.215,-41.251,2.111,0.000,0.000,0.000,0.055,-60.000,2.111,-0.534,-1.000,0.110,-0.20,-0.08,1,0
104730,0.046,0.003,1.010,0.053,1.121,-0.059,0.9927,0.0045,-0.0224,0.1187,0.203,-2.611,193.632,0.215,-41.251,2.111,0.000,0.000,0.000,0.065,-60.000,2.111,-0.529,-1.000,0.109,-0.19,0.06,1,0
104744,0.046,0.004,1.010,0.005,1.041,-0.028,0.9927,0.0045,-0.0226,0.1187,0.206,-2.634,193.631,0.215,-41.251,2.111,0.000,0.000,0.000,0.000,-60.000,2.111,-0.533,-1.000,0.111,-0.19,0.06,1,0
104766,0.046,0.004,1.009,0.015,1.031,0.035,0.9927,0.0046,-0.0224,0.1187,0.215,-2.616,193.632,0.215,-41.251,2.111,0.000,0.000,0.000,0.000,-60.000,2.111,-0.537,-1.000,0.100,-0.19,0.06,1,0
104784,0.046,0.004,1.010,0.054,1.013,0.037,0.9927,0.0044,-0.0222,0.1187,0.198,-2.589,193.633,0.215,-41.251,2.111,0.000,0.000,0.000,0.000,-60.000,2.111,-0.542,-1.000,0.100,-0.19,0.05,1,0
104804,0.045,0.004,1.009,0.075,1.001,0.075,0.9927,0.0044,-0.0219,0.1187,0.208,-2.548,193.634,0.215,-41.251,2.111,0.000,0.000,0.000,0.000,-60.000,2.111,-0.546,-1.000,0.098,-0.18,0.10,1,0
104822,0.045,0.003,1.009,-0.038,1.006,0.090,0.9927,0.0042,-0.0217,0.1187,0.177,-2.525,193.637,0.215,-41.251,2.111,0.000,0.000,0.000,0.160,-60.000,2.111,-0.532,-1.000,0.093,-0.17,0.52,1,0
104842,0.044,0.003,1.010,0.031,0.901,0.012,0.9927,0.0040,-0.0213,0.1187,0.169,-2.482,193.638,0.215,-41.251,2.111,0.000,0.000,0.000,0.211,-60.000,2.111,-0.525,-1.000,0.098,-0.16,0.49,1,0
104858,0.044,0.003,1.010,0.052,0.854,-0.061,0.9927,0.0041,-0.0214,0.1187,0.177,-2.489,193.637,0.215,-41.251,2.111,0.000,0.000,0.000,0.275,-60.000,2.111,-0.522,-1.000,0.107,-0.16,0.47,1,0
104883,0.044,0.003,1.010,0.077,0.852,-0.027,0.9927,0.0043,-0.0212,0.1187,0.206,-2.475,193.635,0.215,-41.251,2.111,0.000,0.000,0.000,0.084,-60.000,2.111,-0.531,-1.000,0.112,-0.15,0.44,1,0
104892,0.043,0.004,1.010,0.068,0.851,0.116,0.9927,0.0046,-0.0210,0.1187,0.233,-2.447,193.635,0.215,-41.251,2.111,0.000,0.000,0.000,0.000,-60.000,2.111,-0.535,-1.000,0.105,-0.14,0.42,1,0
104912,0.043,0.003,1.010,0.092,0.794,0.055,0.9927,0.0041,-0.0209,0.1188,0.182,-2.435,193.639,0.215,-41.251,2.111,0.000,0.000,0.000,0.280,-60.000,2.111,-0.543,-1.000,0.093,-0.13,0.47,1,0
104927,0.043,0.003,1.010,-0.003,0.714,0.003,0.9927,0.0040,-0.0210,0.1188,0.168,-2.439,193.640,0.215,-41.251,2.111,0.000,0.000,0.000,0.283,-60.000,2.111,-0.531,-1.000,0.097,-0.11,0.47,1,0
104947,0.043,0.004,1.010,0.060,0.666,0.065,0.9927,0.0041,-0.0208,0.1188,0.189,-2.422,193.640,0.215,-41.251,2.111,0.000,0.000,0.000,0.056,-60.000,2.111,-0.529,-1.000,0.099,-0.10,1.05,1,0
104967,0.042,0.004,1.010,0.150,0.537,-0.134,0.9927,0.0042,-0.0205,0.1188,0.205,-2.389,193.640,0.215,-41.251,2.111,0.000,0.000,0.000,0.082,-60.000,2.111,-0.546,-1.000,0.109,-0.08,1.00,1,0
105462,0.041,0.004,1.009,0.037,-0.761,0.023,0.9927,0.0041,-0.0202,0.1189,0.196,-2.349,193.662,0.108,-41.251,2.111,0.000,0.000,0.000,-0.587,-60.000,2.111,-0.556,-1.000,0.102,-0.10,-0.40,1,0
105482,0.041,0.003,1.009,0.113,-0.891,-0.057,0.9927,0.0041,-0.0201,0.1189,0.188,-2.341,193.662,0.108,-41.251,2.111,0.000,0.000,0.000,-0.388,-60.000,2.111,-0.589,-1.000,0.109,-0.10,-0.38,1,0
105691,0.045,0.004,1.009,0.130,-1.134,0.045,0.9926,0.0044,-0.0217,0.1191,0.210,-2.527,193.673,0.215,-41.251,2.111,0.000,0.000,0.000,0.000,-60.000,2.111,-0.561,-1.000,0.095,-0.17,-0.72,1,0
105706,0.045,0.004,1.009,0.051,-1.158,0.008,0.9926,0.0045,-0.0217,0.1191,0.215,-2.532,193.673,0.215,-41.251,2.111,0.000,0.000,0.000,0.000,-60.000,2.111,-0.549,-1.000,0.102,-0.17,-0.72,1,0
105722,0.045,0.004,1.009,0.113,-1.191,0.022,0.9926,0.0045,-0.0221,0.1191,0.210,-2.577,193.674,0.215,-41.251,2.111,0.000,0.000,0.000,0.000,-60.000,2.111,-0.536,-1.000,0.110,-0.17,-0.07,1,0
105742,0.045,0.004,1.009,0.113,-1.163,0.073,0.9926,0.0046,-0.0220,0.1191,0.228,-2.562,193.674,0.108,-41.251,2.111,0.000,0.000,0.000,-0.518,-60.000,2.111,-0.564,-1.000,0.108,-0.17,-0.07,1,0
105754,0.046,0.004,1.009,0.124,-1.242,0.033,0.9926,0.0045,-0.0223,0.1191,0.211,-2.596,193.675,0.108,-41.251,2.111,0.000,0.000,0.000,-0.554,-60.000,2.111,-0.576,-1.000,0.107,-0.17,-0.05,1,0
105786,0.046,0.004,1.009,0.007,-1.175,0.074,0.9926,0.0047,-0.0225,0.1191,0.233,-2.625,193.676,0.108,-41.251,2.111,0.000,0.000,0.000,-0.778,-60.000,2.111,-0.593,-1.000,0.105,-0.17,0.06,1,0
105806,0.046,0.004,1.010,0.031,-1.156,0.139,0.9926,0.0046,-0.0225,0.1191,0.222,-2.620,193.679,0.108,-41.251,2.111,0.000,0.000,0.000,-0.747,-60.000,2.111,-0.597,-1.000,0.094,-0.17,0.06,1,0
105820,0.047,0.004,1.010,0.131,-1.197,0.105,0.9926,0.0048,-0.0228,0.1191,0.234,-2.656,193.680,0.108,-41.251,2.111,0.000,0.000,0.000,-0.689,-60.000,2.111,-0.598,-1.000,0.095,-0.17,0.05,1,0
105836,0.047,0.004,1.010,0.071,-1.221,0.099,0.9926,0.0048,-0.0229,0.1191,0.234,-2.674,193.682,0.215,-41.251,2.111,0.000,0.000,0.000,-0.118,-60.000,2.111,-0.583,-1.000,0.096,-0.17,0.06,1,0
105847,0.047,0.004,1.010,0.149,-1.241,0.078,0.9926,0.0047,-0.0232,0.1191,0.215,-2.701,193.684,0.215,-41.251,2.111,0.000,0.000,0.000,0.000,-60.000,2.111,-0.565,-1.000,0.099,-0.16,0.06,1,0
105864,0.048,0.004,1.010,0.160,-1.237,-0.008,0.9926,0.0045,-0.0233,0.1192,0.189,-2.708,193.686,0.215,-41.251,2.111,0.000,0.000,0.000,0.033,-60.000,2.111,-0.549,-1.000,0.106,-0.16,0.16,1,0
105882,0.048,0.004,1.010,0.142,-1.211,-0.073,0.9926,0.0049,-0.0233,0.1191,0.237,-2.714,193.682,0.215,-41.251,2.111,0.000,0.000,0.000,0.000,-60.000,2.111,-0.545,-1.000,0.120,-0.16,0.16,1,0
105904,0.048,0.004,1.010,0.064,-1.133,0.118,0.9926,0.0047,-0.0234,0.1191,0.220,-2.728,193.684,0.108,-41.251,2.111,0.000,0.000,0.000,-0.538,-60.000,2.111,-0.546,-1.000,0.107,-0.16,0.09,1,0
105915,0.049,0.003,1.010,0.101,-1.092,-0.016,0.9926,0.0045,-0.0236,0.1192,0.195,-2.752,193.686,0.108,-41.251,2.111,0.000,0.000,0.000,-0.563,-60.000,2.111,-0.573,-1.000,0.107,-0.17,-0.44,1,0
105932,0.049,0.004,1.010,-0.093,-1.141,0.062,0.9926,0.0046,-0.0237,0.1192,0.201,-2.758,193.686,0.108,-41.251,2.111,0.000,0.000,0.000,-0.492,-60.000,2.111,-0.575,-1.000,0.108,-0.18,-0.42,1,0
105947,0.049,0.004,1.010,-0.022,-1.035,0.221,0.9926,0.0047,-0.0240,0.1192,0.206,-2.800,193.688,0.108,-41.251,2.111,0.000,0.000,0.000,-0.720,-60.000,2.111,-0.587,-1.000,0.092,-0.18,-0.42,1,0
105966,0.050,0.003,1.010,0.079,-1.075,0.009,0.9926,0.0046,-0.0241,0.1192,0.193,-2.808,193.691,0.108,-41.251,2.111,0.000,0.000,0.000,-0.450,-60.000,2.111,-0.595,-1.000,0.093,-0.18,-0.34,1,0
105986,0.050,0.004,1.010,0.065,-1.048,0.050,0.9926,0.0048,-0.0243,0.1192,0.217,-2.828,193.690,0.108,-41.251,2.111,0.000,0.000,0.000,-0.694,-60.000,2.111,-0.601,-1.000,0.105,-0.18,0.22,1,0
106378,0.056,0.004,1.010,0.040,-0.184,-0.014,0.9925,0.0050,-0.0271,0.1194,0.198,-3.150,193.712,0.000,-41.251,2.111,0.000,0.000,0.000,-1.022,-60.000,2.111,-0.620,-1.000,0.106,-0.19,-0.63,1,0
106392,0.055,0.003,1.010,0.090,-0.066,0.055,0.9925,0.0050,-0.0269,0.1194,0.201,-3.126,193.712,0.000,-41.251,2.111,0.000,0.000,0.000,-1.103,-60.000,2.111,-0.625,-1.000,0.101,-0.20,-0.63,1,0
106407,0.055,0.004,1.010,-0.007,-0.003,-0.004,0.9925,0.0051,-0.0269,0.1194,0.216,-3.130,193.712,0.000,-41.251,2.111,0.000,0.000,0.000,-0.895,-60.000,2.111,-0.630,-1.000,0.102,-0.21,-0.60,1,0
106424,0.055,0.004,1.010,-0.038,0.130,0.142,0.9925,0.0050,-0.0270,0.1194,0.198,-3.146,193.714,0.000,-41.251,2.111,0.000,0.000,0.000,-1.143,-60.000,2.111,-0.630,-1.000,0.093,-0.22,-0.55,1,0
106442,0.056,0.003,1.010,0.119,0.133,-0.023,0.9925,0.0049,-0.0272,0.1194,0.182,-3.159,193.717,0.000,-41.251,2.111,0.000,0.000,0.000,-0.953,-60.000,2.111,-0.636,-1.000,0.094,-0.22,-0.36,1,0
106458,0.056,0.004,1.010,-0.036,0.146,-0.099,0.9925,0.0052,-0.0271,0.1194,0.225,-3.156,193.713,0.000,-41.251,2.111,0.000,0.000,0.000,-1.052,-60.000,2.111,-0.632,-1.000,0.112,-0.23,-0.34,1,0
106482,0.056,0.003,1.009,0.230,0.112,-0.025,0.9925,0.0050,-0.0273,0.1194,0.196,-3.174,193.714,0.000,-41.251,2.111,0.000,0.000,0.000,-0.977,-60.000,2.111,-0.653,-1.000,0.108,-0.24,-0.35,1,0
106502,0.056,0.004,1.009,-0.016,0.247,0.098,0.9925,0.0053,-0.0272,0.1194,0.236,-3.171,193.712,0.000,-41.251,2.111,0.000,0.000,0.000,-1.129,-60.000,2.111,-0.650,-1.000,0.105,-0.25,-0.53,1,0
106698,0.055,0.004,1.009,0.089,0.831,0.115,0.9925,0.0053,-0.0265,0.1195,0.242,-3.089,193.730,0.000,-41.251,2.111,0.000,0.000,0.000,-1.346,-60.000,2.111,-0.684,-1.000,0.099,-0.27,0.06,1,0
106727,0.054,0.003,1.009,0.091,0.813,-0.069,0.9925,0.0048,-0.0264,0.1196,0.189,-3.068,193.734,0.000,-41.251,2.111,0.000,0.000,0.000,-0.990,-60.000,2.111,-0.669,-1.000,0.105,-0.27,0.05,1,0
106746,0.054,0.004,1.009,0.080,0.857,0.003,0.9925,0.0051,-0.0266,0.1196,0.216,-3.097,193.732,0.000,-41.251,2.111,0.000,0.000,0.000,-1.191,-60.000,2.111,-0.663,-1.000,0.114,-0.27,0.06,1,0
106767,0.054,0.004,1.009,0.034,0.862,-0.032,0.9925,0.0052,-0.0263,0.1195,0.237,-3.065,193.730,0.000,-41.251,2.111,0.000,0.000,0.000,-1.200,-60.000,2.111,-0.663,-1.000,0.116,-0.27,0.12,1,0
106784,0.054,0.004,1.009,0.032,0.905,0.023,0.9925,0.0054,-0.0261,0.1195,0.260,-3.046,193.729,0.000,-41.251,2.111,0.000,0.000,0.000,-1.252,-60.000,2.111,-0.672,-1.000,0.110,-0.26,0.11,1,0
106803,0.054,0.004,1.009,0.112,0.936,-0.040,0.9925,0.0053,-0.0261,0.1195,0.245,-3.044,193.730,0.000,-41.251,2.111,0.000,0.000,0.000,-1.302,-60.000,2.111,-0.686,-1.000,0.109,-0.26,0.11,1,0
106821,0.053,0.004,1.009,0.117,0.956,-0.009,0.9925,0.0053,-0.0258,0.1195,0.248,-3.004,193.730,0.000,-41.251,2.111,0.000,0.000,0.000,-1.300,-60.000,2.111,-0.693,-1.000,0.109,-0.25,0.15,1,0
106832,0.053,0.004,1.009,0.067,1.005,0.073,0.9925,0.0052,-0.0257,0.1196,0.238,-2.991,193.731,0.000,-41.251,2.111,0.000,0.000,0.000,-1.222,-60.000,2.111,-0.690,-1.000,0.105,-0.25,0.55,1,0
106844,0.053,0.004,1.009,0.041,0.982,0.072,0.9925,0.0048,-0.0258,0.1196,0.194,-2.996,193.735,0.000,-41.251,2.111,0.000,0.000,0.000,-1.128,-60.000,2.111,-0.683,-1.000,0.099,-0.24,0.55,1,0
106872,0.052,0.003,1.009,0.005,0.955,-0.058,0.9925,0.0048,-0.0255,0.1196,0.196,-2.969,193.734,0.000,-41.251,2.111,0.000,0.000,0.000,-1.034,-60.000,2.111,-0.669,-1.000,0.111,-0.23,0.52,1,0
106886,0.052,0.004,1.009,0.082,0.981,-0.020,0.9925,0.0050,-0.0255,0.1196,0.216,-2.972,193.733,0.000,-41.251,2.111,0.000,0.000,0.000,-1.177,-60.000,2.111,-0.669,-1.000,0.110,-0.22,0.52,1,0
106904,0.052,0.004,1.009,0.035,1.022,-0.022,0.9925,0.0048,-0.0253,0.1196,0.205,-2.947,193.733,0.000,-41.251,2.111,0.000,0.000,0.000,-1.144,-60.000,2.111,-0.675,-1.000,0.113,-0.20,0.68,1,0
106923,0.052,0.004,1.009,0.065,1.006,0.077,0.9925,0.0048,-0.0251,0.1196,0.199,-2.918,193.734,0.000,-41.251,2.111,0.000,0.000,0.000,-1.119,-60.000,2.111,-0.677,-1.000,0.104,-0.19,0.64,1,0
106944,0.051,0.004,1.009,0.038,1.128,0.037,0.9925,0.0049,-0.0250,0.1196,0.210,-2.916,193.735,0.000,-41.251,2.111,0.000,0.000,0.000,-1.012,-60.000,2.111,-0.678,-1.000,0.100,-0.20,0.50,1,0
106966,0.051,0.003,1.009,-0.027,1.069,0.032,0.9925,0.0048,-0.0249,0.1196,0.201,-2.897,193.736,0.108,-41.251,2.111,0.000,0.000,0.000,-1.035,-60.000,2.111,-0.666,-1.000,0.102,-0.21,-0.48,1,0
106987,0.051,0.003,1.009,0.068,1.033,0.021,0.9925,0.0046,-0.0246,0.1196,0.183,-2.856,193.738,0.108,-41.251,2.111,0.000,0.000,0.000,-0.440,-60.000,2.111,-0.636,-1.000,0.103,-0.22,-0.46,1,0
107006,0.050,0.004,1.009,-0.005,1.050,0.089,0.9925,0.0049,-0.0245,0.1196,0.221,-2.857,193.736,0.108,-41.251,2.111,0.000,0.000,0.000,-0.570,-60.000,2.111,-0.622,-1.000,0.101,-0.22,-0.40,1,0
107482,0.043,0.004,1.010,0.138,0.354,-0.121,0.9926,0.0044,-0.0207,0.1198,0.219,-2.411,193.757,0.000,-14.761,2.111,0.000,0.000,0.000,-1.062,-60.000,2.111,-0.717,-1.000,0.116,-0.23,-0.10,1,0
107506,0.042,0.004,1.009,0.041,0.263,-0.042,0.9926,0.0043,-0.0206,0.1198,0.206,-2.400,193.756,0.215,-4.154,2.111,0.000,0.000,0.000,-0.036,-8.783,2.111,-0.644,-0.448,0.113,-0.24,-0.26,1,0
107716,0.040,0.003,1.010,0.245,0.078,-0.096,0.9926,0.0037,-0.0192,0.1198,0.174,-2.248,193.764,0.215,-1.564,2.111,0.000,0.000,0.000,0.208,2.309,2.111,-0.599,0.675,0.128,-0.17,0.52,1,0
107736,0.040,0.004,1.009,-0.032,-0.120,0.051,0.9926,0.0040,-0.0195,0.1198,0.190,-2.273,193.764,0.215,-1.564,2.111,0.000,0.000,0.000,0.145,2.490,2.111,-0.596,0.739,0.112,-0.16,0.37,1,0
107755,0.040,0.004,1.009,0.135,-0.244,0.131,0.9926,0.0043,-0.0194,0.1198,0.217,-2.270,193.764,0.215,-1.564,2.111,0.000,0.000,0.000,-0.138,2.395,2.111,-0.623,0.783,0.104,-0.15,0.35,1,0
107774,0.039,0.003,1.009,-0.301,-0.436,0.183,0.9926,0.0037,-0.0192,0.1199,0.159,-2.232,193.769,0.215,-1.564,2.111,0.000,0.000,0.000,0.197,2.235,2.111,-0.614,0.817,0.091,-0.14,0.39,1,0
107792,0.040,0.003,1.008,-0.336,-0.584,0.176,0.9926,0.0040,-0.0193,0.1199,0.184,-2.255,193.771,0.215,-1.564,2.111,0.000,0.000,0.000,0.033,2.467,2.111,-0.589,0.832,0.087,-0.13,0.39,1,0
107804,0.040,0.003,1.009,-0.083,-0.629,0.057,0.9926,0.0035,-0.0195,0.1199,0.135,-2.268,193.774,0.215,-1.564,2.111,0.000,0.000,0.000,0.332,2.325,2.111,-0.579,0.856,0.096,-0.12,0.84,1,0
107826,0.040,0.003,1.010,0.060,-0.698,0.012,0.9926,0.0035,-0.0194,0.1199,0.136,-2.257,193.775,0.215,-1.564,2.111,0.000,0.000,0.000,0.225,2.319,2.111,-0.580,0.872,0.105,-0.10,0.80,1,0
107846,0.040,0.003,1.009,0.362,-0.987,0.094,0.9926,0.0039,-0.0193,0.1199,0.178,-2.254,193.774,0.215,-1.564,2.111,0.000,0.000,0.000,0.415,2.450,2.111,-0.588,0.894,0.107,-0.09,0.76,1,0
107864,0.040,0.003,1.009,0.146,-1.196,0.123,0.9926,0.0037,-0.0196,0.1199,0.156,-2.282,193.777,0.215,-1.564,2.111,0.000,0.000,0.000,0.360,2.562,2.111,-0.605,0.912,0.098,-0.09,0.61,1,0
107881,0.041,0.003,1.010,0.112,-1.169,0.065,0.9926,0.0040,-0.0198,0.1200,0.185,-2.310,193.778,0.215,-1.564,2.111,0.000,0.000,0.000,0.215,2.596,2.111,-0.606,0.924,0.099,-0.10,-0.40,1,0
107907,0.041,0.003,1.009,0.061,-1.389,0.022,0.9926,0.0040,-0.0198,0.1200,0.187,-2.309,193.778,0.215,-1.564,2.111,0.000,0.000,0.000,0.269,2.565,2.111,-0.605,0.942,0.109,-0.11,-0.38,1,0
107930,0.041,0.003,1.009,0.071,-1.504,0.072,0.9926,0.0040,-0.0201,0.1200,0.184,-2.341,193.780,0.215,-1.564,2.111,0.000,0.000,0.000,0.172,2.712,2.111,-0.603,0.955,0.102,-0.11,-0.01,1,0
107946,0.041,0.003,1.009,0.156,-1.611,0.115,0.9926,0.0040,-0.0202,0.1200,0.180,-2.359,193.781,0.215,-1.564,2.111,0.000,0.000,0.000,0.180,2.752,2.111,-0.610,0.960,0.100,-0.11,-0.01,1,0
107964,0.042,0.003,1.009,0.099,-1.755,0.075,0.9926,0.0040,-0.0204,0.1200,0.170,-2.371,193.784,0.215,-1.564,2.111,0.000,0.000,0.000,0.247,2.862,2.111,-0.608,0.968,0.099,-0.11,-0.01,1,0
107978,0.042,0.003,1.009,0.160,-1.799,0.046,0.9925,0.0040,-0.0208,0.1200,0.172,-2.421,193.784,0.215,-1.564,2.111,0.000,0.000,0.000,0.232,2.844,2.111,-0.608,0.972,0.103,-0.11,-0.02,1,0
108002,0.043,0.003,1.009,0.062,-1.870,0.031,0.9925,0.0042,-0.0210,0.1200,0.189,-2.443,193.785,0.215,-1.564,2.111,0.000,0.000,0.000,0.163,3.135,2.111,-0.613,0.978,0.105,-0.11,-0.14,1,0
108023,0.044,0.003,1.009,0.089,-1.967,-0.030,0.9925,0.0040,-0.0212,0.1200,0.163,-2.469,193.786,0.215,-1.564,2.111,0.000,0.000,0.000,0.299,3.155,2.111,-0.612,0.982,0.112,-0.12,-0.13,1,0
108407,0.059,0.003,1.009,0.043,-2.632,0.036,0.9923,0.0050,-0.0286,0.1201,0.172,-3.324,193.802,0.000,-1.564,2.111,0.000,0.000,0.000,-0.989,6.085,2.111,-0.698,0.999,0.098,-0.25,-0.41,1,0
108425,0.059,0.004,1.010,0.010,-2.585,0.030,0.9923,0.0053,-0.0288,0.1201,0.208,-3.349,193.800,0.000,-1.564,2.111,0.000,0.000,0.000,-1.229,6.257,2.111,-0.716,0.999,0.108,-0.26,-0.39,1,0
108442,0.060,0.004,1.009,0.128,-2.377,0.107,0.9923,0.0055,-0.0293,0.1201,0.228,-3.407,193.800,0.000,-1.564,2.111,0.000,0.000,0.000,-1.268,6.404,2.111,-0.737,1.000,0.102,-0.27,-0.41,1,0
108458,0.061,0.004,1.009,0.102,-2.465,0.035,0.9923,0.0056,-0.0296,0.1202,0.233,-3.443,193.801,0.000,-1.564,2.111,0.000,0.000,0.000,-1.198,6.419,2.111,-0.743,1.000,0.101,-0.28,-0.66,1,0
108474,0.061,0.004,1.009,0.072,-2.320,0.118,0.9923,0.0057,-0.0300,0.1202,0.240,-3.488,193.801,0.000,-1.564,2.111,0.000,0.000,0.000,-1.318,6.664,2.111,-0.746,1.000,0.102,-0.29,-0.63,1,0
108496,0.062,0.004,1.009,0.135,-2.287,0.043,0.9923,0.0054,-0.0304,0.1202,0.197,-3.531,193.806,0.108,-1.564,2.111,0.000,0.000,0.000,-1.189,6.787,2.111,-0.750,1.000,0.099,-0.29,-0.53,1,0
108516,0.063,0.004,1.009,0.037,-2.301,-0.054,0.9923,0.0056,-0.0308,0.1202,0.208,-3.587,193.805,0.108,-1.564,2.111,0.000,0.000,0.000,-0.551,6.985,2.111,-0.699,1.000,0.113,-0.29,0.04,1,0
108536,0.064,0.004,1.009,0.093,-2.168,0.115,0.9922,0.0060,-0.0312,0.1202,0.254,-3.632,193.803,0.108,-1.564,2.111,0.000,0.000,0.000,-0.692,7.158,2.111,-0.686,1.000,0.105,-0.29,0.04,1,0
108730,0.070,0.004,1.009,0.090,-1.256,0.114,0.9921,0.0061,-0.0344,0.1203,0.216,-4.002,193.820,0.108,-1.564,2.111,0.000,0.000,0.000,0.064,8.362,2.111,-0.659,0.998,0.108,-0.27,0.16,1,0
108746,0.071,0.003,1.009,0.071,-1.183,0.022,0.9921,0.0059,-0.0344,0.1203,0.199,-3.999,193.822,0.000,-1.564,2.111,0.000,0.000,0.000,-0.502,8.560,2.111,-0.679,0.998,0.107,-0.27,0.16,1,0
108766,0.071,0.004,1.009,0.034,-1.014,0.157,0.9921,0.0062,-0.0348,0.1203,0.227,-4.042,193.821,0.000,-1.564,2.111,0.000,0.000,0.000,-1.279,8.613,2.111,-0.722,0.999,0.104,-0.28,0.09,1,0
108780,0.072,0.004,1.009,0.137,-0.939,0.115,0.9921,0.0062,-0.0350,0.1203,0.229,-4.064,193.824,0.000,-1.564,2.111,0.000,0.000,0.000,-1.270,8.698,2.111,-0.749,0.999,0.096,-0.28,-0.43,1,0
108806,0.072,0.004,1.009,0.023,-0.876,0.030,0.9921,0.0063,-0.0352,0.1203,0.227,-4.094,193.825,0.000,-1.564,2.111,0.000,0.000,0.000,-1.305,8.760,2.111,-0.753,0.999,0.105,-0.29,-0.41,1,0
108824,0.072,0.004,1.010,0.180,-0.700,0.077,0.9921,0.0059,-0.0353,0.1204,0.184,-4.096,193.830,-1.720,-1.564,2.111,0.000,0.000,0.000,-8.379,8.816,2.111,-0.788,0.999,0.103,-0.30,-0.39,1,0
108842,0.073,0.004,1.010,0.052,-0.572,0.027,0.9921,0.0061,-0.0356,0.1204,0.205,-4.130,193.829,-3.602,-1.564,2.111,0.000,0.000,0.000,-15.831,8.916,2.111,-0.823,0.999,0.106,-0.30,-0.34,1,0
108866,0.073,0.003,1.010,0.206,-0.394,0.029,0.9921,0.0059,-0.0358,0.1204,0.181,-4.153,193.831,-6.183,-1.564,2.111,0.000,0.000,0.000,-31.422,9.009,2.111,-0.858,1.000,0.109,-0.30,0.01,1,0
108884,0.074,0.004,1.010,0.051,-0.363,0.068,0.9921,0.0063,-0.0360,0.1204,0.226,-4.178,193.828,-7.634,-1.564,2.111,0.000,0.000,0.000,-39.841,9.046,2.111,-0.884,1.000,0.110,-0.30,0.01,1,0
108914,0.074,0.004,1.010,0.141,-0.106,0.059,0.9920,0.0062,-0.0362,0.1204,0.208,-4.206,193.832,-9.462,-1.564,2.111,0.000,0.000,0.000,-50.947,9.204,2.111,-0.907,1.000,0.102,-0.29,0.08,1,0
108937,0.074,0.004,1.010,0.005,0.031,0.058,0.9920,0.0064,-0.0361,0.1204,0.235,-4.199,193.831,-11.935,-1.564,2.111,0.000,0.000,0.000,-64.293,9.157,2.111,-0.932,1.000,0.106,-0.27,0.62,1,0
108952,0.074,0.004,1.010,0.099,0.104,0.043,0.9920,0.0064,-0.0363,0.1204,0.226,-4.221,193.832,-12.581,-1.564,2.111,0.000,0.000,0.000,-67.867,9.240,2.111,-0.938,1.000,0.104,-0.26,0.62,1,0
108974,0.074,0.004,1.010,-0.008,0.245,0.019,0.9920,0.0066,-0.0363,0.1204,0.250,-4.222,193.832,-13.871,-1.564,2.111,0.000,0.000,0.000,-75.755,9.267,2.111,-0.952,1.000,0.104,-0.27,-0.34,1,0
108996,0.075,0.004,1.010,0.098,0.302,0.049,0.9920,0.0064,-0.0363,0.1204,0.226,-4.219,193.834,-14.516,-1.564,2.111,0.000,0.000,0.000,-82.358,9.241,2.111,-0.962,0.999,0.104,-0.28,-0.33,1,0
109007,0.075,0.004,1.010,0.050,0.450,0.033,0.9920,0.0066,-0.0363,0.1204,0.245,-4.223,193.834,-14.624,-1.564,2.111,0.000,0.000,0.000,-82.841,9.188,2.111,-0.966,0.997,0.104,-0.28,-0.33,1,0
109018,0.075,0.004,1.010,0.050,0.450,0.033,0.9920,0.0066,-0.0363,0.1204,0.245,-4.223,193.834,-14.624,-1.564,2.111,0.000,0.000,0.000,-82.841,9.188,2.111,-0.966,0.997,0.104,-0.28,-0.33,1,0
109042,0.074,0.004,1.010,0.124,0.629,0.031,0.9920,0.0064,-0.0361,0.1204,0.227,-4.196,193.835,-15.914,-1.564,2.111,0.000,0.000,0.000,-90.000,9.121,2.111,-0.977,0.993,0.109,-0.29,-0.13,1,0
109496,0.063,0.004,1.011,-0.122,2.304,0.032,0.9922,0.0058,-0.0306,0.1205,0.237,-3.565,193.847,27.043,-1.564,2.111,0.000,0.000,0.000,90.000,6.978,2.111,0.900,0.820,0.092,-0.31,-0.43,1,0
109516,0.063,0.004,1.010,-0.095,2.266,-0.082,0.9922,0.0057,-0.0305,0.1205,0.223,-3.553,193.847,26.882,-1.564,2.111,0.000,0.000,0.000,90.000,6.804,2.111,0.916,0.822,0.104,-0.32,-0.41,1,0
109532,0.062,0.004,1.009,0.007,2.387,0.016,0.9922,0.0054,-0.0303,0.1205,0.192,-3.521,193.848,26.882,-1.564,2.111,0.000,0.000,0.000,90.000,6.649,2.111,0.930,0.819,0.107,-0.32,-0.37,1,0
109555,0.060,0.003,1.012,0.066,2.416,0.048,0.9923,0.0053,-0.0292,0.1206,0.197,-3.401,193.849,26.882,-1.564,2.111,0.000,0.000,0.000,90.000,6.295,2.111,0.942,0.819,0.098,-0.33,-0.22,1,0
109786,0.052,0.004,1.009,0.057,2.027,-0.031,0.9923,0.0049,-0.0256,0.1207,0.206,-2.975,193.860,23.871,-1.564,2.111,0.000,0.000,0.000,90.000,4.906,2.111,0.995,0.826,0.114,-0.27,0.07,1,0
109802,0.052,0.003,1.009,0.203,1.896,-0.030,0.9924,0.0048,-0.0253,0.1207,0.202,-2.948,193.860,23.871,-1.564,2.111,0.000,0.000,0.000,90.000,4.786,2.111,0.995,0.838,0.116,-0.27,0.04,1,0
109816,0.051,0.004,1.009,0.182,1.886,-0.013,0.9924,0.0049,-0.0249,0.1207,0.210,-2.897,193.859,23.172,-1.564,2.111,0.000,0.000,0.000,90.000,4.652,2.111,0.996,0.842,0.115,-0.27,-0.20,1,0
109846,0.051,0.004,1.009,0.017,1.756,-0.068,0.9924,0.0048,-0.0247,0.1206,0.203,-2.874,193.858,22.581,-1.564,2.111,0.000,0.000,0.000,90.000,4.538,2.111,0.997,0.838,0.120,-0.28,-0.19,1,0
109864,0.050,0.004,1.009,0.044,1.641,0.058,0.9924,0.0048,-0.0243,0.1206,0.210,-2.828,193.858,21.720,-1.564,2.111,0.000,0.000,0.000,90.000,4.470,2.111,0.997,0.851,0.112,-0.28,-0.18,1,0
109880,0.049,0.003,1.009,-0.025,1.661,0.042,0.9924,0.0046,-0.0240,0.1207,0.193,-2.792,193.860,20.430,-1.564,2.111,0.000,0.000,0.000,90.000,4.289,2.111,0.998,0.851,0.102,-0.28,-0.16,1,0
109898,0.049,0.004,1.009,0.011,1.437,0.067,0.9924,0.0049,-0.0237,0.1207,0.227,-2.765,193.859,18.441,-1.564,2.111,0.000,0.000,0.000,90.000,4.137,2.111,0.998,0.857,0.103,-0.29,-0.05,1,0
109916,0.048,0.004,1.010,0.073,1.447,0.146,0.9924,0.0046,-0.0234,0.1207,0.202,-2.727,193.862,17.258,-1.564,2.111,0.000,0.000,0.000,90.000,4.096,2.111,0.999,0.867,0.093,-0.29,-0.04,1,0
109946,0.047,0.004,1.010,0.029,1.234,-0.104,0.9924,0.0047,-0.0231,0.1207,0.217,-2.689,193.861,14.247,-1.564,2.111,0.000,0.000,0.000,83.657,3.905,2.111,0.999,0.873,0.114,-0.29,-0.07,1,0
109963,0.047,0.004,1.010,0.027,1.119,-0.051,0.9924,0.0045,-0.0229,0.1207,0.197,-2.670,193.861,13.387,-1.564,2.111,0.000,0.000,0.000,78.432,3.892,2.111,0.999,0.881,0.117,-0.29,-0.28,1,0
109986,0.046,0.003,1.010,0.076,1.038,0.015,0.9924,0.0044,-0.0225,0.1207,0.194,-2.623,193.862,11.290,-1.564,2.111,0.000,0.000,0.000,62.050,3.749,2.111,0.689,0.893,0.107,-0.30,-0.27,1,0
110012,0.046,0.004,1.009,-0.117,0.922,0.179,0.9924,0.0047,-0.0224,0.1207,0.220,-2.616,193.863,9.247,-1.564,2.111,0.000,0.000,0.000,50.426,3.667,2.111,0.555,0.892,0.096,-0.29,0.51,1,0
110032,0.045,0.004,1.010,0.154,0.832,0.260,0.9924,0.0046,-0.0217,0.1207,0.224,-2.536,193.866,8.656,-1.564,2.111,0.000,0.000,0.000,47.050,3.540,2.111,0.350,0.898,0.080,-0.28,0.51,1,0
110056,0.045,0.004,1.008,-0.034,0.562,0.116,0.9924,0.0045,-0.0218,0.1208,0.214,-2.547,193.872,6.398,-1.564,2.111,0.000,0.000,0.000,38.747,3.358,2.111,0.103,0.905,0.087,-0.27,0.46,1,0
110456,0.045,0.004,1.009,0.026,-1.640,0.491,0.9924,0.0048,-0.0218,0.1209,0.238,-2.549,193.892,2.849,-1.564,2.111,0.000,0.000,0.000,15.097,3.184,2.111,0.698,0.975,0.036,-0.13,-0.18,1,0
110482,0.045,0.004,1.011,0.175,-1.957,0.202,0.9924,0.0046,-0.0216,0.1210,0.222,-2.515,193.900,2.849,-1.564,2.111,0.000,0.000,0.000,14.679,3.293,2.111,0.669,0.981,0.066,-0.12,0.49,1,0
110503,0.045,0.003,1.009,0.137,-1.807,0.104,0.9924,0.0042,-0.0219,0.1211,0.177,-2.554,193.905,2.796,-1.564,2.111,0.000,0.000,0.000,14.555,3.368,2.111,0.686,0.984,0.083,-0.11,0.47,1,0
110516,0.045,0.003,1.010,0.011,-1.896,-0.024,0.9924,0.0039,-0.0221,0.1211,0.134,-2.570,193.907,2.688,-1.564,2.111,0.000,0.000,0.000,14.724,3.534,2.111,0.702,0.985,0.103,-0.11,0.38,1,0
110534,0.046,0.003,1.010,0.080,-1.859,-0.051,0.9924,0.0041,-0.0224,0.1210,0.156,-2.605,193.905,2.688,-1.564,2.111,0.000,0.000,0.000,14.084,3.693,2.111,0.692,0.987,0.118,-0.12,-0.18,1,0
110553,0.047,0.003,1.010,0.287,-1.877,-0.089,0.9924,0.0041,-0.0226,0.1210,0.149,-2.627,193.904,2.581,-1.564,2.111,0.000,0.000,0.000,13.522,3.664,2.111,0.688,0.990,0.128,-0.12,-0.17,1,0
110572,0.047,0.003,1.010,0.215,-1.943,-0.219,0.9924,0.0046,-0.0230,0.1210,0.199,-2.681,193.899,2.581,-1.564,2.111,0.000,0.000,0.000,13.295,3.899,2.111,0.658,0.992,0.139,-0.12,-0.16,1,0
111174,0.068,0.004,1.010,0.169,-1.191,-0.125,0.9921,0.0058,-0.0333,0.1211,0.199,-3.866,193.918,0.108,-1.564,2.111,0.000,0.000,0.000,-0.572,7.899,2.111,-0.110,1.000,0.119,-0.10,-0.18,1,0
111386,0.072,0.004,1.010,0.203,-0.078,-0.017,0.9920,0.0063,-0.0350,0.1212,0.235,-4.070,193.927,0.108,-1.564,2.111,0.000,0.000,0.000,-0.652,8.790,2.111,-0.031,1.000,0.110,-0.06,-0.30,1,0
111402,0.072,0.005,1.010,0.056,0.033,0.114,0.9920,0.0069,-0.0351,0.1212,0.298,-4.088,193.923,0.215,-1.564,2.111,0.000,0.000,0.000,-0.304,8.778,2.111,-0.054,1.000,0.108,-0.05,0.05,1,0
111416,0.072,0.004,1.010,0.061,0.176,0.345,0.9920,0.0064,-0.0353,0.1213,0.238,-4.108,193.931,0.215,-1.564,2.111,0.000,0.000,0.000,-0.480,8.812,2.111,-0.047,1.000,0.085,-0.05,0.05,1,0
111450,0.072,0.003,1.009,-0.159,0.339,0.070,0.9920,0.0060,-0.0351,0.1213,0.197,-4.079,193.939,0.215,-1.564,2.111,0.000,0.000,0.000,0.063,8.808,2.111,-0.022,1.000,0.092,-0.06,0.02,1,0
111466,0.072,0.003,1.009,0.185,0.304,0.031,0.9920,0.0059,-0.0352,0.1213,0.177,-4.087,193.942,0.215,-1.564,2.111,0.000,0.000,0.000,0.271,8.893,2.111,0.003,1.000,0.100,-0.06,-0.24,1,0
111482,0.073,0.003,1.009,0.108,0.328,-0.373,0.9920,0.0060,-0.0355,0.1213,0.191,-4.123,193.938,0.215,-1.564,2.111,0.000,0.000,0.000,-0.291,8.819,2.111,-0.003,1.000,0.139,-0.07,-0.23,1,0
111498,0.073,0.005,1.010,0.140,0.567,-0.044,0.9920,0.0068,-0.0353,0.1213,0.279,-4.111,193.928,0.215,-1.564,2.111,0.000,0.000,0.000,-0.151,8.907,2.111,-0.033,1.000,0.143,-0.07,-0.20,1,0
111514,0.072,0.004,1.010,0.134,0.919,0.254,0.9920,0.0064,-0.0353,0.1213,0.236,-4.102,193.934,0.215,-1.564,2.111,0.000,0.000,0.000,-0.336,8.839,2.111,-0.049,0.979,0.102,-0.07,0.02,1,0
111542,0.072,0.003,1.009,-0.133,0.845,0.010,0.9920,0.0057,-0.0354,0.1213,0.159,-4.110,193.941,0.215,-1.564,2.111,0.000,0.000,0.000,0.216,8.842,2.111,-0.006,0.975,0.103,-0.07,0.02,1,0
111561,0.072,0.003,1.009,-0.049,0.913,0.134,0.9920,0.0061,-0.0353,0.1213,0.199,-4.099,193.940,0.215,-1.564,2.111,0.000,0.000,0.000,0.214,8.879,2.111,0.003,0.980,0.098,-0.06,0.04,1,0
111575,0.072,0.003,1.009,-0.058,1.039,0.038,0.9920,0.0059,-0.0351,0.1213,0.179,-4.080,193.942,0.215,-1.564,2.111,0.000,0.000,0.000,0.105,8.751,2.111,0.006,0.981,0.097,-0.06,0.25,1,0
111594,0.071,0.004,1.009,0.116,1.115,0.027,0.9920,0.0063,-0.0349,0.1213,0.231,-4.057,193.939,0.215,-1.564,2.111,0.000,0.000,0.000,-0.093,8.718,2.111,-0.008,0.979,0.105,-0.05,0.23,1,0
111612,0.072,0.004,1.009,0.076,1.134,0.100,0.9920,0.0064,-0.0349,0.1213,0.247,-4.060,193.939,0.215,-1.564,2.111,0.000,0.000,0.000,-0.144,8.718,2.111,-0.023,0.977,0.101,-0.05,0.23,1,0
111634,0.071,0.004,1.009,0.018,1.249,-0.017,0.9920,0.0063,-0.0346,0.1214,0.231,-4.026,193.941,0.215,-1.564,2.111,0.000,0.000,0.000,-0.039,8.601,2.111,-0.028,0.975,0.106,-0.05,0.22,1,0
111652,0.071,0.003,1.009,0.034,1.425,0.013,0.9920,0.0059,-0.0347,0.1214,0.186,-4.033,193.943,0.215,-1.564,2.111,0.000,0.000,0.000,0.142,8.553,2.111,-0.014,0.964,0.116,-0.05,-0.26,1,0
111672,0.071,0.003,1.009,-0.093,1.462,0.056,0.9920,0.0057,-0.0344,0.1214,0.167,-3.988,193.945,0.215,-1.564,2.111,0.000,0.000,0.000,0.165,8.510,2.111,-0.001,0.959,0.106,-0.06,-0.26,1,0
111686,0.070,0.003,1.009,0.025,1.535,-0.035,0.9920,0.0059,-0.0343,0.1214,0.193,-3.987,193.943,0.215,-1.564,2.111,0.000,0.000,0.000,0.123,8.499,2.111,0.005,0.960,0.109,-0.06,-0.25,1,0
112105,0.057,0.003,1.009,0.090,1.953,0.043,0.9922,0.0048,-0.0280,0.1215,0.152,-3.255,193.958,0.215,-1.564,2.111,0.000,0.000,0.000,-0.344,5.844,2.111,-0.020,0.837,0.089,0.02,0.31,1,0
112124,0.056,0.002,1.009,-0.037,1.959,-0.295,0.9922,0.0046,-0.0275,0.1215,0.142,-3.192,193.955,0.215,-1.564,2.111,0.000,0.000,0.000,0.515,5.786,2.111,-0.001,0.843,0.126,0.02,-0.32,1,0
112154,0.055,0.003,1.009,0.058,2.166,-0.065,0.9922,0.0049,-0.0271,0.1214,0.175,-3.153,193.949,0.215,-1.564,2.111,0.000,0.000,0.000,0.132,5.524,2.111,0.010,0.829,0.126,0.01,-0.23,1,0
112167,0.055,0.004,1.009,-0.043,2.262,-0.000,0.9922,0.0052,-0.0268,0.1214,0.213,-3.119,193.946,0.108,-1.564,2.111,0.000,0.000,0.000,0.086,5.571,2.111,0.006,0.815,0.118,0.02,-0.23,1,0
112185,0.054,0.004,1.009,0.025,2.058,0.268,0.9922,0.0051,-0.0264,0.1214,0.216,-3.074,193.949,0.215,-1.564,2.111,0.000,0.000,0.000,-0.729,5.349,2.111,-0.048,0.803,0.086,0.02,0.29,1,0
112202,0.054,0.003,1.009,0.091,1.859,0.171,0.9922,0.0049,-0.0261,0.1215,0.190,-3.034,193.955,0.108,-1.564,2.111,0.000,0.000,0.000,-0.462,5.161,2.111,-0.063,0.824,0.075,0.03,0.28,1,0
112423,0.046,0.003,1.009,0.036,1.022,0.038,0.9923,0.0041,-0.0226,0.1217,0.153,-2.627,193.980,0.215,-1.564,2.111,0.000,0.000,0.000,0.319,3.643,2.111,-0.029,0.834,0.104,0.05,-0.53,1,0
112442,0.046,0.002,1.010,0.229,0.885,-0.174,0.9923,0.0035,-0.0225,0.1217,0.088,-2.607,193.982,0.108,-1.564,2.111,0.000,0.000,0.000,0.106,3.676,2.111,-0.009,0.853,0.111,0.04,-0.18,1,0
112464,0.046,0.002,1.009,0.003,1.143,-0.186,0.9923,0.0037,-0.0223,0.1216,0.112,-2.592,193.976,0.215,-1.564,2.111,0.000,0.000,0.000,0.436,3.642,2.111,-0.007,0.828,0.136,0.04,-0.17,1,0
112496,0.045,0.003,1.009,0.001,0.789,0.170,0.9923,0.0042,-0.0219,0.1216,0.170,-2.548,193.972,0.215,-1.564,2.111,0.000,0.000,0.000,-0.244,3.515,2.111,-0.042,0.863,0.102,0.03,-0.28,1,0
112520,0.045,0.003,1.009,0.112,0.602,0.220,0.9923,0.0042,-0.0217,0.1217,0.173,-2.526,193.978,0.108,-1.564,2.111,0.000,0.000,0.000,-0.434,3.430,2.111,-0.041,0.884,0.071,0.02,-0.27,1,0
112536,0.044,0.004,1.009,-0.048,0.383,0.127,0.9923,0.0047,-0.0216,0.1217,0.230,-2.524,193.978,0.108,-1.564,2.111,0.000,0.000,0.000,-0.500,3.338,2.111,-0.058,0.900,0.079,0.02,-0.25,1,0
112552,0.044,0.003,1.010,-0.154,0.428,0.019,0.9923,0.0041,-0.0213,0.1217,0.170,-2.484,193.983,0.108,-1.564,2.111,0.000,0.000,0.000,-0.464,3.207,2.111,-0.063,0.905,0.086,0.02,-0.23,1,0
112572,0.044,0.003,1.009,0.202,0.309,-0.134,0.9923,0.0041,-0.0213,0.1217,0.166,-2.476,193.981,0.215,-1.564,2.111,0.000,0.000,0.000,0.398,3.156,2.111,-0.050,0.916,0.115,0.01,-0.22,1,0
112602,0.043,0.003,1.009,0.015,0.329,0.455,0.9923,0.0038,-0.0211,0.1218,0.140,-2.450,193.989,0.108,-1.564,2.111,0.000,0.000,0.000,-0.308,3.099,2.111,-0.037,0.916,0.064,0.01,-0.20,1,0
112617,0.043,0.002,1.009,0.146,0.166,0.054,0.9923,0.0034,-0.0209,0.1218,0.093,-2.430,193.995,0.108,-1.564,2.111,0.000,0.000,0.000,0.000,3.094,2.111,-0.039,0.911,0.070,0.01,-0.16,1,0
112634,0.043,0.003,1.009,0.002,-0.131,-0.141,0.9923,0.0038,-0.0211,0.1218,0.135,-2.449,193.993,0.215,-1.564,2.111,0.000,0.000,0.000,-0.038,3.050,2.111,-0.025,0.921,0.101,0.01,0.11,1,0
112664,0.043,0.004,1.009,0.000,-0.027,-0.059,0.9923,0.0045,-0.0209,0.1217,0.220,-2.444,193.984,0.215,-1.564,2.111,0.000,0.000,0.000,0.000,3.100,2.111,-0.024,0.933,0.131,0.01,0.10,1,0
112681,0.043,0.003,1.009,-0.175,-0.107,0.179,0.9923,0.0041,-0.0209,0.1218,0.179,-2.432,193.987,0.215,-1.564,2.111,0.000,0.000,0.000,0.205,3.110,2.111,0.004,0.928,0.104,0.01,0.09,1,0
112698,0.043,0.003,1.009,0.106,-0.347,0.263,0.9923,0.0039,-0.0210,0.1218,0.152,-2.445,193.992,0.215,-1.564,2.111,0.000,0.000,0.000,0.252,3.032,2.111,0.016,0.939,0.082,0.01,0.02,1,0
112712,0.044,0.003,1.009,0.067,-0.442,0.226,0.9923,0.0039,-0.0213,0.1218,0.141,-2.477,193.995,0.108,-1.564,2.111,0.000,0.000,0.000,0.295,3.147,2.111,0.017,0.943,0.080,0.01,0.02,1,0
113144,0.051,0.004,1.009,0.033,-2.039,0.160,0.9922,0.0048,-0.0248,0.1222,0.198,-2.885,194.033,0.215,-1.564,2.111,0.000,0.000,0.000,0.000,4.628,2.111,-0.030,0.999,0.104,-0.04,-0.04,1,0
113161,0.051,0.003,1.009,0.098,-2.043,0.098,0.9922,0.0046,-0.0252,0.1222,0.168,-2.926,194.036,0.215,-1.564,2.111,0.000,0.000,0.000,-0.390,4.722,2.111,-0.040,0.999,0.098,-0.04,-0.09,1,0
113181,0.052,0.003,1.009,0.066,-2.152,0.109,0.9922,0.0049,-0.0252,0.1222,0.209,-2.941,194.036,0.215,-1.564,2.111,0.000,0.000,0.000,0.159,4.779,2.111,-0.008,0.999,0.092,-0.04,-0.09,1,0
113193,0.052,0.004,1.009,0.033,-2.165,0.039,0.9922,0.0050,-0.0254,0.1222,0.216,-2.965,194.036,0.215,-1.564,2.111,0.000,0.000,0.000,0.000,4.806,2.111,-0.007,0.999,0.097,-0.04,-0.09,1,0
113220,0.053,0.004,1.008,0.151,-2.177,-0.025,0.9921,0.0053,-0.0260,0.1222,0.236,-3.033,194.036,0.108,-1.564,2.111,0.000,0.000,0.000,-0.652,5.071,2.111,-0.061,1.000,0.110,-0.04,0.05,1,0
113427,0.060,0.004,1.009,0.126,-1.950,0.151,0.9920,0.0057,-0.0292,0.1223,0.237,-3.401,194.046,0.108,-1.564,2.111,0.000,0.000,0.000,-0.133,6.336,2.111,-0.053,1.000,0.090,-0.01,-0.25,1,0
113456,0.061,0.004,1.009,0.202,-1.887,0.047,0.9920,0.0060,-0.0297,0.1223,0.265,-3.462,194.047,0.215,-1.564,2.111,0.000,0.000,0.000,-0.773,6.632,2.111,-0.081,1.000,0.101,-0.02,-0.19,1,0
113475,0.062,0.004,1.009,0.125,-1.841,-0.010,0.9920,0.0056,-0.0302,0.1223,0.218,-3.509,194.051,0.215,-1.564,2.111,0.000,0.000,0.000,-0.096,6.687,2.111,-0.047,1.000,0.104,-0.02,0.12,1,0
113498,0.063,0.004,1.009,0.140,-1.799,-0.049,0.9920,0.0058,-0.0305,0.1223,0.237,-3.557,194.049,0.215,-1.564,2.111,0.000,0.000,0.000,0.079,6.804,2.111,-0.014,1.000,0.119,-0.01,0.12,1,0
113512,0.063,0.004,1.009,0.120,-1.712,0.017,0.9920,0.0057,-0.0305,0.1223,0.225,-3.553,194.049,0.215,-1.564,2.111,0.000,0.000,0.000,0.000,6.922,2.111,-0.008,1.000,0.116,-0.01,0.12,1,0
113532,0.063,0.004,1.009,0.090,-1.625,0.076,0.9920,0.0057,-0.0309,0.1223,0.211,-3.593,194.051,0.215,-1.564,2.111,0.000,0.000,0.000,-0.044,7.139,2.111,-0.004,1.000,0.107,-0.01,-0.09,1,0
113546,0.064,0.004,1.009,0.078,-1.570,0.050,0.9920,0.0059,-0.0314,0.1223,0.230,-3.659,194.051,0.215,-1.564,2.111,0.000,0.000,0.000,0.036,7.132,2.111,-0.005,1.000,0.104,-0.02,-0.09,1,0
113574,0.065,0.004,1.009,-0.100,-1.469,0.170,0.9920,0.0061,-0.0317,0.1223,0.247,-3.686,194.053,0.215,-1.564,2.111,0.000,0.000,0.000,-0.200,7.356,2.111,-0.006,1.000,0.091,-0.02,-0.08,1,0
113594,0.066,0.004,1.009,0.013,-1.455,0.033,0.9919,0.0060,-0.0321,0.1224,0.237,-3.737,194.056,0.215,-1.564,2.111,0.000,0.000,0.000,-0.056,7.487,2.111,-0.011,1.000,0.099,-0.01,0.21,1,0
113615,0.066,0.004,1.009,0.111,-1.300,0.112,0.9919,0.0060,-0.0325,0.1224,0.224,-3.781,194.059,0.215,-1.564,2.111,0.000,0.000,0.000,0.000,7.635,2.111,-0.018,1.000,0.095,-0.01,0.20,1,0
113627,0.067,0.004,1.009,0.202,-1.303,0.061,0.9919,0.0059,-0.0327,0.1224,0.213,-3.803,194.061,0.215,-1.564,2.111,0.000,0.000,0.000,0.000,7.773,2.111,-0.019,1.000,0.097,-0.01,0.20,1,0
113643,0.067,0.004,1.009,0.205,-1.249,-0.005,0.9919,0.0060,-0.0329,0.1224,0.219,-3.825,194.061,0.215,-1.564,2.111,0.000,0.000,0.000,0.000,7.878,2.111,-0.020,1.000,0.105,-0.00,0.19,1,0
113658,0.068,0.004,1.009,0.065,-1.101,0.054,0.9919,0.0061,-0.0330,0.1224,0.234,-3.843,194.060,0.215,-1.564,2.111,0.000,0.000,0.000,-0.047,7.834,2.111,-0.024,1.000,0.107,0.00,0.19,1,0
113684,0.068,0.004,1.009,-0.034,-0.910,0.049,0.9919,0.0060,-0.0331,0.1224,0.219,-3.853,194.062,0.215,-1.564,2.111,0.000,0.000,0.000,-0.158,7.995,2.111,-0.018,1.000,0.106,0.01,0.27,1,0
113704,0.068,0.004,1.009,0.052,-0.844,0.017,0.9919,0.0060,-0.0331,0.1224,0.215,-3.853,194.062,0.108,-1.564,2.111,0.000,0.000,0.000,0.040,7.985,2.111,-0.021,1.000,0.109,0.01,0.25,1,0
113720,0.069,0.004,1.009,-0.022,-0.752,0.077,0.9919,0.0062,-0.0335,0.1224,0.236,-3.895,194.061,0.108,-1.564,2.111,0.000,0.000,0.000,-0.819,8.083,2.111,-0.044,1.000,0.107,0.01,0.18,1,0
114152,0.069,0.004,1.009,0.117,1.253,-0.007,0.9919,0.0060,-0.0334,0.1226,0.217,-3.888,194.084,0.215,-1.564,2.111,0.000,0.000,0.000,-0.104,8.133,2.111,-0.103,0.957,0.117,-0.04,-0.57,1,0
114170,0.068,0.003,1.009,0.094,1.441,-0.097,0.9919,0.0057,-0.0335,0.1226,0.181,-3.886,194.086,0.215,-1.564,2.111,0.000,0.000,0.000,0.189,8.106,2.111,-0.051,0.946,0.123,-0.05,-0.49,1,0
114186,0.068,0.003,1.009,-0.048,1.474,-0.139,0.9919,0.0057,-0.0331,0.1226,0.178,-3.843,194.085,0.215,-1.564,2.111,0.000,0.000,0.000,0.130,8.030,2.111,-0.023,0.942,0.129,-0.05,-0.49,1,0
114202,0.068,0.004,1.010,-0.054,1.554,0.043,0.9919,0.0059,-0.0331,0.1226,0.212,-3.846,194.082,0.215,-1.564,2.111,0.000,0.000,0.000,0.102,7.915,2.111,-0.011,0.934,0.118,-0.05,0.00,1,0
114217,0.068,0.004,1.009,0.144,1.558,-0.017,0.9919,0.0060,-0.0331,0.1226,0.215,-3.848,194.082,0.215,-1.564,2.111,0.000,0.000,0.000,0.000,7.923,2.111,-0.016,0.931,0.110,-0.05,0.00,1,0
114232,0.067,0.004,1.010,-0.075,1.586,-0.026,0.9919,0.0060,-0.0327,0.1226,0.225,-3.806,194.081,0.215,-1.564,2.111,0.000,0.000,0.000,-0.075,7.957,2.111,-0.016,0.937,0.111,-0.05,0.00,1,0
114433,0.062,0.004,1.009,0.062,1.913,0.146,0.9920,0.0057,-0.0299,0.1226,0.224,-3.479,194.088,0.215,-1.564,2.111,0.000,0.000,0.000,0.000,6.806,2.111,-0.029,0.886,0.088,-0.04,0.06,1,0
114441,0.061,0.004,1.009,-0.147,1.957,0.102,0.9920,0.0056,-0.0297,0.1227,0.221,-3.455,194.090,0.215,-1.564,2.111,0.000,0.000,0.000,0.000,6.747,2.111,-0.026,0.882,0.088,-0.05,0.06,1,0
114463,0.061,0.004,1.009,-0.055,1.905,0.109,0.9920,0.0058,-0.0295,0.1227,0.243,-3.440,194.091,0.215,-1.564,2.111,0.000,0.000,0.000,-0.129,6.561,2.111,-0.025,0.879,0.091,-0.06,-0.41,1,0
114484,0.060,0.004,1.009,-0.053,1.934,0.115,0.9920,0.0056,-0.0293,0.1227,0.220,-3.415,194.095,0.108,-1.564,2.111,0.000,0.000,0.000,-0.536,6.419,2.111,-0.065,0.881,0.091,-0.06,-0.39,1,0
114504,0.060,0.004,1.010,0.158,1.849,-0.094,0.9920,0.0054,-0.0290,0.1227,0.207,-3.372,194.095,0.215,-1.564,2.111,0.000,0.000,0.000,-0.497,6.421,2.111,-0.065,0.889,0.110,-0.06,-0.34,1,0
114522,0.059,0.004,1.010,0.115,1.910,-0.039,0.9920,0.0056,-0.0288,0.1227,0.232,-3.350,194.093,0.215,-1.564,2.111,0.000,0.000,0.000,-0.077,6.273,2.111,-0.063,0.892,0.120,-0.07,-0.01,1,0
114537,0.059,0.004,1.010,-0.038,2.025,0.107,0.9920,0.0054,-0.0286,0.1227,0.210,-3.330,194.095,0.215,-1.564,2.111,0.000,0.000,0.000,-0.105,6.177,2.111,-0.047,0.881,0.109,-0.07,-0.01,1,0
114556,0.058,0.004,1.010,-0.023,2.006,0.040,0.9920,0.0053,-0.0283,0.1227,0.209,-3.291,194.097,0.215,-1.564,2.111,0.000,0.000,0.000,-0.577,6.078,2.111,-0.055,0.872,0.101,-0.06,0.02,1,0
114572,0.058,0.003,1.010,0.009,1.906,-0.140,0.9920,0.0049,-0.0282,0.1227,0.163,-3.280,194.098,0.215,-1.564,2.111,0.000,0.000,0.000,0.298,6.010,2.111,-0.039,0.876,0.114,-0.06,0.32,1,0
114586,0.057,0.004,1.010,0.023,1.906,-0.056,0.9920,0.0055,-0.0279,0.1227,0.230,-3.249,194.093,0.108,-1.564,2.111,0.000,0.000,0.000,-0.434,5.931,2.111,-0.040,0.882,0.120,-0.05,0.32,1,0
114606,0.057,0.003,1.009,0.084,1.811,-0.041,0.9920,0.0051,-0.0276,0.1227,0.195,-3.213,194.095,0.215,-1.564,2.111,0.000,0.000,0.000,-0.568,5.724,2.111,-0.075,0.885,0.113,-0.05,0.31,1,0
114632,0.056,0.004,1.010,0.038,1.850,-0.052,0.9921,0.0052,-0.0273,0.1227,0.212,-3.183,194.093,0.215,-1.564,2.111,0.000,0.000,0.000,-0.045,5.621,2.111,-0.052,0.874,0.117,-0.04,0.29,1,0
114651,0.055,0.004,1.009,0.000,1.679,0.126,0.9921,0.0052,-0.0268,0.1227,0.211,-3.122,194.095,0.215,-1.564,2.111,0.000,0.000,0.000,0.000,5.440,2.111,-0.076,0.878,0.095,-0.04,-0.02,1,0
114674,0.055,0.003,1.009,0.056,1.828,-0.093,0.9921,0.0048,-0.0265,0.1227,0.175,-3.087,194.098,0.108,-1.564,2.111,0.000,0.000,0.000,0.154,5.358,2.111,-0.045,0.874,0.101,-0.04,-0.02,1,0
114694,0.054,0.004,1.009,0.083,1.763,-0.105,0.9921,0.0051,-0.0263,0.1227,0.210,-3.059,194.093,0.108,-1.564,2.111,0.000,0.000,0.000,-0.378,5.233,2.111,-0.062,0.863,0.121,-0.04,-0.02,1,0
114706,0.054,0.004,1.009,0.090,1.579,0.119,0.9921,0.0052,-0.0260,0.1227,0.221,-3.032,194.093,0.108,-1.564,2.111,0.000,0.000,0.000,-0.636,5.153,2.111,-0.082,0.877,0.107,-0.04,0.02,1,0
114720,0.053,0.003,1.010,0.115,1.620,0.031,0.9921,0.0047,-0.0259,0.1227,0.175,-3.010,194.097,0.215,-1.564,2.111,0.000,0.000,0.000,0.089,5.103,2.111,-0.078,0.882,0.098,-0.03,0.39,1,0
114745,0.052,0.003,1.009,0.048,1.531,0.039,0.9921,0.0047,-0.0256,0.1227,0.178,-2.974,194.097,0.215,-1.564,2.111,0.000,0.000,0.000,0.159,4.883,2.111,-0.033,0.874,0.104,-0.02,0.37,1,0
115181,0.044,0.004,1.009,0.044,-0.433,0.085,0.9922,0.0046,-0.0216,0.1230,0.215,-2.522,194.129,0.215,-1.564,2.111,0.000,0.000,0.000,-0.108,3.385,2.111,-0.052,0.942,0.097,-0.09,-0.14,1,0
115202,0.045,0.003,1.010,0.252,-0.586,-0.192,0.9922,0.0042,-0.0217,0.1230,0.177,-2.523,194.129,0.215,-1.564,2.111,0.000,0.000,0.000,0.124,3.390,2.111,-0.052,0.951,0.121,-0.09,-0.14,1,0
115227,0.045,0.004,1.010,0.185,-0.541,0.057,0.9922,0.0046,-0.0217,0.1230,0.216,-2.537,194.125,0.108,-1.564,2.111,0.000,0.000,0.000,-0.032,3.381,2.111,-0.051,0.961,0.120,-0.08,-0.08,1,0
115254,0.045,0.004,1.010,0.023,-0.686,0.113,0.9922,0.0046,-0.0219,0.1230,0.215,-2.553,194.126,0.215,-1.564,2.111,0.000,0.000,0.000,0.141,3.451,2.111,-0.068,0.967,0.108,-0.07,0.33,1,0
115443,0.047,0.003,1.009,0.069,-1.499,0.115,0.9921,0.0043,-0.0230,0.1231,0.165,-2.676,194.142,0.108,-1.564,2.111,0.000,0.000,0.000,-0.323,3.792,2.111,-0.051,0.993,0.098,-0.04,0.27,1,0
115464,0.047,0.003,1.009,-0.015,-1.507,0.021,0.9921,0.0044,-0.0230,0.1231,0.177,-2.680,194.143,0.215,-1.564,2.111,0.000,0.000,0.000,0.226,3.856,2.111,-0.047,0.994,0.101,-0.03,0.25,1,0
115482,0.048,0.003,1.009,-0.044,-1.687,0.043,0.9921,0.0044,-0.0235,0.1231,0.170,-2.740,194.144,0.108,-1.564,2.111,0.000,0.000,0.000,-0.425,4.027,2.111,-0.056,0.996,0.104,-0.03,0.21,1,0
115498,0.048,0.003,1.009,0.076,-1.630,0.113,0.9921,0.0045,-0.0238,0.1231,0.179,-2.769,194.144,0.108,-1.564,2.111,0.000,0.000,0.000,-0.431,4.171,2.111,-0.075,0.996,0.100,-0.03,-0.09,1,0
115514,0.049,0.003,1.009,-0.049,-1.637,0.139,0.9921,0.0047,-0.0238,0.1231,0.205,-2.769,194.144,0.108,-1.564,2.111,0.000,0.000,0.000,-0.423,4.140,2.111,-0.080,0.996,0.096,-0.03,-0.09,1,0
115546,0.050,0.003,1.008,0.019,-1.802,0.021,0.9921,0.0046,-0.0242,0.1232,0.187,-2.816,194.148,0.108,-1.564,2.111,0.000,0.000,0.000,0.159,4.338,2.111,-0.051,0.998,0.104,-0.04,-0.08,1,0
115567,0.050,0.003,1.008,0.184,-1.802,-0.047,0.9921,0.0047,-0.0245,0.1231,0.185,-2.851,194.147,0.215,-1.564,2.111,0.000,0.000,0.000,0.227,4.497,2.111,-0.047,0.998,0.114,-0.04,-0.06,1,0
115584,0.051,0.003,1.008,0.118,-1.830,-0.014,0.9921,0.0045,-0.0247,0.1231,0.165,-2.872,194.148,0.108,-1.564,2.111,0.000,0.000,0.000,-0.409,4.610,2.111,-0.038,0.998,0.116,-0.04,-0.06,1,0
115607,0.051,0.003,1.008,0.167,-1.880,0.015,0.9921,0.0048,-0.0251,0.1231,0.195,-2.927,194.147,0.215,-1.564,2.111,0.000,0.000,0.000,0.136,4.701,2.111,-0.047,0.999,0.109,-0.04,-0.06,1,0
115626,0.052,0.003,1.009,0.109,-1.925,0.015,0.9920,0.0048,-0.0255,0.1232,0.189,-2.963,194.148,0.215,-1.564,2.111,0.000,0.000,0.000,0.163,4.828,2.111,-0.041,0.999,0.104,-0.04,-0.05,1,0
115644,0.052,0.004,1.009,-0.012,-1.911,0.125,0.9920,0.0051,-0.0254,0.1232,0.222,-2.965,194.147,0.108,-1.564,2.111,0.000,0.000,0.000,-0.638,4.861,2.111,-0.044,0.999,0.100,-0.04,-0.05,1,0
115658,0.053,0.003,1.009,-0.010,-1.992,0.137,0.9920,0.0049,-0.0257,0.1232,0.190,-2.997,194.151,0.108,-1.564,2.111,0.000,0.000,0.000,-0.527,4.971,2.111,-0.084,0.999,0.092,-0.04,-0.04,1,0
115684,0.053,0.003,1.009,0.160,-1.986,0.096,0.9920,0.0048,-0.0261,0.1232,0.181,-3.040,194.154,0.108,-1.564,2.111,0.000,0.000,0.000,-0.527,5.075,2.111,-0.106,0.999,0.096,-0.05,-0.06,1,0
115702,0.054,0.003,1.008,0.162,-2.036,0.092,0.9920,0.0049,-0.0264,0.1232,0.182,-3.071,194.156,0.108,-1.564,2.111,0.000,0.000,0.000,-0.492,5.183,2.111,-0.111,1.000,0.096,-0.05,-0.23,1,0
115721,0.055,0.003,1.009,0.089,-2.046,0.045,0.9920,0.0050,-0.0267,0.1232,0.189,-3.110,194.157,0.215,-1.564,2.111,0.000,0.000,0.000,0.211,5.313,2.111,-0.077,1.000,0.100,-0.05,-0.22,1,0
115736,0.055,0.003,1.009,0.155,-2.045,0.032,0.9920,0.0049,-0.0266,0.1232,0.184,-3.090,194.157,0.215,-1.564,2.111,0.000,0.000,0.000,0.211,5.313,2.111,-0.068,1.000,0.102,-0.06,-0.22,1,0
115752,0.056,0.004,1.009,0.173,-1.884,0.076,0.9920,0.0053,-0.0270,0.1232,0.218,-3.150,194.156,0.108,-1.564,2.111,0.000,0.000,0.000,0.000,5.496,2.111,-0.053,1.000,0.107,-0.05,-0.15,1,0
115764,0.056,0.003,1.009,0.104,-1.841,0.059,0.9920,0.0051,-0.0275,0.1232,0.195,-3.201,194.158,0.215,-1.564,2.111,0.000,0.000,0.000,0.000,5.632,2.111,-0.073,1.000,0.106,-0.04,0.41,1,0
116164,0.067,0.004,1.009,0.007,-0.859,0.180,0.9918,0.0062,-0.0329,0.1234,0.238,-3.830,194.174,0.215,-1.564,2.111,0.000,0.000,0.000,-0.074,7.814,2.111,-0.063,0.998,0.084,0.01,-0.12,1,0
116183,0.068,0.004,1.009,0.017,-0.785,0.062,0.9918,0.0061,-0.0332,0.1234,0.227,-3.868,194.176,0.215,-1.564,2.111,0.000,0.000,0.000,-0.043,7.887,2.111,-0.054,0.998,0.088,0.01,-0.12,1,0
116200,0.068,0.004,1.009,0.028,-0.709,-0.005,0.9918,0.0062,-0.0332,0.1234,0.236,-3.858,194.176,0.215,-1.564,2.111,0.000,0.000,0.000,-0.162,8.079,2.111,-0.059,0.999,0.101,0.01,-0.11,1,0
116218,0.068,0.004,1.009,-0.013,-0.610,0.054,0.9918,0.0062,-0.0333,0.1234,0.233,-3.873,194.176,0.215,-1.564,2.111,0.000,0.000,0.000,-0.109,8.034,2.111,-0.061,0.999,0.103,0.01,-0.09,1,0
116242,0.069,0.004,1.009,0.117,-0.439,-0.012,0.9918,0.0063,-0.0336,0.1234,0.246,-3.907,194.176,0.215,-1.564,2.111,0.000,0.000,0.000,-0.130,8.182,2.111,-0.058,0.999,0.105,0.00,-0.09,1,0
116266,0.069,0.004,1.009,0.114,-0.354,-0.041,0.9918,0.0061,-0.0337,0.1234,0.222,-3.921,194.178,0.215,-1.564,2.111,0.000,0.000,0.000,-0.093,8.219,2.111,-0.070,0.999,0.106,0.01,-0.01,1,0
116476,0.070,0.003,1.009,0.009,0.636,0.095,0.9917,0.0060,-0.0342,0.1235,0.204,-3.973,194.186,0.215,-1.564,2.111,0.000,0.000,0.000,0.080,8.317,2.111,-0.095,0.992,0.088,0.05,-0.29,1,0
116504,0.070,0.003,1.009,0.050,0.656,0.049,0.9917,0.0060,-0.0341,0.1235,0.202,-3.959,194.188,0.108,-1.564,2.111,0.000,0.000,0.000,-0.621,8.263,2.111,-0.092,0.993,0.094,0.04,-0.27,1,0
116516,0.070,0.004,1.009,0.111,0.678,-0.145,0.9917,0.0062,-0.0339,0.1235,0.223,-3.946,194.185,0.108,-1.564,2.111,0.000,0.000,0.000,-0.505,8.325,2.111,-0.116,0.994,0.114,0.03,-0.30,1,0
116530,0.069,0.004,1.009,0.114,0.817,-0.049,0.9918,0.0064,-0.0338,0.1235,0.249,-3.931,194.183,0.215,-1.564,2.111,0.000,0.000,0.000,-0.056,8.287,2.111,-0.114,0.993,0.119,0.03,-0.30,1,0
116543,0.069,0.004,1.009,0.097,0.947,0.061,0.9917,0.0062,-0.0338,0.1235,0.227,-3.933,194.185,0.215,-1.564,2.111,0.000,0.000,0.000,-0.091,8.286,2.111,-0.099,0.987,0.105,0.02,-0.63,1,0
116556,0.069,0.004,1.009,0.158,0.951,-0.064,0.9918,0.0060,-0.0337,0.1235,0.204,-3.921,194.187,0.215,-1.564,2.111,0.000,0.000,0.000,0.050,8.276,2.111,-0.083,0.986,0.110,0.01,-0.60,1,0
116574,0.069,0.003,1.009,0.136,0.950,-0.129,0.9917,0.0060,-0.0339,0.1235,0.198,-3.938,194.186,0.215,-1.564,2.111,0.000,0.000,0.000,0.000,8.291,2.111,-0.075,0.987,0.118,0.00,-0.60,1,0
116586,0.069,0.004,1.009,0.049,1.098,0.044,0.9918,0.0062,-0.0337,0.1234,0.228,-3.922,194.183,0.215,-1.564,2.111,0.000,0.000,0.000,-0.118,8.255,2.111,-0.064,0.986,0.116,-0.02,-0.62,1,0
116604,0.069,0.004,1.009,-0.004,1.197,0.014,0.9918,0.0060,-0.0334,0.1235,0.215,-3.881,194.184,0.215,-1.564,2.111,0.000,0.000,0.000,0.098,8.148,2.111,-0.058,0.977,0.107,-0.03,-1.06,1,0
116624,0.068,0.005,1.009,-0.091,1.267,0.012,0.9918,0.0064,-0.0334,0.1234,0.251,-3.892,194.181,0.108,-1.564,2.111,0.000,0.000,0.000,-0.795,8.143,2.111,-0.063,0.969,0.108,-0.05,-1.01,1,0
116647,0.068,0.004,1.009,-0.047,1.287,0.054,0.9918,0.0062,-0.0331,0.1235,0.236,-3.858,194.185,0.215,-1.564,2.111,0.000,0.000,0.000,-0.120,8.044,2.111,-0.095,0.970,0.095,-0.08,-0.96,1,0
116665,0.068,0.004,1.009,-0.052,1.311,-0.019,0.9918,0.0060,-0.0330,0.1235,0.214,-3.839,194.187,0.108,-1.564,2.111,0.000,0.000,0.000,-0.113,7.935,2.111,-0.075,0.968,0.101,-0.08,-0.82,1,0
116694,0.067,0.003,1.009,0.161,1.466,-0.072,0.9918,0.0056,-0.0325,0.1235,0.177,-3.776,194.190,0.215,-1.564,2.111,0.000,0.000,0.000,-0.325,7.781,2.111,-0.107,0.957,0.106,-0.08,-0.00,1,0
116711,0.067,0.004,1.009,0.046,1.540,-0.086,0.9918,0.0061,-0.0325,0.1235,0.232,-3.783,194.185,0.108,-1.564,2.111,0.000,0.000,0.000,0.137,7.756,2.111,-0.088,0.943,0.114,-0.08,-0.00,1,0
116732,0.066,0.004,1.009,0.008,1.475,0.099,0.9918,0.0060,-0.0321,0.1235,0.230,-3.742,194.186,0.215,-1.564,2.111,0.000,0.000,0.000,0.000,7.678,2.111,-0.113,0.949,0.102,-0.06,0.63,1,0
116756,0.065,0.004,1.009,-0.180,1.597,-0.034,0.9918,0.0059,-0.0318,0.1235,0.223,-3.698,194.188,0.108,-1.564,2.111,0.000,0.000,0.000,-0.582,7.560,2.111,-0.093,0.946,0.100,-0.05,0.60,1,0
116780,0.065,0.004,1.009,0.062,1.529,-0.029,0.9918,0.0060,-0.0315,0.1235,0.238,-3.673,194.185,0.215,-1.564,2.111,0.000,0.000,0.000,-0.099,7.392,2.111,-0.091,0.940,0.115,-0.04,0.49,1,0
117214,0.053,0.004,1.009,0.027,1.225,0.037,0.9920,0.0052,-0.0259,0.1236,0.223,-3.021,194.199,0.215,-1.564,2.111,0.000,0.000,0.000,-0.089,5.036,2.111,-0.074,0.897,0.101,0.02,-0.12,1,0
117233,0.053,0.004,1.009,0.019,1.422,-0.006,0.9920,0.0051,-0.0255,0.1236,0.216,-2.973,194.200,0.215,-1.564,2.111,0.000,0.000,0.000,0.000,4.940,2.111,-0.060,0.890,0.104,0.02,-0.16,1,0
117258,0.052,0.004,1.008,0.027,1.296,0.039,0.9920,0.0051,-0.0253,0.1236,0.217,-2.945,194.201,0.215,-1.564,2.111,0.000,0.000,0.000,-0.122,4.887,2.111,-0.063,0.879,0.101,0.00,-0.55,1,0
117282,0.051,0.004,1.008,0.042,1.228,0.016,0.9920,0.0052,-0.0251,0.1236,0.241,-2.930,194.200,0.215,-1.564,2.111,0.000,0.000,0.000,-0.145,4.786,2.111,-0.073,0.892,0.107,-0.01,-0.53,1,0
117494,0.047,0.003,1.009,0.149,0.225,-0.111,0.9920,0.0045,-0.0230,0.1237,0.191,-2.678,194.212,0.215,4.888,2.111,0.000,0.000,0.000,0.135,23.849,2.111,-0.066,0.919,0.120,-0.01,0.17,1,0
117507,0.047,0.004,1.009,0.233,0.267,-0.086,0.9920,0.0049,-0.0228,0.1237,0.232,-2.661,194.208,0.215,5.474,2.111,0.000,0.000,0.000,0.000,26.375,2.111,-0.077,0.929,0.125,-0.00,0.17,1,0
117532,0.047,0.004,1.009,0.108,0.337,0.224,0.9920,0.0048,-0.0229,0.1237,0.219,-2.671,194.211,0.215,7.087,2.111,0.000,0.000,0.000,-0.097,34.072,2.111,-0.091,0.946,0.094,0.01,0.31,1,0
117555,0.047,0.003,1.009,-0.057,0.038,0.188,0.9920,0.0044,-0.0228,0.1238,0.173,-2.655,194.217,0.215,7.674,2.111,0.000,0.000,0.000,0.234,36.054,2.111,-0.071,0.957,0.081,0.01,0.27,1,0
117581,0.046,0.003,1.009,0.020,-0.040,0.040,0.9920,0.0045,-0.0225,0.1238,0.190,-2.627,194.219,0.215,9.824,2.111,0.000,0.000,0.000,0.284,39.038,2.111,-0.048,0.966,0.093,0.01,0.07,1,0
117596,0.046,0.004,1.008,-0.033,-0.157,0.037,0.9920,0.0046,-0.0224,0.1238,0.200,-2.614,194.219,0.215,10.753,2.111,0.000,0.000,0.000,0.000,43.679,2.111,-0.052,0.971,0.105,0.01,0.06,1,0
117611,0.046,0.004,1.008,0.172,-0.269,0.022,0.9920,0.0045,-0.0224,0.1238,0.195,-2.614,194.220,0.215,11.388,2.111,0.000,0.000,0.000,0.114,48.875,2.111,-0.070,0.975,0.104,0.02,0.11,1,0
117640,0.046,0.004,1.008,0.114,-0.238,0.131,0.9920,0.0048,-0.0225,0.1238,0.227,-2.626,194.220,0.215,12.708,2.111,0.000,0.000,0.000,-0.104,51.638,2.111,-0.084,0.981,0.101,0.03,0.53,1,0
117647,0.046,0.003,1.008,0.025,-0.326,0.146,0.9920,0.0045,-0.0226,0.1238,0.192,-2.630,194.224,0.215,12.757,2.111,0.000,0.000,0.000,0.048,53.561,2.111,-0.082,0.983,0.095,0.03,0.53,1,0
117666,0.046,0.003,1.008,0.168,-0.461,0.137,0.9920,0.0044,-0.0224,0.1238,0.185,-2.613,194.226,0.215,13.392,2.111,0.000,0.000,0.000,0.190,55.787,2.111,-0.076,0.985,0.092,0.04,0.35,1,0
117692,0.046,0.003,1.009,0.078,-0.646,-0.065,0.9920,0.0044,-0.0226,0.1238,0.175,-2.628,194.228,0.215,14.761,2.111,0.000,0.000,0.000,0.299,58.060,2.111,-0.057,0.988,0.105,0.04,0.33,1,0
117713,0.046,0.004,1.009,0.142,-0.547,0.038,0.9920,0.0049,-0.0224,0.1238,0.235,-2.619,194.224,0.215,15.347,2.111,0.000,0.000,0.000,-0.096,60.000,2.111,-0.068,0.991,0.113,0.05,0.28,1,0
117734,0.046,0.004,1.008,-0.034,-0.531,0.105,0.9920,0.0050,-0.0224,0.1238,0.247,-2.617,194.225,0.215,16.080,2.111,0.000,0.000,0.000,-0.104,60.000,2.111,-0.074,0.992,0.104,0.06,0.28,1,0
117754,0.046,0.004,1.008,0.126,-0.869,0.129,0.9920,0.0048,-0.0224,0.1239,0.225,-2.618,194.230,0.215,16.764,2.111,0.000,0.000,0.000,0.073,60.000,2.111,-0.079,0.994,0.090,0.06,0.24,1,0
117782,0.046,0.004,1.008,-0.019,-0.949,0.006,0.9920,0.0046,-0.0226,0.1239,0.201,-2.633,194.232,0.215,16.764,2.111,0.000,0.000,0.000,0.050,60.000,2.111,-0.061,0.995,0.103,0.06,0.11,1,0
118242,0.052,0.004,1.008,0.030,-1.708,0.155,0.9919,0.0049,-0.0250,0.1240,0.205,-2.917,194.247,0.108,-1.564,2.111,0.000,0.000,0.000,-0.597,4.765,2.111,-0.083,0.214,0.099,0.04,-0.35,1,0
118263,0.055,0.004,1.009,-0.153,-1.606,-0.023,0.9919,0.0055,-0.0270,0.1240,0.238,-3.147,194.249,-0.054,-13.196,2.111,0.000,0.000,0.000,-1.496,-35.090,2.111,-0.134,0.053,0.132,0.01,-0.57,1,0
118282,0.057,0.002,1.009,0.016,-1.038,0.245,0.9919,0.0046,-0.0276,0.1241,0.127,-3.209,194.259,-0.054,-14.076,2.111,0.000,0.000,0.000,-1.006,-35.611,2.111,-0.156,-0.104,0.099,0.03,-0.37,1,0
118472,0.060,0.003,1.008,0.112,-1.012,0.032,0.9918,0.0050,-0.0295,0.1243,0.146,-3.430,194.284,-0.054,-15.396,2.111,0.000,0.000,0.000,-1.101,-41.792,2.111,-0.158,-0.670,0.098,0.01,-0.07,1,0
118492,0.061,0.002,1.008,0.318,-0.931,-0.131,0.9918,0.0047,-0.0301,0.1243,0.106,-3.491,194.285,0.000,-15.543,2.111,0.000,0.000,0.000,-0.609,-41.642,2.111,-0.151,-0.730,0.123,0.01,-0.15,1,0
118506,0.062,0.002,1.009,0.206,-0.761,-0.104,0.9918,0.0048,-0.0302,0.1243,0.120,-3.508,194.282,0.000,-16.129,2.111,0.000,0.000,0.000,-0.462,-44.128,2.111,-0.130,-0.766,0.134,0.00,-0.15,1,0
118522,0.062,0.001,1.009,0.000,-0.530,0.020,0.9918,0.0045,-0.0305,0.1243,0.082,-3.532,194.285,0.000,-16.129,2.111,0.000,0.000,0.000,-0.539,-44.036,2.111,-0.115,-0.801,0.125,0.00,-0.14,1,0
118538,0.063,0.001,1.009,0.271,-0.373,0.127,0.9918,0.0046,-0.0305,0.1243,0.085,-3.538,194.286,0.000,-16.129,2.111,0.000,0.000,0.000,-0.429,-43.978,2.111,-0.113,-0.827,0.110,0.00,-0.12,1,0
118563,0.064,0.003,1.008,-0.022,-0.311,0.170,0.9917,0.0053,-0.0310,0.1243,0.163,-3.600,194.285,0.000,-16.031,2.111,0.000,0.000,0.000,-0.684,-43.372,2.111,-0.110,-0.858,0.095,-0.00,-0.03,1,0
118584,0.064,0.002,1.008,0.090,-0.172,0.074,0.9917,0.0051,-0.0311,0.1243,0.136,-3.607,194.288,0.000,-15.934,2.111,0.000,0.000,0.000,-0.789,-43.293,2.111,-0.122,-0.855,0.096,-0.00,-0.03,1,0
118618,0.065,0.003,1.009,0.121,0.172,0.117,0.9917,0.0055,-0.0316,0.1243,0.176,-3.672,194.286,-0.054,-15.152,2.111,0.000,0.000,0.000,-1.362,-40.157,2.111,-0.184,-0.706,0.106,-0.01,-0.37,1,0
118633,0.065,0.003,1.009,0.107,0.324,0.112,0.9917,0.0053,-0.0315,0.1244,0.153,-3.659,194.290,0.000,-15.005,2.111,0.000,0.000,0.000,-0.925,-40.056,2.111,-0.193,-0.615,0.097,-0.02,-0.35,1,0
118665,0.065,0.002,1.008,0.006,0.517,-0.027,0.9917,0.0050,-0.0317,0.1244,0.121,-3.678,194.294,0.000,-13.783,2.111,0.000,0.000,0.000,-0.783,-37.341,2.111,-0.147,-0.394,0.105,-0.03,-0.33,1,0
118675,0.065,0.002,1.008,0.028,0.662,-0.254,0.9917,0.0049,-0.0318,0.1244,0.109,-3.685,194.293,0.000,-13.783,2.111,0.000,0.000,0.000,-0.503,-35.252,2.111,-0.144,-0.321,0.120,-0.03,-0.29,1,0
118696,0.065,0.003,1.008,-0.260,1.029,-0.272,0.9917,0.0055,-0.0314,0.1243,0.183,-3.654,194.280,0.000,-13.050,2.111,0.000,0.000,0.000,-0.980,-32.621,2.111,-0.136,-0.117,0.157,-0.03,-0.01,1,0
118714,0.065,0.005,1.009,0.174,1.427,0.030,0.9917,0.0061,-0.0312,0.1243,0.252,-3.640,194.274,0.000,-13.001,2.111,0.000,0.000,0.000,-1.435,-32.545,2.111,-0.168,-0.005,0.129,-0.03,-0.01,1,0
118727,0.064,0.005,1.007,-0.026,1.411,0.102,0.9917,0.0063,-0.0314,0.1243,0.264,-3.664,194.275,0.000,-12.268,2.111,0.000,0.000,0.000,-1.583,-32.268,2.111,-0.194,-0.002,0.110,-0.03,-0.01,1,0
118745,0.063,0.004,1.008,-0.091,1.438,0.147,0.9918,0.0060,-0.0305,0.1243,0.247,-3.554,194.279,0.000,-12.121,2.111,0.000,0.000,0.000,-1.445,-30.150,2.111,-0.212,0.121,0.089,-0.04,-0.05,1,0
118763,0.063,0.004,1.008,0.082,1.336,0.169,0.9917,0.0060,-0.0310,0.1243,0.236,-3.613,194.283,0.000,-11.584,2.111,0.000,0.000,0.000,-1.352,-27.818,2.111,-0.217,0.206,0.081,-0.05,-0.46,1,0
118784,0.064,0.004,1.008,-0.009,1.448,0.093,0.9917,0.0058,-0.0312,0.1244,0.218,-3.635,194.287,0.000,-11.486,2.111,0.000,0.000,0.000,-1.297,-27.783,2.111,-0.199,0.313,0.087,-0.05,-0.44,1,0
119035,0.058,0.004,1.009,0.309,1.758,-0.017,0.9918,0.0054,-0.0281,0.1244,0.210,-3.271,194.286,0.000,-10.802,2.111,0.000,0.000,0.000,-1.063,-26.224,2.111,-0.146,-0.261,0.128,-0.14,0.06,1,0
119063,0.057,0.003,1.008,-0.135,1.977,0.266,0.9918,0.0051,-0.0279,0.1244,0.187,-3.250,194.293,0.000,-10.850,2.111,0.000,0.000,0.000,-1.021,-26.507,2.111,-0.172,-0.361,0.079,-0.14,0.03,1,0
119080,0.057,0.003,1.008,-0.093,1.688,0.432,0.9918,0.0050,-0.0277,0.1245,0.177,-3.224,194.299,0.000,-10.850,2.111,0.000,0.000,0.000,-1.109,-26.618,2.111,-0.174,-0.399,0.059,-0.14,-0.17,1,0
119097,0.056,0.002,1.008,-0.095,1.782,0.325,0.9918,0.0045,-0.0273,0.1245,0.124,-3.174,194.310,0.000,-10.850,2.111,0.000,0.000,0.000,-0.909,-26.660,2.111,-0.179,-0.410,0.049,-0.15,-0.16,1,0
119116,0.056,0.001,1.008,0.136,1.503,-0.153,0.9918,0.0042,-0.0273,0.1246,0.087,-3.167,194.313,0.000,-10.850,2.111,0.000,0.000,0.000,-0.533,-26.735,2.111,-0.160,-0.421,0.091,-0.15,-0.17,1,0
119144,0.055,0.003,1.008,0.348,1.532,-0.470,0.9918,0.0048,-0.0271,0.1245,0.162,-3.146,194.300,0.000,-10.948,2.111,0.000,0.000,0.000,-0.776,-27.184,2.111,-0.175,-0.463,0.164,-0.16,-0.33,1,0
119164,0.055,0.004,1.008,0.059,2.126,0.053,0.9919,0.0052,-0.0268,0.1244,0.212,-3.119,194.293,0.000,-11.046,2.111,0.000,0.000,0.000,-1.330,-27.593,2.111,-0.203,-0.558,0.141,-0.17,-0.31,1,0
119178,0.055,0.002,1.008,0.151,1.996,-0.034,0.9919,0.0047,-0.0267,0.1244,0.151,-3.102,194.297,0.000,-11.046,2.111,0.000,0.000,0.000,-0.904,-27.757,2.111,-0.207,-0.605,0.122,-0.17,-0.29,1,0
119207,0.054,0.002,1.008,-0.159,1.920,0.411,0.9919,0.0046,-0.0264,0.1245,0.145,-3.067,194.302,0.000,-11.193,2.111,0.000,0.000,0.000,-0.998,-28.417,2.111,-0.170,-0.663,0.075,-0.17,-0.22,1,0
119226,0.053,0.001,1.008,-0.013,1.560,0.139,0.9919,0.0037,-0.0259,0.1246,0.054,-2.995,194.314,0.000,-11.241,2.111,0.000,0.000,0.000,-0.399,-28.571,2.111,-0.152,-0.672,0.065,-0.16,0.28,1,0
119243,0.052,0.002,1.008,-0.077,1.494,0.037,0.9919,0.0044,-0.0252,0.1245,0.143,-2.926,194.310,0.000,-11.241,2.111,0.000,0.000,0.000,-0.591,-28.952,2.111,-0.131,-0.676,0.087,-0.16,0.27,1,0
119267,0.051,0.002,1.008,0.266,1.723,-0.124,0.9919,0.0042,-0.0252,0.1246,0.119,-2.928,194.312,0.000,-11.486,2.111,0.000,0.000,0.000,-0.597,-29.700,2.111,-0.171,-0.726,0.110,-0.15,0.26,1,0
119290,0.050,0.003,1.008,-0.041,1.913,0.096,0.9919,0.0045,-0.0246,0.1245,0.160,-2.858,194.309,0.000,-11.584,2.111,0.000,0.000,0.000,-0.889,-30.457,2.111,-0.194,-0.785,0.113,-0.14,0.28,1,0
119767,0.037,0.003,1.008,-0.015,0.779,0.127,0.9920,0.0037,-0.0181,0.1247,0.163,-2.114,194.325,0.000,-11.730,2.111,0.000,0.000,0.000,-0.927,-33.497,2.111,-0.211,-0.733,0.089,-0.12,0.23,1,0
119786,0.037,0.003,1.008,0.055,0.632,0.053,0.9920,0.0037,-0.0179,0.1247,0.164,-2.086,194.326,0.000,-11.730,2.111,0.000,0.000,0.000,-0.849,-33.570,2.111,-0.207,-0.724,0.090,-0.12,0.18,1,0
119816,0.037,0.003,1.008,0.061,0.634,-0.010,0.9920,0.0039,-0.0179,0.1247,0.183,-2.092,194.326,0.000,-11.632,2.111,0.000,0.000,0.000,-1.019,-33.285,2.111,-0.204,-0.723,0.097,-0.12,-0.21,1,0
120054,0.035,0.003,1.008,0.121,-0.657,-0.001,0.9920,0.0038,-0.0171,0.1248,0.187,-1.994,194.338,0.000,-11.486,2.111,0.000,0.000,0.000,-1.119,-33.426,2.111,-0.244,-0.750,0.096,-0.14,0.30,1,0
120074,0.035,0.004,1.008,0.064,-0.767,0.047,0.9920,0.0041,-0.0169,0.1248,0.219,-1.984,194.337,0.000,-11.486,2.111,0.000,0.000,0.000,-1.215,-33.169,2.111,-0.244,-0.738,0.108,-0.13,0.28,1,0
120092,0.035,0.004,1.008,0.117,-0.999,0.073,0.9920,0.0040,-0.0171,0.1248,0.204,-2.006,194.339,0.000,-11.486,2.111,0.000,0.000,0.000,-1.226,-33.045,2.111,-0.260,-0.719,0.106,-0.13,0.19,1,0
120106,0.036,0.003,1.008,0.042,-0.903,0.028,0.9920,0.0039,-0.0173,0.1248,0.192,-2.025,194.340,0.000,-11.486,2.111,0.000,0.000,0.000,-1.063,-33.044,2.111,-0.256,-0.714,0.110,-0.14,0.19,1,0
120126,0.036,0.004,1.008,0.088,-0.986,0.017,0.9920,0.0041,-0.0175,0.1248,0.213,-2.046,194.339,0.000,-11.486,2.111,0.000,0.000,0.000,-1.085,-32.907,2.111,-0.253,-0.717,0.110,-0.15,-0.52,1,0
120142,0.036,0.004,1.008,0.056,-1.088,-0.024,0.9920,0.0042,-0.0175,0.1248,0.230,-2.045,194.339,0.000,-11.486,2.111,0.000,0.000,0.000,-1.044,-32.909,2.111,-0.248,-0.716,0.112,-0.16,-0.49,1,0
120156,0.036,0.004,1.008,0.017,-1.150,0.019,0.9920,0.0043,-0.0176,0.1248,0.236,-2.066,194.339,0.000,-11.486,2.111,0.000,0.000,0.000,-1.192,-32.861,2.111,-0.247,-0.713,0.112,-0.16,-0.47,1,0
120184,0.037,0.004,1.008,0.039,-1.241,-0.127,0.9920,0.0042,-0.0178,0.1248,0.225,-2.082,194.339,0.000,-11.486,2.111,0.000,0.000,0.000,-1.213,-32.770,2.111,-0.272,-0.714,0.117,-0.17,-0.42,1,0
120196,0.037,0.004,1.008,0.069,-1.338,-0.096,0.9920,0.0042,-0.0179,0.1248,0.223,-2.097,194.337,0.000,-11.437,2.111,0.000,0.000,0.000,-1.141,-32.750,2.111,-0.265,-0.714,0.124,-0.17,-0.17,1,0
120214,0.037,0.004,1.008,0.011,-1.443,0.051,0.9920,0.0041,-0.0182,0.1248,0.205,-2.129,194.338,0.000,-11.437,2.111,0.000,0.000,0.000,-1.254,-32.535,2.111,-0.257,-0.692,0.115,-0.17,-0.16,1,0
120234,0.038,0.003,1.008,0.038,-1.388,0.070,0.9920,0.0040,-0.0183,0.1248,0.197,-2.142,194.340,0.000,-11.339,2.111,0.000,0.000,0.000,-1.064,-32.133,2.111,-0.258,-0.689,0.097,-0.17,-0.12,1,0
120247,0.038,0.004,1.009,-0.062,-1.527,0.096,0.9920,0.0043,-0.0185,0.1248,0.222,-2.170,194.340,0.000,-11.339,2.111,0.000,0.000,0.000,-1.211,-32.036,2.111,-0.252,-0.660,0.097,-0.17,-0.12,1,0
120265,0.038,0.004,1.009,0.076,-1.513,-0.027,0.9920,0.0042,-0.0186,0.1248,0.209,-2.176,194.342,0.000,-11.241,2.111,0.000,0.000,0.000,-1.232,-31.939,2.111,-0.259,-0.646,0.100,-0.17,0.18,1,0
120284,0.039,0.004,1.010,0.071,-1.497,-0.148,0.9920,0.0044,-0.0188,0.1248,0.228,-2.203,194.339,0.000,-11.241,2.111,0.000,0.000,0.000,-1.377,-31.599,2.111,-0.263,-0.635,0.117,-0.17,0.17,1,0
120298,0.039,0.004,1.009,0.026,-1.520,-0.071,0.9920,0.0046,-0.0189,0.1248,0.248,-2.218,194.336,0.000,-11.241,2.111,0.000,0.000,0.000,-1.422,-31.627,2.111,-0.276,-0.635,0.122,-0.16,0.17,1,0
120314,0.039,0.004,1.009,0.128,-1.574,0.032,0.9920,0.0042,-0.0190,0.1248,0.203,-2.222,194.338,0.000,-11.241,2.111,0.000,0.000,0.000,-1.325,-31.411,2.111,-0.283,-0.635,0.111,-0.16,0.26,1,0
120342,0.040,0.004,1.009,-0.066,-1.706,0.106,0.9920,0.0044,-0.0192,0.1248,0.224,-2.249,194.339,0.000,-11.193,2.111,0.000,0.000,0.000,-1.151,-31.176,2.111,-0.254,-0.623,0.095,-0.15,0.25,1,0
120792,0.054,0.004,1.008,0.085,-1.710,0.101,0.9918,0.0054,-0.0262,0.1251,0.241,-3.054,194.367,0.000,-11.193,2.111,0.000,0.000,0.000,-1.281,-27.877,2.111,-0.273,-0.672,0.130,-0.07,0.01,1,0
120812,0.055,0.004,1.009,0.266,-1.426,0.056,0.9918,0.0052,-0.0265,0.1251,0.209,-3.085,194.372,0.000,-11.193,2.111,0.000,0.000,0.000,-1.087,-28.245,2.111,-0.302,-0.734,0.112,-0.07,-0.01,1,0
120833,0.055,0.004,1.009,-0.072,-1.550,0.211,0.9918,0.0052,-0.0270,0.1251,0.202,-3.142,194.374,0.000,-11.193,2.111,0.000,0.000,0.000,-1.277,-28.236,2.111,-0.282,-0.755,0.102,-0.07,-0.18,1,0
120856,0.056,0.003,1.009,0.128,-1.541,0.049,0.9917,0.0048,-0.0271,0.1252,0.151,-3.154,194.381,0.108,-11.193,2.111,0.000,0.000,0.000,-0.114,-28.102,2.111,-0.232,-0.736,0.096,-0.08,-0.17,1,0
121097,0.061,0.003,1.009,-0.113,-0.249,-0.028,0.9917,0.0054,-0.0296,0.1252,0.191,-3.446,194.391,0.000,-11.193,2.111,0.000,0.000,0.000,-1.062,-27.137,2.111,-0.287,-0.834,0.101,-0.04,0.59,1,0
121115,0.061,0.004,1.009,0.145,-0.217,0.000,0.9917,0.0055,-0.0296,0.1252,0.206,-3.444,194.389,0.000,-11.193,2.111,0.000,0.000,0.000,-1.255,-27.086,2.111,-0.304,-0.836,0.114,-0.03,0.56,1,0
121136,0.061,0.004,1.009,0.100,-0.043,0.063,0.9917,0.0057,-0.0295,0.1252,0.229,-3.442,194.389,0.000,-11.193,2.111,0.000,0.000,0.000,-1.320,-27.066,2.111,-0.323,-0.844,0.108,-0.02,0.53,1,0
121156,0.061,0.004,1.009,0.106,0.080,0.065,0.9917,0.0057,-0.0296,0.1253,0.224,-3.447,194.391,0.000,-11.193,2.111,0.000,0.000,0.000,-1.328,-26.978,2.111,-0.328,-0.862,0.105,-0.01,0.51,1,0
121172,0.061,0.004,1.009,-0.031,0.066,0.042,0.9917,0.0056,-0.0297,0.1253,0.211,-3.459,194.392,0.000,-11.193,2.111,0.000,0.000,0.000,-1.157,-26.976,2.111,-0.324,-0.866,0.104,-0.00,0.56,1,0
121192,0.061,0.004,1.009,-0.073,0.165,0.057,0.9917,0.0055,-0.0299,0.1253,0.197,-3.476,194.394,0.000,-11.193,2.111,0.000,0.000,0.000,-1.078,-26.942,2.111,-0.308,-0.874,0.105,0.00,0.56,1,0
121206,0.061,0.004,1.009,-0.067,0.329,0.107,0.9917,0.0057,-0.0297,0.1253,0.219,-3.457,194.394,0.108,-11.193,2.111,0.000,0.000,0.000,-0.635,-27.075,2.111,-0.296,-0.888,0.101,0.01,0.54,1,0
121224,0.061,0.004,1.009,0.029,0.362,0.103,0.9917,0.0059,-0.0297,0.1253,0.244,-3.460,194.394,0.108,-11.193,2.111,0.000,0.000,0.000,-0.664,-26.929,2.111,-0.272,-0.899,0.098,0.02,0.49,1,0
121242,0.061,0.004,1.010,0.095,0.472,0.031,0.9916,0.0058,-0.0298,0.1253,0.235,-3.474,194.397,0.108,-11.193,2.111,0.000,0.000,0.000,-0.816,-26.981,2.111,-0.273,-0.912,0.100,0.02,0.25,1,0
121256,0.061,0.004,1.010,0.179,0.458,-0.032,0.9916,0.0059,-0.0298,0.1253,0.239,-3.475,194.397,0.108,-11.193,2.111,0.000,0.000,0.000,-0.672,-26.873,2.111,-0.281,-0.918,0.113,0.03,0.24,1,0
121272,0.062,0.004,1.009,0.085,0.571,0.068,0.9916,0.0060,-0.0300,0.1253,0.254,-3.498,194.395,0.000,-11.193,2.111,0.000,0.000,0.000,-1.280,-26.857,2.111,-0.314,-0.921,0.113,0.03,0.16,1,0
121291,0.061,0.004,1.009,-0.102,0.829,0.115,0.9916,0.0056,-0.0301,0.1253,0.203,-3.499,194.400,0.000,-11.193,2.111,0.000,0.000,0.000,-1.146,-26.930,2.111,-0.319,-0.931,0.102,0.02,-0.46,1,0
121313,0.061,0.004,1.009,-0.187,0.847,0.131,0.9916,0.0056,-0.0298,0.1253,0.204,-3.468,194.402,0.000,-11.046,2.111,0.000,0.000,0.000,-1.130,-26.457,2.111,-0.300,-0.907,0.100,0.01,-0.44,1,0
121336,0.061,0.004,1.009,0.067,1.026,0.053,0.9916,0.0055,-0.0296,0.1254,0.204,-3.448,194.406,0.000,-11.046,2.111,0.000,0.000,0.000,-1.248,-26.520,2.111,-0.315,-0.910,0.092,0.00,-0.40,1,0
121364,0.061,0.004,1.008,0.167,1.071,-0.058,0.9917,0.0058,-0.0295,0.1254,0.236,-3.436,194.403,0.000,-11.046,2.111,0.000,0.000,0.000,-1.150,-26.509,2.111,-0.331,-0.925,0.116,-0.00,-0.18,1,0
121842,0.047,0.003,1.009,0.021,1.481,0.014,0.9918,0.0044,-0.0226,0.1254,0.170,-2.632,194.408,0.108,-1.564,2.111,0.000,0.000,0.000,-0.515,3.837,2.111,-0.305,0.206,0.099,-0.00,-0.11,1,0
121852,0.046,0.002,1.009,0.247,1.515,-0.257,0.9918,0.0042,-0.0226,0.1254,0.151,-2.634,194.406,0.215,-1.564,2.111,0.000,0.000,0.000,0.521,3.760,2.111,-0.277,0.218,0.122,-0.00,-0.08,1,0
121876,0.046,0.003,1.009,-0.046,1.615,0.180,0.9918,0.0046,-0.0226,0.1254,0.194,-2.639,194.403,0.215,-1.564,2.111,0.000,0.000,0.000,0.000,3.725,2.111,-0.225,0.210,0.110,-0.00,0.13,1,0
122100,0.041,0.003,1.008,0.135,0.358,-0.008,0.9919,0.0040,-0.0197,0.1255,0.175,-2.300,194.415,0.215,-1.564,2.111,0.000,0.000,0.000,0.273,2.645,2.111,-0.281,0.275,0.101,0.01,-0.34,1,0
122114,0.041,0.003,1.008,0.171,0.382,-0.028,0.9919,0.0040,-0.0199,0.1255,0.166,-2.318,194.415,0.215,-1.564,2.111,0.000,0.000,0.000,0.273,2.645,2.111,-0.269,0.274,0.105,0.01,-0.34,1,0
122123,0.041,0.003,1.008,-0.029,0.377,-0.053,0.9919,0.0040,-0.0199,0.1255,0.173,-2.316,194.415,0.108,-1.564,2.111,0.000,0.000,0.000,0.234,2.632,2.111,-0.247,0.264,0.111,0.01,-0.30,1,0
122146,0.040,0.004,1.008,0.081,0.158,0.320,0.9919,0.0042,-0.0197,0.1255,0.191,-2.299,194.418,0.215,-1.564,2.111,0.000,0.000,0.000,-0.106,2.594,2.111,-0.271,0.286,0.082,0.01,-0.12,1,0
122156,0.040,0.003,1.008,0.064,0.112,0.273,0.9919,0.0042,-0.0196,0.1255,0.192,-2.283,194.420,0.215,-1.564,2.111,0.000,0.000,0.000,0.000,2.551,2.111,-0.273,0.293,0.073,0.01,-0.11,1,0
122182,0.040,0.004,1.008,-0.020,-0.032,-0.127,0.9919,0.0044,-0.0194,0.1255,0.216,-2.271,194.420,0.108,-1.564,2.111,0.000,0.000,0.000,-0.618,2.476,2.111,-0.280,0.301,0.101,0.00,-0.11,1,0
122201,0.040,0.004,1.008,0.210,-0.042,-0.071,0.9919,0.0044,-0.0194,0.1255,0.224,-2.273,194.417,0.215,-1.564,2.111,0.000,0.000,0.000,-0.067,2.396,2.111,-0.303,0.302,0.120,-0.00,-0.11,1,0
122215,0.040,0.004,1.009,0.032,0.003,0.053,0.9919,0.0047,-0.0191,0.1255,0.242,-2.260,194.417,0.108,-1.564,2.111,0.000,0.000,0.000,-0.200,2.348,2.111,-0.293,0.291,0.114,-0.00,-0.17,1,0
122236,0.039,0.004,1.009,0.154,-0.222,0.251,0.9919,0.0042,-0.0191,0.1255,0.206,-2.228,194.423,0.108,-1.564,2.111,0.000,0.000,0.000,-0.813,2.391,2.111,-0.331,0.305,0.084,-0.01,-0.16,1,0
122264,0.039,0.004,1.008,0.101,-0.470,0.122,0.9919,0.0044,-0.0192,0.1256,0.219,-2.249,194.426,0.215,-1.564,2.111,0.000,0.000,0.000,0.060,2.310,2.111,-0.315,0.320,0.083,-0.01,-0.12,1,0
122280,0.039,0.004,1.008,0.062,-0.642,-0.049,0.9919,0.0042,-0.0191,0.1256,0.207,-2.232,194.428,0.215,-1.564,2.111,0.000,0.000,0.000,0.060,2.407,2.111,-0.272,0.351,0.103,-0.00,0.18,1,0
122296,0.039,0.004,1.008,0.063,-0.654,-0.089,0.9919,0.0043,-0.0191,0.1256,0.217,-2.239,194.426,0.215,-1.564,2.111,0.000,0.000,0.000,0.000,2.334,2.111,-0.267,0.361,0.119,0.00,0.17,1,0
122321,0.040,0.004,1.008,0.114,-0.697,-0.001,0.9919,0.0043,-0.0192,0.1256,0.208,-2.246,194.425,0.215,-1.564,2.111,0.000,0.000,0.000,-0.204,2.268,2.111,-0.278,0.344,0.119,0.01,0.18,1,0
122332,0.039,0.004,1.008,0.170,-0.754,0.088,0.9919,0.0044,-0.0191,0.1256,0.220,-2.236,194.425,0.215,-1.564,2.111,0.000,0.000,0.000,0.046,2.287,2.111,-0.277,0.357,0.109,0.01,0.36,1,0
122354,0.039,0.003,1.008,-0.047,-0.810,0.215,0.9919,0.0041,-0.0192,0.1256,0.191,-2.242,194.430,0.215,-1.564,2.111,0.000,0.000,0.000,0.136,2.364,2.111,-0.266,0.358,0.089,0.02,0.34,1,0
122366,0.040,0.004,1.008,0.042,-0.961,0.130,0.9919,0.0043,-0.0193,0.1256,0.215,-2.254,194.432,0.215,-1.564,2.111,0.000,0.000,0.000,0.000,2.388,2.111,-0.263,0.370,0.085,0.02,0.34,1,0
122383,0.040,0.004,1.008,0.058,-1.221,0.025,0.9919,0.0043,-0.0195,0.1256,0.212,-2.282,194.433,0.215,-1.564,2.111,0.000,0.000,0.000,0.000,2.487,2.111,-0.264,0.398,0.094,0.03,0.36,1,0
122816,0.045,0.005,1.009,-0.018,-1.974,-0.020,0.9918,0.0050,-0.0219,0.1257,0.256,-2.564,194.438,0.108,-1.564,2.111,0.000,0.000,0.000,0.000,3.453,2.111,-0.300,0.496,0.113,0.07,-0.03,1,0
122833,0.052,0.004,1.008,0.090,-2.390,0.148,0.9917,0.0055,-0.0251,0.1258,0.268,-2.931,194.448,0.215,-1.564,2.111,0.000,0.000,0.000,-0.313,4.754,2.111,-0.302,0.597,0.084,0.07,-0.46,1,0
122858,0.053,0.004,1.008,0.117,-2.302,-0.025,0.9917,0.0055,-0.0259,0.1258,0.252,-3.022,194.450,0.108,-1.564,2.111,0.000,0.000,0.000,-0.191,5.022,2.111,-0.313,0.615,0.103,0.06,-0.49,1,0
122883,0.054,0.004,1.008,0.054,-2.308,0.023,0.9917,0.0052,-0.0262,0.1258,0.210,-3.059,194.452,0.108,-1.564,2.111,0.000,0.000,0.000,-0.573,5.184,2.111,-0.352,0.621,0.109,0.05,-0.47,1,0
123095,0.062,0.005,1.008,0.005,-1.963,0.304,0.9916,0.0062,-0.0301,0.1259,0.268,-3.512,194.466,0.108,-1.564,2.111,0.000,0.000,0.000,-1.013,6.798,2.111,-0.348,0.642,0.076,0.03,0.16,1,0
123104,0.062,0.005,1.008,0.169,-1.936,0.267,0.9916,0.0060,-0.0301,0.1259,0.247,-3.514,194.470,0.108,-1.564,2.111,0.000,0.000,0.000,-0.766,6.803,2.111,-0.356,0.649,0.071,0.03,0.16,1,0
123116,0.063,0.004,1.008,-0.091,-1.848,0.326,0.9915,0.0059,-0.0306,0.1260,0.232,-3.564,194.475,0.215,-1.564,2.111,0.000,0.000,0.000,-0.306,6.867,2.111,-0.335,0.646,0.068,0.03,-0.02,1,0
123135,0.063,0.003,1.008,0.091,-1.727,0.101,0.9915,0.0053,-0.0308,0.1260,0.157,-3.581,194.484,0.215,-1.564,2.111,0.000,0.000,0.000,0.222,6.926,2.111,-0.278,0.631,0.078,0.03,-0.02,1,0
123156,0.063,0.003,1.008,0.414,-1.874,-0.250,0.9915,0.0057,-0.0308,0.1260,0.205,-3.581,194.478,0.215,-1.564,2.111,0.000,0.000,0.000,0.168,6.982,2.111,-0.261,0.640,0.127,0.03,-0.02,1,0
123166,0.064,0.004,1.008,0.207,-1.712,-0.186,0.9915,0.0061,-0.0311,0.1260,0.240,-3.624,194.474,0.215,-1.564,2.111,0.000,0.000,0.000,0.000,7.088,2.111,-0.266,0.635,0.138,0.03,-0.02,1,0
123182,0.064,0.004,1.008,0.266,-1.483,0.027,0.9915,0.0063,-0.0314,0.1260,0.258,-3.665,194.472,0.215,-1.564,2.111,0.000,0.000,0.000,-0.853,7.212,2.111,-0.313,0.624,0.130,0.03,-0.01,1,0
123200,0.065,0.004,1.008,0.050,-1.239,0.139,0.9915,0.0063,-0.0314,0.1260,0.267,-3.667,194.473,0.215,-1.564,2.111,0.000,0.000,0.000,-0.874,7.296,2.111,-0.324,0.596,0.105,0.03,0.10,1,0
123218,0.065,0.004,1.008,-0.137,-1.393,0.125,0.9915,0.0060,-0.0319,0.1260,0.222,-3.709,194.479,0.215,-1.564,2.111,0.000,0.000,0.000,0.060,7.407,2.111,-0.291,0.601,0.093,0.04,0.09,1,0
123234,0.066,0.004,1.008,-0.148,-1.425,0.268,0.9915,0.0062,-0.0323,0.1260,0.241,-3.760,194.481,0.215,-1.564,2.111,0.000,0.000,0.000,-0.077,7.562,2.111,-0.264,0.624,0.085,0.04,0.09,1,0
123246,0.066,0.004,1.008,-0.002,-1.233,0.303,0.9915,0.0060,-0.0325,0.1261,0.212,-3.781,194.486,0.215,-1.564,2.111,0.000,0.000,0.000,-0.098,7.681,2.111,-0.264,0.626,0.074,0.04,0.09,1,0
123266,0.067,0.004,1.008,0.083,-1.128,-0.001,0.9915,0.0062,-0.0326,0.1261,0.239,-3.794,194.487,0.215,-1.564,2.111,0.000,0.000,0.000,0.000,7.788,2.111,-0.269,0.618,0.087,0.04,0.08,1,0
123282,0.067,0.004,1.008,0.166,-1.043,0.060,0.9914,0.0063,-0.0330,0.1261,0.239,-3.846,194.488,0.215,-1.564,2.111,0.000,0.000,0.000,-0.179,7.946,2.111,-0.290,0.617,0.102,0.04,0.08,1,0
123304,0.068,0.003,1.008,0.253,-0.887,-0.032,0.9914,0.0058,-0.0331,0.1261,0.178,-3.853,194.493,0.215,-1.564,2.111,0.000,0.000,0.000,0.093,7.956,2.111,-0.302,0.601,0.107,0.05,0.13,1,0
123316,0.068,0.003,1.008,0.132,-0.839,-0.145,0.9914,0.0059,-0.0331,0.1261,0.197,-3.852,194.491,0.215,-1.564,2.111,0.000,0.000,0.000,0.222,8.011,2.111,-0.292,0.598,0.119,0.06,0.65,1,0
123336,0.069,0.004,1.009,0.010,-0.739,0.067,0.9914,0.0061,-0.0334,0.1261,0.212,-3.889,194.489,0.215,-1.564,2.111,0.000,0.000,0.000,0.068,8.196,2.111,-0.276,0.596,0.120,0.07,0.62,1,0
123356,0.069,0.003,1.009,0.041,-0.586,0.006,0.9914,0.0059,-0.0337,0.1261,0.186,-3.918,194.492,0.108,-1.564,2.111,0.000,0.000,0.000,0.269,8.158,2.111,-0.267,0.586,0.110,0.08,0.55,1,0
123385,0.070,0.004,1.009,0.131,-0.578,0.343,0.9914,0.0066,-0.0341,0.1261,0.257,-3.973,194.492,0.215,-1.564,2.111,0.000,0.000,0.000,-0.120,8.342,2.111,-0.284,0.585,0.078,0.09,0.17,1,0
123822,0.067,0.003,1.008,-0.075,1.598,0.086,0.9914,0.0056,-0.0329,0.1262,0.165,-3.827,194.508,0.108,-1.564,2.111,0.000,0.000,0.000,-0.406,7.828,2.111,-0.318,0.396,0.074,0.07,0.17,1,0
123836,0.067,0.003,1.008,-0.007,1.674,-0.002,0.9914,0.0058,-0.0329,0.1262,0.182,-3.820,194.507,0.108,-1.564,2.111,0.000,0.000,0.000,-0.427,7.832,2.111,-0.313,0.400,0.086,0.06,-0.49,1,0
123856,0.067,0.004,1.008,-0.023,1.833,0.031,0.9914,0.0061,-0.0324,0.1262,0.229,-3.777,194.504,0.215,-1.564,2.111,0.000,0.000,0.000,0.046,7.724,2.111,-0.305,0.399,0.096,0.05,-0.46,1,0
123872,0.066,0.004,1.008,-0.024,1.931,0.032,0.9915,0.0060,-0.0321,0.1262,0.220,-3.733,194.505,0.215,-1.564,2.111,0.000,0.000,0.000,0.041,7.682,2.111,-0.290,0.390,0.097,0.05,-0.46,1,0
123886,0.066,0.004,1.009,0.086,2.127,0.090,0.9915,0.0063,-0.0319,0.1262,0.258,-3.722,194.504,0.215,-1.564,2.111,0.000,0.000,0.000,-0.223,7.602,2.111,-0.295,0.363,0.095,0.04,-0.46,1,0
124103,0.063,0.002,1.010,0.105,-7.844,-0.420,0.9915,0.0055,-0.0308,0.1262,0.179,-3.584,194.502,0.108,-1.564,2.111,0.000,0.000,0.000,-0.516,7.026,2.111,-0.308,0.767,0.211,-0.03,-0.47,1,0
124122,0.063,-0.000,1.009,-0.140,-8.872,0.742,0.9915,0.0040,-0.0313,0.1263,0.003,-3.611,194.519,0.215,-1.564,2.111,0.000,0.000,0.000,0.492,7.171,2.111,-0.242,0.813,0.094,-0.03,-0.45,1,0
124136,0.064,0.002,1.008,-0.026,-8.745,1.079,0.9915,0.0049,-0.0315,0.1264,0.095,-3.656,194.526,0.215,-1.564,2.111,0.000,0.000,0.000,1.095,7.135,2.111,-0.169,0.838,0.009,-0.03,-0.37,1,0
124164,0.065,0.015,1.008,0.066,-8.083,0.135,0.9914,0.0078,-0.0327,0.1265,0.410,-3.827,194.526,0.215,-1.564,2.111,0.000,0.000,0.000,-0.706,7.773,2.111,-0.212,0.874,0.021,-0.03,0.18,1,0
124185,0.067,0.017,1.009,0.754,-7.713,-0.728,0.9914,0.0099,-0.0333,0.1263,0.646,-3.931,194.501,0.215,-1.564,2.111,0.000,0.000,0.000,-2.013,8.174,2.111,-0.348,0.892,0.149,-0.03,0.18,1,0
124200,0.068,0.009,1.009,1.009,-6.527,-0.830,0.9914,0.0100,-0.0333,0.1262,0.662,-3.927,194.486,0.215,-1.564,2.111,0.000,0.000,0.000,-2.604,8.228,2.111,-0.445,0.830,0.219,-0.02,0.17,1,0
124217,0.069,0.002,1.008,0.096,-4.432,-0.254,0.9914,0.0086,-0.0339,0.1262,0.490,-3.976,194.488,0.215,-1.564,2.111,0.000,0.000,0.000,-2.027,8.343,2.111,-0.468,0.643,0.209,-0.02,0.14,1,0
124236,0.071,-0.006,1.007,-0.045,-1.671,0.219,0.9914,0.0067,-0.0345,0.1263,0.258,-4.024,194.506,0.215,-1.564,2.111,0.000,0.000,0.000,-0.627,8.541,2.111,-0.351,0.343,0.117,-0.03,-0.08,1,0
124264,0.073,-0.001,1.009,0.280,2.878,-0.752,0.9914,0.0043,-0.0354,0.1263,-0.018,-4.084,194.516,0.108,-1.564,2.111,0.000,0.000,0.000,0.521,8.654,2.111,-0.246,0.012,0.168,-0.03,-0.07,1,0
124283,0.074,0.004,1.008,0.427,4.941,-0.867,0.9914,0.0057,-0.0355,0.1261,0.141,-4.115,194.492,0.215,-1.564,2.111,0.000,0.000,0.000,0.515,8.885,2.111,-0.229,-0.139,0.205,-0.03,-0.05,1,0
124296,0.073,0.004,1.009,0.628,7.404,-0.945,0.9914,0.0066,-0.0356,0.1259,0.242,-4.140,194.471,0.215,-1.564,2.111,0.000,0.000,0.000,-0.156,8.914,2.111,-0.248,-0.268,0.227,-0.02,0.12,1,0
124315,0.073,0.004,1.010,-0.474,10.238,-0.087,0.9914,0.0062,-0.0350,0.1259,0.204,-4.070,194.464,0.108,-1.564,2.111,0.000,0.000,0.000,-0.638,8.726,2.111,-0.247,-0.389,0.174,-0.02,0.12,1,0
124326,0.073,0.002,1.009,-0.902,11.413,0.630,0.9914,0.0055,-0.0349,0.1259,0.126,-4.054,194.474,0.108,-1.564,2.111,0.000,0.000,0.000,-0.361,8.722,2.111,-0.231,-0.459,0.087,-0.02,0.12,1,0
124346,0.072,0.003,1.008,-0.519,12.400,0.839,0.9914,0.0059,-0.0347,0.1260,0.175,-4.031,194.484,0.215,-1.564,2.111,0.000,0.000,0.000,0.270,8.633,2.111,-0.202,-0.549,-0.010,-0.02,0.11,1,0
124367,0.070,0.002,1.009,-1.174,12.131,1.177,0.9914,0.0051,-0.0340,0.1262,0.093,-3.938,194.510,0.108,-1.564,2.111,0.000,0.000,0.000,-0.231,8.409,2.111,-0.160,-0.579,-0.063,-0.02,0.13,1,0
124386,0.067,-0.003,1.009,-0.546,9.692,0.943,0.9914,0.0030,-0.0329,0.1265,-0.139,-3.786,194.547,0.215,-1.564,2.111,0.000,0.000,0.000,0.971,7.952,2.111,-0.149,-0.365,-0.070,-0.01,0.13,1,0
124803,0.034,-0.001,1.007,0.033,-0.438,0.191,0.9917,0.0016,-0.0168,0.1270,-0.062,-1.930,194.601,0.215,-1.564,2.111,0.000,0.000,0.000,1.340,1.363,2.111,-0.261,0.358,0.049,0.08,0.13,1,0
124824,0.033,0.000,1.008,0.123,-0.007,0.148,0.9918,0.0023,-0.0161,0.1270,0.024,-1.865,194.600,0.108,-1.564,2.111,0.000,0.000,0.000,0.543,1.155,2.111,-0.210,0.294,0.074,0.08,0.01,1,0
124843,0.032,0.001,1.008,0.640,0.452,0.172,0.9918,0.0025,-0.0157,0.1271,0.054,-1.819,194.602,0.215,-1.564,2.111,0.000,0.000,0.000,0.964,0.968,2.111,-0.282,0.221,0.074,0.08,0.01,1,0
124858,0.031,0.002,1.008,0.271,1.026,0.169,0.9918,0.0027,-0.0154,0.1271,0.086,-1.793,194.603,0.215,-1.564,2.111,0.000,0.000,0.000,0.768,0.914,2.111,-0.271,0.146,0.076,0.08,0.01,1,0
124872,0.032,0.002,1.008,-0.008,1.225,0.280,0.9918,0.0030,-0.0153,0.1271,0.115,-1.784,194.604,0.215,-1.564,2.111,0.000,0.000,0.000,0.596,0.774,2.111,-0.260,0.111,0.073,0.08,0.01,1,0
124887,0.031,0.001,1.008,-0.269,1.486,0.738,0.9917,0.0023,-0.0154,0.1272,0.033,-1.784,194.621,0.108,-1.564,2.111,0.000,0.000,0.000,0.417,0.642,2.111,-0.234,0.013,0.019,0.08,0.01,1,0
125102,0.027,0.003,1.006,0.149,0.505,0.186,0.9916,0.0031,-0.0130,0.1288,0.161,-1.518,194.798,0.215,-1.564,2.111,0.000,0.000,0.000,0.553,-0.130,2.111,-0.204,0.295,0.126,0.12,-0.16,1,0
125113,0.027,0.004,1.006,0.203,0.570,0.250,0.9916,0.0035,-0.0128,0.1288,0.207,-1.508,194.798,0.215,-1.564,2.111,0.000,0.000,0.000,0.553,-0.130,2.111,-0.208,0.291,0.133,0.12,-0.16,1,0
125136,0.025,0.004,1.007,0.511,-0.184,0.228,0.9916,0.0036,-0.0120,0.1289,0.236,-1.423,194.806,0.215,-1.564,2.111,0.000,0.000,0.000,-0.860,-0.536,2.111,-0.313,0.292,0.141,0.11,-0.13,1,0
125155,0.025,0.004,1.007,0.404,-0.237,-0.052,0.9916,0.0035,-0.0119,0.1289,0.217,-1.408,194.808,0.215,-1.564,2.111,0.000,0.000,0.000,-0.066,-0.672,2.111,-0.312,0.322,0.163,0.11,-0.12,1,0
125167,0.024,0.004,1.007,0.186,-0.164,-0.067,0.9916,0.0038,-0.0116,0.1289,0.260,-1.373,194.806,0.108,-1.564,2.111,0.000,0.000,0.000,0.000,-0.588,2.111,-0.292,0.315,0.175,0.11,-0.12,1,0
125186,0.024,0.003,1.006,0.224,0.105,-0.024,0.9916,0.0028,-0.0115,0.1289,0.149,-1.345,194.809,0.215,-1.564,2.111,0.000,0.000,0.000,-0.572,-0.711,2.111,-0.299,0.278,0.164,0.11,-0.12,1,0
125200,0.023,0.002,1.007,0.805,0.149,-0.285,0.9916,0.0024,-0.0113,0.1289,0.104,-1.322,194.808,0.215,-1.564,2.111,0.000,0.000,0.000,0.568,-0.841,2.111,-0.290,0.244,0.177,0.11,-0.12,1,0
125223,0.023,0.002,1.007,1.065,0.100,-0.140,0.9916,0.0023,-0.0114,0.1288,0.098,-1.329,194.803,0.215,-1.564,2.111,0.000,0.000,0.000,0.703,-0.743,2.111,-0.284,0.227,0.178,0.10,-0.20,1,0
125242,0.023,-0.000,1.007,1.624,-0.008,-0.009,0.9916,0.0012,-0.0114,0.1288,-0.035,-1.313,194.806,0.215,-1.564,2.111,0.000,0.000,0.000,1.292,-0.858,2.111,-0.303,0.239,0.154,0.10,-0.19,1,0
125257,0.023,0.000,1.008,1.384,-0.123,-0.018,0.9916,0.0018,-0.0115,0.1288,0.030,-1.334,194.804,0.108,-1.564,2.111,0.000,0.000,0.000,1.410,-0.930,2.111,-0.280,0.241,0.143,0.09,-0.19,1,0
125276,0.023,0.002,1.008,1.497,-0.055,0.040,0.9916,0.0026,-0.0110,0.1288,0.138,-1.287,194.803,0.108,-1.564,2.111,0.000,0.000,0.000,0.727,-0.882,2.111,-0.314,0.252,0.124,0.09,-0.23,1,0
125302,0.023,0.003,1.007,1.782,0.462,-0.222,0.9916,0.0031,-0.0110,0.1288,0.195,-1.295,194.801,0.215,-1.564,2.111,0.000,0.000,0.000,-0.371,-0.924,2.111,-0.415,0.209,0.134,0.08,-0.22,1,0
125307,0.023,0.004,1.008,1.449,0.560,-0.208,0.9916,0.0037,-0.0109,0.1288,0.254,-1.291,194.798,0.108,-1.564,2.111,0.000,0.000,0.000,0.000,-0.908,2.111,-0.420,0.180,0.142,0.08,-0.22,1,0
125323,0.023,0.003,1.008,1.112,0.150,0.177,0.9916,0.0027,-0.0113,0.1288,0.141,-1.319,194.801,0.215,-1.564,2.111,0.000,0.000,0.000,0.223,-0.881,2.111,-0.403,0.193,0.120,0.09,-0.15,1,0
125344,0.024,0.003,1.007,0.193,0.265,0.268,0.9916,0.0031,-0.0114,0.1288,0.182,-1.337,194.804,0.215,-1.564,2.111,0.000,0.000,0.000,0.404,-0.942,2.111,-0.311,0.203,0.088,0.09,0.36,1,0
125362,0.024,0.003,1.008,0.063,0.502,0.112,0.9916,0.0032,-0.0114,0.1289,0.190,-1.342,194.808,0.215,-1.564,2.111,0.000,0.000,0.000,-0.454,-0.738,2.111,-0.258,0.200,0.086,0.10,0.34,1,0
125382,0.022,0.002,1.009,0.008,1.435,0.143,0.9916,0.0022,-0.0106,0.1289,0.094,-1.234,194.813,0.215,-1.564,2.111,0.000,0.000,0.000,0.552,-1.119,2.111,-0.235,0.109,0.093,0.10,0.26,1,0
125396,0.021,0.001,1.010,-0.553,1.776,0.293,0.9916,0.0016,-0.0103,0.1289,0.026,-1.196,194.816,0.215,-1.564,2.111,0.000,0.000,0.000,0.922,-1.283,2.111,-0.156,0.008,0.081,0.09,-0.32,1,0
125803,0.041,0.028,1.019,2.311,-7.805,0.395,0.9917,0.0162,-0.0182,0.1260,1.581,-2.305,194.448,0.108,-1.564,2.111,0.000,0.000,0.000,-7.597,2.478,2.111,-0.497,0.893,0.008,0.09,-0.19,1,0
125822,0.043,0.028,1.017,1.268,-6.694,0.610,0.9917,0.0163,-0.0195,0.1261,1.575,-2.454,194.454,0.215,-1.564,2.111,0.000,0.000,0.000,-7.557,3.011,2.111,-0.453,0.827,0.056,0.09,-0.18,1,0
125844,0.045,0.024,1.015,-0.763,-5.391,1.767,0.9917,0.0147,-0.0206,0.1263,1.377,-2.552,194.487,0.108,-1.564,2.111,0.000,0.000,0.000,-7.450,3.441,2.111,-0.356,0.676,-0.038,0.09,-0.12,1,0
125878,0.047,0.020,1.006,-2.470,-3.344,2.847,0.9916,0.0127,-0.0221,0.1270,1.125,-2.691,194.570,0.108,-1.564,2.111,0.000,0.000,0.000,-5.060,4.108,2.111,-0.080,0.488,-0.205,0.10,0.28,1,0
125894,0.046,0.021,1.010,-1.996,-3.145,2.959,0.9916,0.0130,-0.0216,0.1272,1.165,-2.648,194.590,0.108,-1.564,2.287,0.000,0.000,0.000,-5.727,3.894,2.111,-0.066,0.431,-0.230,0.11,0.28,1,0
125906,0.047,0.022,1.006,-0.731,-2.158,3.152,0.9915,0.0137,-0.0220,0.1277,1.234,-2.705,194.646,0.215,-1.564,2.111,0.000,0.000,0.000,-5.754,4.148,2.111,-0.188,0.317,-0.248,0.12,0.30,1,0
126134,0.040,0.020,0.994,-0.428,5.510,0.944,0.9905,0.0127,-0.0185,0.1356,1.150,-2.299,195.569,0.108,-1.564,2.111,0.000,0.000,0.000,-6.057,2.504,2.111,-0.568,-0.431,0.327,0.16,-0.31,1,0
126152,0.039,0.019,0.996,0.280,5.561,0.635,0.9905,0.0123,-0.0181,0.1357,1.112,-2.243,195.581,0.215,-1.564,2.111,0.000,0.000,0.000,-5.628,2.534,2.111,-0.618,-0.399,0.354,0.16,-0.31,1,0
126182,0.037,0.018,1.002,1.199,3.801,0.245,0.9905,0.0114,-0.0168,0.1359,1.036,-2.090,195.602,0.215,-1.564,2.111,0.000,0.000,0.000,-4.652,1.878,2.111,-0.692,-0.135,0.368,0.15,-0.26,1,0
126196,0.037,0.018,1.004,1.419,3.669,0.178,0.9905,0.0111,-0.0171,0.1359,0.993,-2.117,195.605,0.215,-1.564,2.111,0.000,0.000,0.000,-4.503,1.798,2.111,-0.717,-0.039,0.369,0.15,-0.09,1,0
126216,0.039,0.019,1.006,1.847,2.090,-0.702,0.9905,0.0120,-0.0177,0.1358,1.088,-2.200,195.595,0.215,-1.564,2.111,0.000,0.000,0.000,-4.480,2.156,2.111,-0.733,0.165,0.400,0.15,-0.09,1,0
126234,0.039,0.020,1.011,3.517,1.084,-1.037,0.9905,0.0123,-0.0178,0.1357,1.119,-2.215,195.580,0.215,-1.564,2.111,0.000,0.000,0.000,-5.099,2.196,2.111,-0.777,0.303,0.430,0.15,-0.06,1,0
126252,0.040,0.017,1.011,3.333,0.149,-0.947,0.9905,0.0117,-0.0183,0.1356,1.048,-2.258,195.566,0.108,-1.564,2.111,0.000,0.000,0.000,-5.418,2.378,2.111,-0.814,0.419,0.420,0.15,0.17,1,0
126264,0.039,0.016,1.015,3.055,-0.418,-0.804,0.9905,0.0109,-0.0180,0.1355,0.959,-2.208,195.561,0.108,-1.564,2.111,0.000,0.000,0.000,-4.384,2.362,2.111,-0.816,0.486,0.386,0.15,0.17,1,0
126282,0.039,0.016,1.016,3.040,-1.301,-0.379,0.9906,0.0103,-0.0180,0.1355,0.896,-2.205,195.556,0.108,-1.564,2.111,0.000,0.000,0.000,-4.428,2.296,2.111,-0.794,0.562,0.317,0.16,0.16,1,0
126304,0.038,0.015,1.016,2.987,-2.291,-0.022,0.9906,0.0100,-0.0175,0.1355,0.866,-2.145,195.556,0.108,-1.564,2.111,0.000,0.000,0.000,-4.434,2.047,2.111,-0.796,0.657,0.207,0.16,0.14,1,0
126316,0.037,0.016,1.018,3.043,-2.438,-0.051,0.9906,0.0103,-0.0170,0.1354,0.903,-2.090,195.555,0.108,-1.564,2.111,0.000,0.000,0.000,-4.256,2.018,2.111,-0.799,0.689,0.182,0.16,-0.02,1,0
126331,0.037,0.015,1.017,2.547,-2.801,-0.019,0.9906,0.0101,-0.0172,0.1354,0.879,-2.107,195.556,0.215,-1.564,2.111,0.000,0.000,0.000,-3.706,1.894,2.111,-0.813,0.696,0.164,0.16,-0.02,1,0
126344,0.038,0.014,1.015,1.490,-2.940,-0.035,0.9906,0.0092,-0.0178,0.1355,0.769,-2.168,195.560,0.215,-1.564,2.111,0.000,0.000,0.000,-3.307,1.936,2.111,-0.707,0.724,0.147,0.16,-0.02,1,0
126361,0.038,0.014,1.014,0.452,-2.247,-0.066,0.9906,0.0092,-0.0178,0.1355,0.771,-2.167,195.559,0.215,-1.564,2.111,0.000,0.000,0.000,-3.120,2.012,2.111,-0.567,0.685,0.145,0.16,-0.01,1,0
126387,0.038,0.015,1.012,-0.316,-1.642,0.044,0.9906,0.0100,-0.0173,0.1354,0.861,-2.124,195.554,0.215,-1.564,2.287,0.000,0.000,0.000,-3.922,2.161,2.287,-0.464,0.561,0.138,0.16,0.04,1,0
126403,0.038,0.015,1.009,-0.870,-1.141,0.089,0.9906,0.0099,-0.0177,0.1354,0.848,-2.168,195.555,0.215,-1.564,2.287,0.000,0.000,0.000,-3.538,2.181,2.111,-0.437,0.477,0.131,0.16,0.03,1,0
126426,0.039,0.016,1.006,-1.462,-0.397,0.295,0.9906,0.0104,-0.0180,0.1355,0.904,-2.204,195.556,0.215,-1.564,2.111,0.000,0.000,0.000,-3.662,2.190,2.111,-0.387,0.358,0.090,0.16,0.03,1,0
127236,0.033,0.025,1.005,-2.691,0.434,2.603,0.9885,0.0145,-0.0141,0.1500,1.407,-1.847,197.230,0.215,-1.564,2.111,0.000,0.000,0.000,-6.877,1.179,2.111,-0.610,0.412,-0.068,0.09,0.35,1,0
127460,0.033,0.016,1.011,-2.341,-2.473,0.666,0.9881,0.0101,-0.0148,0.1525,0.883,-1.853,197.530,0.215,-1.564,2.111,0.000,0.000,0.000,-4.450,0.924,2.111,-0.580,0.566,0.193,0.22,0.36,1,0
127472,0.033,0.013,1.010,-1.279,-3.048,0.424,0.9881,0.0089,-0.0151,0.1526,0.746,-1.869,197.543,0.108,-1.564,2.111,0.000,0.000,0.000,-3.687,1.006,2.111,-0.628,0.636,0.140,0.22,0.27,1,0
127482,0.033,0.013,1.009,-1.062,-3.126,0.282,0.9881,0.0089,-0.0154,0.1526,0.738,-1.901,197.544,0.215,-1.564,2.111,0.000,0.000,0.000,-3.687,1.006,2.111,-0.634,0.643,0.141,0.22,0.27,1,0
127497,0.034,0.011,1.009,-1.323,-3.634,-0.228,0.9881,0.0082,-0.0158,0.1526,0.654,-1.936,197.546,0.108,-1.564,2.111,0.000,0.000,0.000,-3.267,1.083,2.111,-0.626,0.708,0.180,0.21,-0.40,1,0
127526,0.035,0.010,1.008,-0.859,-4.006,-1.964,0.9882,0.0078,-0.0163,0.1523,0.603,-1.980,197.512,0.215,-1.564,2.111,0.000,0.000,0.000,-1.793,1.346,2.111,-0.594,0.773,0.352,0.20,-0.38,1,0
127540,0.035,0.011,1.008,-1.010,-4.081,-2.694,0.9882,0.0082,-0.0164,0.1520,0.642,-1.994,197.481,0.215,-1.564,2.111,0.000,0.000,0.000,-2.195,1.472,2.111,-0.572,0.783,0.426,0.19,-0.41,1,0
127560,0.035,0.011,1.010,-0.885,-4.097,-3.349,0.9883,0.0077,-0.0166,0.1515,0.589,-2.017,197.426,0.215,-1.564,2.111,0.000,0.000,0.000,-2.922,1.498,2.111,-0.605,0.766,0.521,0.18,-0.81,1,0
127578,0.035,0.007,1.010,-1.431,-3.512,-3.671,0.9884,0.0061,-0.0166,0.1509,0.400,-1.985,197.354,0.108,-1.564,2.111,0.000,0.000,0.000,-2.134,1.634,2.111,-0.559,0.709,0.576,0.16,-0.77,1,0
127595,0.036,0.006,1.008,-0.240,-3.720,-3.349,0.9885,0.0054,-0.0172,0.1504,0.318,-2.039,197.299,0.108,-1.564,2.111,0.000,0.000,0.000,-1.173,1.651,2.111,-0.544,0.668,0.555,0.16,-0.59,1,0
127615,0.036,0.007,1.008,-0.068,-3.262,-2.564,0.9885,0.0062,-0.0172,0.1499,0.406,-2.050,197.237,0.215,-1.564,2.111,0.000,0.000,0.000,-0.858,1.516,2.111,-0.563,0.617,0.448,0.17,0.64,1,0
127640,0.039,0.010,1.009,0.852,-2.561,-1.405,0.9886,0.0078,-0.0185,0.1494,0.566,-2.230,197.182,0.215,-1.564,2.111,0.000,0.000,0.000,-1.973,2.229,2.111,-0.629,0.523,0.236,0.19,0.61,1,0
127657,0.041,0.009,1.008,0.435,-1.890,-0.866,0.9886,0.0076,-0.0194,0.1493,0.531,-2.332,197.166,0.215,-1.564,2.111,0.000,0.000,0.000,-1.897,2.545,2.111,-0.676,0.485,0.133,0.20,0.58,1,0
127674,0.040,0.005,1.007,-0.651,-0.418,-0.268,0.9886,0.0059,-0.0193,0.1493,0.341,-2.293,197.164,0.215,-1.564,2.111,0.000,0.000,0.000,-1.100,2.553,2.111,-0.613,0.356,0.029,0.20,0.51,1,0
127692,0.041,0.002,1.009,-1.134,-0.244,0.364,0.9886,0.0042,-0.0198,0.1493,0.136,-2.318,197.174,0.215,-1.564,2.111,0.000,0.000,0.000,0.180,2.686,2.111,-0.481,0.256,-0.061,0.20,0.10,1,0
127712,0.040,-0.000,1.010,-0.954,0.069,1.175,0.9886,0.0028,-0.0196,0.1495,-0.014,-2.267,197.195,0.215,-1.564,2.111,0.000,0.000,0.000,1.340,2.391,2.111,-0.326,0.209,-0.149,0.21,0.10,1,0
127722,0.039,0.001,1.009,-0.707,0.255,1.680,0.9886,0.0035,-0.0191,0.1496,0.073,-2.224,197.206,0.215,-1.564,2.111,0.000,0.000,0.000,0.951,2.421,2.111,-0.292,0.183,-0.203,0.21,0.10,1,0
127744,0.037,-0.000,1.009,0.459,1.487,1.817,0.9885,0.0027,-0.0181,0.1499,-0.003,-2.099,197.250,0.215,-1.564,2.111,0.000,0.000,0.000,1.097,2.091,2.111,-0.356,0.074,-0.268,0.21,0.12,1,0
128202,0.002,0.006,1.007,0.508,13.998,-0.259,0.9887,0.0031,-0.0001,0.1502,0.347,-0.066,197.273,0.215,-1.564,2.111,0.000,0.000,0.000,-1.505,-5.145,2.111,-0.654,-0.834,0.156,0.31,0.04,1,0
128234,-0.002,0.004,1.005,0.506,14.155,0.011,0.9887,0.0019,0.0016,0.1502,0.248,0.150,197.273,0.215,-1.564,2.111,0.000,0.000,0.000,-0.234,-5.826,2.111,-0.630,-0.870,0.110,0.31,0.25,1,0
128247,-0.007,0.004,1.006,0.204,13.820,0.293,0.9886,0.0015,0.0040,0.1502,0.244,0.429,197.277,0.108,-1.564,2.111,0.000,0.000,0.000,-0.886,-6.728,2.111,-0.592,-0.893,0.073,0.32,0.24,1,0
128427,-0.026,0.007,1.003,-0.085,-6.173,0.135,0.9886,0.0010,0.0123,0.1501,0.321,1.376,197.274,0.108,-1.564,2.111,0.000,0.000,0.000,-0.249,-10.212,2.111,-0.472,0.000,0.087,0.36,-0.07,1,0
128455,-0.026,0.009,1.004,0.024,-5.300,0.458,0.9886,0.0024,0.0133,0.1502,0.499,1.465,197.287,0.215,-1.564,2.111,0.000,0.000,0.000,-1.540,-10.463,2.111,-0.595,-0.151,0.034,0.35,-0.10,1,0
128472,-0.026,0.006,1.005,0.004,-5.094,0.440,0.9886,0.0013,0.0130,0.1502,0.376,1.447,197.289,0.108,-1.564,2.111,0.000,0.000,0.000,-1.394,-10.603,2.111,-0.622,-0.206,0.024,0.35,-0.10,1,0
128490,-0.025,0.004,1.004,-0.448,-4.558,0.255,0.9886,0.0004,0.0124,0.1503,0.255,1.399,197.292,0.108,-1.564,2.111,0.000,0.000,0.000,-0.822,-10.343,2.111,-0.599,-0.247,0.049,0.34,-0.37,1,0
128514,-0.024,0.004,1.004,-0.215,-4.390,0.208,0.9886,0.0004,0.0121,0.1503,0.253,1.362,197.296,0.108,-1.564,2.111,0.000,0.000,0.000,-0.746,-10.198,2.111,-0.566,-0.232,0.060,0.33,-0.37,1,0
128526,-0.024,0.006,1.004,0.295,-3.773,-0.096,0.9886,0.0013,0.0121,0.1503,0.352,1.349,197.299,0.108,-1.564,2.111,0.000,0.000,0.000,-1.240,-10.207,2.111,-0.588,-0.246,0.090,0.33,-0.31,1,0
128543,-0.022,0.008,1.005,0.373,-3.140,-0.213,0.9886,0.0024,0.0116,0.1503,0.469,1.274,197.298,0.108,-1.564,2.111,0.000,0.000,0.000,-1.918,-9.980,2.111,-0.637,-0.291,0.127,0.33,0.03,1,0
128555,-0.022,0.009,1.004,0.239,-2.737,-0.047,0.9886,0.0025,0.0115,0.1503,0.487,1.260,197.296,0.108,-1.564,2.111,0.000,0.000,0.000,-1.727,-9.861,2.111,-0.677,-0.305,0.127,0.33,0.03,1,0
128572,-0.021,0.007,1.004,0.330,-2.205,-0.171,0.9886,0.0020,0.0109,0.1503,0.417,1.201,197.293,0.215,-1.564,2.111,0.000,0.000,0.000,-1.137,-9.665,2.111,-0.703,-0.321,0.126,0.33,-0.03,1,0
128592,-0.020,0.007,1.004,0.103,-1.641,-0.048,0.9886,0.0018,0.0105,0.1503,0.385,1.162,197.290,0.215,-1.564,2.111,0.000,0.000,0.000,-0.961,-9.576,2.111,-0.656,-0.337,0.128,0.32,-0.03,1,0
128616,-0.020,0.006,1.004,-0.189,-0.805,0.455,0.9886,0.0016,0.0099,0.1504,0.357,1.096,197.300,0.108,-1.564,2.287,0.000,0.000,0.000,-1.413,-9.383,2.287,-0.619,-0.369,0.065,0.31,-0.52,1,0
128636,-0.019,0.007,1.005,-0.072,-0.200,0.124,0.9886,0.0023,0.0101,0.1504,0.430,1.102,197.306,0.108,-1.564,2.111,0.000,0.000,0.000,-1.478,-9.225,2.111,-0.626,-0.397,0.081,0.31,-0.41,1,0
128654,-0.018,0.009,1.004,0.125,0.121,0.010,0.9886,0.0030,0.0096,0.1504,0.508,1.035,197.308,0.215,-1.564,2.111,0.000,0.000,0.000,-2.191,-9.146,2.287,-0.648,-0.415,0.101,0.31,0.29,1,0
128667,-0.018,0.010,1.004,0.335,0.577,0.020,0.9886,0.0034,0.0097,0.1504,0.547,1.038,197.309,0.215,-1.564,2.111,0.000,0.000,0.000,-2.381,-9.071,2.111,-0.694,-0.415,0.117,0.31,0.29,1,0
128683,-0.018,0.009,1.005,0.168,1.216,-0.054,0.9886,0.0031,0.0095,0.1504,0.512,1.019,197.308,0.215,-1.564,2.111,0.000,0.000,0.000,-1.712,-9.008,2.111,-0.698,-0.446,0.118,0.32,0.27,1,0
128713,-0.018,0.007,1.005,0.277,2.115,0.093,0.9886,0.0019,0.0094,0.1504,0.374,1.029,197.306,0.215,-1.564,2.111,0.000,0.000,0.000,-1.056,-9.030,2.111,-0.673,-0.520,0.110,0.33,0.23,1,0
128736,-0.018,0.006,1.004,0.034,2.937,-0.036,0.9886,0.0018,0.0092,0.1504,0.367,1.006,197.307,0.108,-1.564,2.111,0.000,0.000,0.000,-1.383,-8.987,2.111,-0.626,-0.565,0.108,0.33,0.04,1,0
128760,-0.018,0.008,1.004,0.197,3.583,-0.116,0.9886,0.0027,0.0094,0.1504,0.470,1.023,197.307,0.215,-1.564,2.111,0.000,0.000,0.000,-1.322,-9.056,2.111,-0.647,-0.612,0.120,0.33,0.04,1,0
129182,-0.026,0.010,1.004,-0.073,1.024,0.297,0.9885,0.0021,0.0132,0.1508,0.466,1.462,197.353,0.108,-1.564,2.111,0.000,0.000,0.000,-1.146,-10.541,2.111,-0.519,-0.481,0.058,0.38,0.37,1,0
129200,-0.026,0.012,1.005,-0.007,2.502,0.004,0.9885,0.0034,0.0136,0.1508,0.625,1.480,197.359,0.108,-1.564,2.111,0.000,0.000,0.000,-2.382,-10.580,2.111,-0.583,-0.549,0.096,0.38,0.43,1,0
129222,-0.025,0.014,1.002,0.419,4.323,-0.383,0.9885,0.0047,0.0140,0.1508,0.779,1.498,197.358,0.215,-1.564,2.111,0.000,0.000,0.000,-3.659,-10.753,2.111,-0.666,-0.639,0.165,0.39,0.40,1,0
129236,-0.026,0.010,1.004,-0.053,4.565,-0.105,0.9885,0.0036,0.0138,0.1508,0.647,1.502,197.352,0.215,-1.564,2.111,0.000,0.000,0.000,-2.794,-10.581,2.111,-0.690,-0.693,0.167,0.40,0.36,1,0
129255,-0.027,0.001,1.005,0.129,4.173,-0.093,0.9885,0.0016,0.0140,0.1507,0.423,1.555,197.345,0.215,-1.564,2.111,0.000,0.000,0.000,-1.536,-10.830,2.111,-0.651,-0.697,0.145,0.40,0.10,1,0
129273,-0.026,0.001,1.003,0.312,3.634,-0.271,0.9885,-0.0002,0.0142,0.1507,0.224,1.610,197.337,0.215,-1.564,2.111,0.000,0.000,0.000,-0.760,-11.090,2.111,-0.580,-0.618,0.149,0.40,0.10,1,0
129486,-0.036,0.007,1.001,0.224,-1.788,0.694,0.9885,0.0007,0.0180,0.1501,0.390,2.032,197.279,0.215,-1.564,2.111,0.000,0.000,0.000,-1.035,-12.554,2.287,-0.638,0.087,0.019,0.28,0.00,1,0
129498,-0.036,0.005,1.001,-0.326,-1.596,0.794,0.9885,-0.0000,0.0181,0.1502,0.311,2.056,197.283,0.215,-1.564,2.111,0.000,0.000,0.000,-1.020,-12.617,2.111,-0.634,0.104,0.007,0.28,-0.02,1,0
129514,-0.036,0.004,1.002,-1.114,-1.017,0.772,0.9885,-0.0006,0.0182,0.1503,0.245,2.071,197.296,0.215,-1.564,2.111,0.000,0.000,0.000,-0.068,-12.727,2.111,-0.532,0.036,-0.009,0.28,-0.18,1,0
129536,-0.037,0.008,1.003,-0.275,-0.434,0.424,0.9884,0.0010,0.0186,0.1504,0.429,2.094,197.315,0.215,-1.564,2.111,0.000,0.000,0.000,-0.826,-12.758,2.111,-0.526,-0.096,0.022,0.27,-0.17,1,0
129556,-0.037,0.010,1.003,0.832,0.616,0.050,0.9884,0.0021,0.0190,0.1505,0.567,2.111,197.324,0.215,-1.564,2.111,0.000,0.000,0.000,-2.099,-12.818,2.111,-0.612,-0.253,0.081,0.27,-0.19,1,0
129576,-0.037,0.008,1.003,1.016,1.459,0.460,0.9884,0.0015,0.0192,0.1505,0.499,2.146,197.325,0.215,-1.564,2.111,0.000,0.000,0.000,-1.637,-12.963,2.111,-0.689,-0.402,0.095,0.26,-0.40,1,0
129594,-0.039,0.006,1.003,0.829,1.416,0.674,0.9884,-0.0001,0.0194,0.1506,0.326,2.204,197.330,0.215,-1.564,2.111,0.000,0.000,0.000,-1.513,-12.994,2.111,-0.701,-0.469,0.050,0.25,-0.38,1,0
129612,-0.040,0.005,1.005,0.558,1.648,0.347,0.9884,-0.0006,0.0197,0.1506,0.270,2.243,197.335,0.215,-1.564,2.111,0.000,0.000,0.000,-0.266,-13.106,2.111,-0.645,-0.520,0.063,0.25,-0.25,1,0
129627,-0.040,0.006,1.003,0.118,1.489,0.595,0.9884,-0.0001,0.0199,0.1507,0.328,2.257,197.344,0.215,-1.564,2.111,0.000,0.000,0.000,-0.434,-13.260,2.111,-0.585,-0.519,0.065,0.26,-0.25,1,0
129643,-0.040,0.006,1.003,0.159,1.207,0.949,0.9883,0.0001,0.0205,0.1508,0.365,2.319,197.359,0.215,-1.564,2.111,0.000,0.000,0.000,-0.820,-13.697,2.111,-0.573,-0.514,0.031,0.27,0.70,1,0
129664,-0.041,0.006,1.004,0.329,0.823,1.035,0.9883,-0.0001,0.0208,0.1510,0.347,2.360,197.377,0.215,-1.564,2.111,0.000,0.000,0.000,-0.705,-13.664,2.111,-0.610,-0.480,0.006,0.29,0.67,1,0
129675,-0.042,0.006,1.004,0.063,0.811,1.542,0.9883,-0.0003,0.0212,0.1511,0.328,2.410,197.392,0.215,-1.564,2.111,0.000,0.000,0.000,-0.626,-13.774,2.111,-0.599,-0.451,-0.026,0.29,0.63,1,0
129702,-0.044,0.006,1.004,0.374,1.688,2.382,0.9882,-0.0004,0.0221,0.1515,0.344,2.508,197.438,0.215,-1.564,2.111,0.000,0.000,0.000,-0.948,-14.048,2.111,-0.595,-0.504,-0.123,0.31,0.60,1,0
129715,-0.045,0.007,1.003,0.826,1.990,2.857,0.9881,0.0002,0.0228,0.1519,0.416,2.583,197.487,0.215,-1.564,2.111,0.000,0.000,0.000,-0.969,-14.382,2.111,-0.652,-0.595,-0.198,0.32,0.56,1,0
129734,-0.046,0.008,1.003,0.848,2.070,3.270,0.9881,0.0002,0.0235,0.1522,0.430,2.662,197.519,0.215,-1.564,2.111,0.000,0.000,0.000,-1.213,-14.632,2.111,-0.683,-0.634,-0.240,0.32,0.56,1,0
129746,-0.049,0.006,1.003,0.630,2.011,3.846,0.9879,-0.0006,0.0245,0.1528,0.357,2.789,197.596,0.215,-1.564,2.111,0.000,0.000,0.000,-1.569,-14.992,2.111,-0.732,-0.688,-0.323,0.33,0.54,1,0
129770,-0.050,0.006,1.002,-0.531,1.392,3.814,0.9878,-0.0012,0.0250,0.1535,0.309,2.855,197.678,0.108,-1.564,2.111,0.000,0.000,0.000,-0.592,-15.290,2.111,-0.629,-0.660,-0.326,0.34,0.50,1,0
129786,-0.050,0.008,1.002,-0.598,1.469,3.457,0.9877,-0.0000,0.0250,0.1541,0.439,2.831,197.750,0.215,-1.564,2.111,0.000,0.000,0.000,-1.573,-15.397,2.111,-0.601,-0.644,-0.271,0.35,0.50,1,0
130200,-0.034,0.013,0.998,-2.481,-2.635,-1.940,0.9879,0.0036,0.0175,0.1538,0.718,1.918,197.705,0.215,-1.564,2.111,0.000,0.000,0.000,-2.842,-12.287,2.111,-0.487,-0.087,0.307,0.44,-0.14,1,0
130232,-0.029,0.012,0.992,-2.476,0.507,-2.232,0.9881,0.0037,0.0154,0.1530,0.689,1.675,197.615,0.108,-1.564,2.111,0.000,0.000,0.000,-3.333,-11.309,2.111,-0.569,-0.354,0.380,0.43,-0.30,1,0
130246,-0.029,0.012,0.992,-1.743,1.111,-2.060,0.9881,0.0039,0.0151,0.1528,0.705,1.644,197.591,0.215,-1.564,2.111,0.000,0.000,0.000,-2.702,-11.243,2.111,-0.585,-0.416,0.352,0.43,-0.30,1,0
130256,-0.029,0.013,0.990,-1.556,1.652,-2.059,0.9881,0.0044,0.0153,0.1526,0.766,1.660,197.573,0.215,-1.564,2.111,0.000,0.000,0.000,-2.894,-11.251,2.111,-0.606,-0.483,0.324,0.42,-0.28,1,0
130281,-0.029,0.015,0.986,-0.780,3.176,-0.838,0.9882,0.0055,0.0157,0.1523,0.895,1.684,197.538,0.215,-1.564,2.111,0.000,0.000,0.000,-3.700,-11.358,2.111,-0.684,-0.602,0.203,0.42,-0.23,1,0
130298,-0.031,0.015,0.986,0.325,4.144,0.042,0.9882,0.0050,0.0166,0.1523,0.859,1.796,197.533,0.108,-1.564,2.111,0.000,0.000,0.000,-3.686,-11.462,2.111,-0.736,-0.668,0.051,0.42,0.15,1,0
130504,-0.032,0.013,1.008,-1.266,-2.020,2.239,0.9877,0.0043,0.0167,0.1551,0.779,1.814,197.863,0.215,-1.564,2.111,0.000,0.000,0.000,-3.148,-11.793,2.111,-0.694,0.027,-0.140,0.40,-0.33,1,0
130516,-0.032,0.006,1.007,-0.659,-2.749,0.708,0.9877,0.0019,0.0159,0.1554,0.498,1.770,197.889,0.215,-1.564,2.111,0.000,0.000,0.000,-1.960,-11.608,2.111,-0.693,0.107,0.022,0.39,-0.31,1,0
130536,-0.033,0.006,1.006,-0.781,-2.681,0.012,0.9877,0.0004,0.0164,0.1554,0.335,1.855,197.890,0.215,-1.564,2.111,0.000,0.000,0.000,-0.790,-11.761,2.111,-0.613,0.117,0.173,0.39,-0.26,1,0
130552,-0.033,0.004,1.006,0.394,-3.271,-0.981,0.9877,-0.0006,0.0166,0.1553,0.227,1.890,197.878,0.215,-1.564,2.287,0.000,0.000,0.000,-0.050,-12.001,2.287,-0.589,0.098,0.287,0.39,0.09,1,0
130580,-0.032,0.008,1.006,1.032,-3.237,-1.652,0.9878,0.0012,0.0163,0.1551,0.431,1.826,197.853,0.215,-1.564,2.287,0.000,0.000,0.000,-0.964,-11.881,2.287,-0.639,0.067,0.413,0.39,0.09,1,0
130593,-0.031,0.010,1.004,1.022,-3.451,-1.023,0.9878,0.0027,0.0158,0.1549,0.584,1.740,197.830,0.215,-1.564,2.111,0.000,0.000,0.000,-2.115,-11.539,2.111,-0.705,0.055,0.387,0.40,0.08,1,0
130612,-0.037,0.011,1.004,0.600,-3.353,-0.636,0.9878,0.0027,0.0172,0.1547,0.615,1.900,197.813,0.215,-1.564,2.111,0.000,0.000,0.000,-2.221,-12.037,2.111,-0.756,0.033,0.306,0.40,0.05,1,0
130638,-0.036,0.008,1.005,-0.418,-3.338,0.357,0.9878,0.0016,0.0184,0.1547,0.504,2.052,197.805,0.215,-1.564,2.111,0.000,0.000,0.000,-2.012,-12.511,2.111,-0.731,-0.093,0.147,0.40,0.05,1,0
130652,-0.035,0.007,1.004,-1.513,-3.510,0.637,0.9878,0.0007,0.0177,0.1547,0.393,1.987,197.810,0.215,-1.564,2.111,0.000,0.000,0.000,-1.634,-12.440,2.111,-0.636,-0.146,0.059,0.40,0.04,1,0
130672,-0.033,0.008,1.005,-1.887,-4.136,0.747,0.9878,0.0013,0.0166,0.1548,0.440,1.852,197.822,0.108,-1.564,2.111,0.000,0.000,0.000,-1.621,-12.125,2.111,-0.560,-0.099,0.018,0.40,0.04,1,0
130696,-0.031,0.010,1.005,-1.169,-3.540,0.007,0.9878,0.0024,0.0159,0.1550,0.552,1.755,197.839,0.215,-1.564,2.287,0.000,0.000,0.000,-1.643,-11.778,2.287,-0.598,-0.055,0.066,0.40,-0.04,1,0
130724,-0.030,0.011,1.006,-0.797,-0.291,0.137,0.9878,0.0033,0.0153,0.1549,0.648,1.673,197.839,0.215,-1.564,2.111,0.000,0.000,0.000,-2.240,-11.283,2.287,-0.642,-0.262,0.135,0.40,-0.04,1,0
130746,-0.029,0.004,1.004,0.637,2.573,0.644,0.9878,0.0014,0.0151,0.1550,0.430,1.690,197.841,0.215,-1.564,2.111,0.000,0.000,0.000,-2.160,-11.336,2.287,-0.708,-0.397,0.081,0.40,-0.01,1,0
130762,-0.029,-0.001,1.005,0.654,4.391,0.809,0.9878,-0.0003,0.0152,0.1551,0.238,1.724,197.850,0.215,-1.564,2.111,0.000,0.000,0.000,-0.360,-11.456,2.111,-0.701,-0.497,0.033,0.40,0.19,1,0
130787,-0.029,0.000,1.005,0.478,5.067,0.268,0.9878,-0.0021,0.0147,0.1552,0.025,1.706,197.859,0.215,-1.564,2.111,0.000,0.000,0.000,0.795,-11.527,2.111,-0.589,-0.606,0.040,0.41,0.18,1,0
130802,-0.028,0.005,1.004,0.509,4.949,-0.609,0.9878,-0.0011,0.0146,0.1552,0.132,1.668,197.858,0.215,-1.564,2.111,0.000,0.000,0.000,0.594,-11.266,2.111,-0.545,-0.632,0.124,0.41,0.17,1,0
131246,-0.005,0.007,1.006,-0.512,-12.112,0.658,0.9879,0.0033,0.0028,0.1549,0.418,0.259,197.828,0.215,-1.564,2.111,0.000,0.000,0.000,-0.982,-6.437,2.111,-0.679,0.803,0.002,0.38,-0.30,1,0
131262,-0.001,0.011,1.007,-0.528,-12.727,0.176,0.9879,0.0049,0.0012,0.1550,0.575,0.047,197.833,0.215,-1.564,2.111,0.000,0.000,0.000,-1.780,-5.851,2.111,-0.604,0.836,0.045,0.38,-0.22,1,0
131274,0.000,0.012,1.006,-0.314,-12.916,-0.015,0.9879,0.0060,0.0005,0.1550,0.686,-0.048,197.832,0.108,-1.564,2.111,0.000,0.000,0.000,-2.456,-5.362,2.111,-0.635,0.855,0.084,0.38,0.31,1,0
131302,0.004,0.012,1.007,-0.110,-13.002,-0.091,0.9879,0.0062,-0.0015,0.1549,0.680,-0.276,197.825,0.108,-1.564,2.111,0.000,0.000,0.000,-3.474,-5.019,2.111,-0.714,0.886,0.134,0.39,0.30,1,0
131486,0.035,0.005,1.008,-0.169,2.697,-0.178,0.9877,0.0052,-0.0166,0.1552,0.292,-1.975,197.858,0.215,-1.564,2.111,0.000,0.000,0.000,-0.171,1.315,2.111,-0.630,-0.292,0.095,0.41,0.71,1,0
131506,0.036,0.008,1.008,-0.184,4.681,-0.478,0.9877,0.0065,-0.0170,0.1552,0.438,-2.042,197.846,0.215,-1.564,2.111,0.000,0.000,0.000,-0.966,1.606,2.111,-0.639,-0.421,0.160,0.42,0.67,1,0
131520,0.038,0.009,1.008,0.337,5.903,-0.291,0.9877,0.0074,-0.0174,0.1551,0.525,-2.096,197.839,0.215,-1.564,2.111,0.000,0.000,0.000,-1.532,1.723,2.111,-0.685,-0.498,0.170,0.42,0.56,1,0
131542,0.038,0.007,1.009,0.087,7.132,0.176,0.9877,0.0065,-0.0178,0.1551,0.417,-2.130,197.843,0.215,-1.564,2.111,0.000,0.000,0.000,-1.293,1.954,2.111,-0.738,-0.605,0.123,0.42,-0.16,1,0
131560,0.038,0.004,1.008,0.510,7.030,0.225,0.9877,0.0052,-0.0181,0.1552,0.272,-2.141,197.853,0.215,-1.564,2.111,0.000,0.000,0.000,-0.397,2.001,2.111,-0.747,-0.604,0.090,0.42,-0.15,1,0
131576,0.039,0.006,1.008,0.222,6.747,0.152,0.9877,0.0056,-0.0186,0.1552,0.309,-2.202,197.855,0.215,-1.564,2.111,0.000,0.000,0.000,-0.358,2.155,2.111,-0.714,-0.526,0.084,0.41,-0.17,1,0
131594,0.039,0.005,1.007,0.173,6.477,-0.194,0.9877,0.0056,-0.0186,0.1552,0.302,-2.211,197.857,0.215,-1.564,2.111,0.000,0.000,0.000,-0.677,2.198,2.111,-0.701,-0.402,0.105,0.41,-0.39,1,0
131612,0.039,0.005,1.007,0.436,6.107,-0.512,0.9877,0.0052,-0.0183,0.1552,0.270,-2.161,197.852,0.215,-1.564,2.111,0.000,0.000,0.000,-0.384,2.169,2.111,-0.715,-0.288,0.155,0.40,-0.37,1,0
131632,0.038,0.003,1.008,0.369,6.152,-0.270,0.9877,0.0042,-0.0182,0.1551,0.153,-2.130,197.848,0.215,-1.564,2.111,0.000,0.000,0.000,0.331,1.941,2.111,-0.696,-0.220,0.166,0.40,-0.28,1,0
131643,0.037,0.002,1.008,0.479,6.418,-0.121,0.9877,0.0038,-0.0179,0.1551,0.110,-2.098,197.849,0.215,-1.564,2.111,0.000,0.000,0.000,0.556,1.913,2.111,-0.674,-0.233,0.149,0.40,-0.28,1,0
131658,0.036,0.002,1.008,0.258,6.379,0.116,0.9877,0.0041,-0.0175,0.1551,0.151,-2.053,197.849,0.215,-1.564,2.111,0.000,0.000,0.000,0.434,1.685,2.111,-0.632,-0.259,0.107,0.41,0.37,1,0
131684,0.034,0.005,1.008,0.191,6.103,-0.015,0.9877,0.0048,-0.0164,0.1551,0.257,-1.942,197.847,0.215,-1.564,2.111,0.000,0.000,0.000,-0.045,1.242,2.111,-0.635,-0.254,0.095,0.42,0.35,1,0
131702,0.032,0.006,1.008,0.109,5.692,0.027,0.9878,0.0057,-0.0152,0.1551,0.377,-1.826,197.843,0.215,-1.564,2.111,0.000,0.000,0.000,-0.776,0.964,2.111,-0.683,-0.223,0.098,0.42,0.34,1,0
131716,0.032,0.006,1.008,0.116,5.324,0.026,0.9878,0.0055,-0.0149,0.1551,0.354,-1.789,197.845,0.215,-1.564,2.111,0.000,0.000,0.000,-1.025,0.923,2.111,-0.727,-0.187,0.095,0.42,0.28,1,0
131736,0.030,0.005,1.008,0.275,5.213,-0.102,0.9878,0.0047,-0.0140,0.1551,0.285,-1.670,197.847,0.215,-1.564,2.111,0.000,0.000,0.000,-0.635,0.430,2.111,-0.753,-0.167,0.105,0.42,-0.08,1,0
131754,0.028,0.004,1.007,0.059,4.996,0.125,0.9878,0.0044,-0.0133,0.1551,0.258,-1.585,197.849,0.215,-1.564,2.111,0.000,0.000,0.000,-0.220,0.125,2.111,-0.731,-0.173,0.100,0.42,-0.08,1,0
131776,0.026,0.004,1.008,0.215,4.785,0.209,0.9878,0.0037,-0.0126,0.1552,0.196,-1.489,197.854,0.215,-1.564,2.111,0.000,0.000,0.000,0.110,-0.194,2.111,-0.696,-0.168,0.080,0.42,-0.05,1,0
131794,0.025,0.004,1.007,0.415,4.330,-0.221,0.9878,0.0040,-0.0117,0.1552,0.241,-1.391,197.854,0.215,-1.564,2.111,0.000,0.000,0.000,0.036,-0.523,2.111,-0.714,-0.160,0.103,0.42,0.14,1,0
131812,0.024,0.006,1.007,0.366,4.046,-0.363,0.9878,0.0046,-0.0111,0.1551,0.318,-1.340,197.848,0.215,-1.564,2.111,0.000,0.000,0.000,-0.255,-0.649,2.111,-0.716,-0.142,0.132,0.42,0.14,1,0
132273,0.012,0.007,1.006,-0.165,-4.246,0.078,0.9879,0.0043,-0.0055,0.1551,0.393,-0.704,197.837,0.215,-1.564,2.111,0.000,0.000,0.000,-0.996,-3.061,2.111,-0.757,0.385,0.064,0.39,0.03,1,0
132292,0.013,0.009,1.006,-0.029,-4.535,-0.051,0.9879,0.0054,-0.0056,0.1550,0.516,-0.732,197.835,0.215,-1.564,2.111,0.000,0.000,0.000,-1.681,-2.903,2.111,-0.773,0.453,0.096,0.39,-0.02,1,0
132304,0.014,0.009,1.006,-0.272,-4.401,0.119,0.9879,0.0056,-0.0060,0.1550,0.527,-0.777,197.834,0.215,-1.564,2.111,0.000,0.000,0.000,-1.709,-2.652,2.111,-0.799,0.461,0.097,0.38,-0.02,1,0
132324,0.014,0.008,1.006,-0.001,-4.435,0.160,0.9879,0.0049,-0.0066,0.1551,0.437,-0.830,197.838,0.215,-1.564,2.111,0.000,0.000,0.000,-1.626,-2.703,2.111,-0.819,0.446,0.088,0.38,-0.45,1,0
132542,0.032,0.008,1.007,0.237,-4.741,0.363,0.9877,0.0066,-0.0149,0.1552,0.485,-1.801,197.852,0.215,-1.564,2.111,0.000,0.000,0.000,-1.509,0.755,2.111,-0.817,0.495,0.095,0.39,0.09,1,0
132564,0.033,0.006,1.007,-0.087,-3.735,0.257,0.9877,0.0053,-0.0159,0.1553,0.313,-1.888,197.864,0.215,-1.564,2.111,0.000,0.000,0.000,-0.780,1.035,2.111,-0.801,0.335,0.070,0.39,0.11,1,0
132584,0.035,0.005,1.008,0.042,-2.653,0.137,0.9877,0.0049,-0.0166,0.1553,0.256,-1.962,197.868,0.215,-1.564,2.111,0.000,0.000,0.000,-0.173,1.391,2.111,-0.746,0.217,0.090,0.40,0.29,1,0
132602,0.036,0.004,1.007,-0.368,-1.656,0.231,0.9877,0.0049,-0.0171,0.1553,0.248,-2.021,197.871,0.108,-1.564,2.111,0.000,0.000,0.000,-0.807,1.587,2.111,-0.696,0.121,0.084,0.40,0.28,1,0
132617,0.037,0.004,1.007,0.064,-0.584,-0.263,0.9877,0.0048,-0.0176,0.1553,0.234,-2.079,197.871,0.108,-1.564,2.111,0.000,0.000,0.000,-0.214,1.566,2.111,-0.713,0.005,0.109,0.40,0.21,1,0
132633,0.037,0.005,1.009,0.328,0.193,-0.565,0.9877,0.0052,-0.0177,0.1553,0.277,-2.094,197.865,0.108,-1.564,2.111,0.000,0.000,0.000,-0.725,1.880,2.111,-0.733,-0.082,0.149,0.40,-0.29,1,0
132662,0.039,0.003,1.007,0.232,1.443,0.220,0.9877,0.0047,-0.0190,0.1553,0.189,-2.239,197.863,0.215,-1.564,2.111,0.000,0.000,0.000,0.058,2.330,2.111,-0.765,-0.239,0.116,0.39,-0.27,1,0
132680,0.039,0.004,1.007,-0.265,1.919,0.444,0.9877,0.0048,-0.0190,0.1553,0.202,-2.234,197.869,0.215,-1.564,2.111,0.000,0.000,0.000,0.079,2.274,2.111,-0.684,-0.265,0.072,0.38,-0.26,1,0
132695,0.040,0.004,1.007,-0.437,2.037,0.594,0.9876,0.0050,-0.0195,0.1554,0.224,-2.299,197.875,0.215,-1.564,2.111,0.000,0.000,0.000,-0.131,2.478,2.111,-0.650,-0.253,0.043,0.38,-0.22,1,0
132712,0.039,0.004,1.009,-0.177,1.802,0.380,0.9876,0.0050,-0.0190,0.1554,0.230,-2.237,197.881,0.215,-1.564,2.111,0.000,0.000,0.000,-0.270,2.468,2.111,-0.660,-0.207,0.039,0.38,0.06,1,0
132732,0.040,0.006,1.009,0.035,2.141,-0.172,0.9876,0.0059,-0.0190,0.1554,0.328,-2.256,197.877,0.215,-1.564,2.111,0.000,0.000,0.000,-0.735,2.315,2.111,-0.706,-0.160,0.113,0.39,0.06,1,0
132747,0.039,0.005,1.008,0.248,2.337,-0.189,0.9877,0.0055,-0.0187,0.1554,0.285,-2.209,197.876,0.215,-1.564,2.111,0.000,0.000,0.000,-0.432,2.376,2.111,-0.738,-0.152,0.132,0.39,0.06,1,0
132775,0.039,0.004,1.009,-0.016,2.732,0.175,0.9877,0.0050,-0.0189,0.1554,0.230,-2.231,197.879,0.215,-1.564,2.111,0.000,0.000,0.000,-0.445,2.312,2.111,-0.761,-0.144,0.114,0.40,0.31,1,0
132792,0.039,0.002,1.009,0.353,2.663,-0.047,0.9877,0.0038,-0.0190,0.1554,0.086,-2.223,197.886,0.215,-1.564,2.111,0.000,0.000,0.000,0.599,2.299,2.111,-0.740,-0.139,0.106,0.40,0.30,1,0
132807,0.039,0.003,1.008,0.292,2.343,-0.257,0.9877,0.0046,-0.0190,0.1554,0.181,-2.233,197.879,0.215,-1.564,2.111,0.000,0.000,0.000,0.461,2.278,2.111,-0.699,-0.090,0.132,0.40,0.30,1,0
132836,0.039,0.004,1.008,0.282,2.154,0.022,0.9877,0.0051,-0.0187,0.1554,0.246,-2.202,197.878,0.108,-1.564,2.111,0.000,0.000,0.000,-0.378,2.187,2.111,-0.733,-0.004,0.107,0.40,-0.24,1,0
133258,0.035,0.007,1.007,-0.103,-2.123,0.318,0.9877,0.0058,-0.0165,0.1553,0.362,-1.975,197.863,0.108,-1.564,2.111,0.000,0.000,0.000,-0.935,1.444,2.111,-0.805,0.404,0.081,0.40,-0.10,1,0
133274,0.035,0.006,1.007,-0.181,-2.328,0.300,0.9877,0.0056,-0.0169,0.1553,0.333,-2.014,197.870,0.108,-1.564,2.287,0.000,0.000,0.000,-1.330,1.599,2.111,-0.808,0.421,0.065,0.40,-0.09,1,0
133294,0.036,0.007,1.008,-0.011,-2.620,-0.225,0.9877,0.0061,-0.0173,0.1553,0.379,-2.066,197.869,0.108,-1.564,2.287,0.000,0.000,0.000,-1.381,1.672,2.287,-0.821,0.452,0.114,0.40,0.01,1,0
133307,0.036,0.008,1.007,-0.152,-2.621,-0.158,0.9877,0.0070,-0.0170,0.1553,0.485,-2.048,197.862,0.215,-1.564,2.287,0.000,0.000,0.000,-1.537,1.718,2.287,-0.808,0.465,0.155,0.40,0.01,1,0
133324,0.037,0.008,1.007,0.000,-2.571,0.144,0.9877,0.0070,-0.0175,0.1553,0.482,-2.101,197.862,0.215,-1.564,2.111,0.000,0.000,0.000,-1.493,1.835,2.111,-0.828,0.458,0.139,0.40,0.01,1,0
133346,0.038,0.006,1.007,0.018,-2.748,-0.027,0.9877,0.0060,-0.0181,0.1553,0.355,-2.157,197.868,0.108,-1.564,2.111,0.000,0.000,0.000,-0.981,1.924,2.111,-0.832,0.452,0.110,0.41,0.08,1,0
133554,0.048,0.006,1.007,0.066,-3.881,0.108,0.9875,0.0066,-0.0229,0.1555,0.334,-2.712,197.887,0.215,-1.564,2.111,0.000,0.000,0.000,-0.662,3.955,2.111,-0.788,0.629,0.098,0.45,0.06,1,0
133566,0.049,0.005,1.008,-0.126,-4.031,0.103,0.9875,0.0062,-0.0237,0.1555,0.279,-2.791,197.891,0.215,-1.564,2.111,0.000,0.000,0.000,-0.541,4.182,2.111,-0.778,0.639,0.096,0.45,0.06,1,0
133592,0.050,0.004,1.007,-0.031,-4.231,0.130,0.9875,0.0058,-0.0241,0.1555,0.223,-2.827,197.896,0.215,-1.564,2.111,0.000,0.000,0.000,-0.167,4.321,2.111,-0.767,0.673,0.092,0.45,0.05,1,0
133610,0.051,0.004,1.008,-0.180,-4.303,0.172,0.9875,0.0059,-0.0250,0.1556,0.228,-2.933,197.898,0.108,-1.564,2.111,0.000,0.000,0.000,-0.674,4.778,2.111,-0.760,0.693,0.091,0.46,0.24,1,0
133627,0.053,0.005,1.008,0.021,-4.225,0.230,0.9875,0.0064,-0.0254,0.1556,0.272,-2.986,197.900,0.108,-1.564,2.111,0.000,0.000,0.000,-0.887,4.822,2.111,-0.782,0.694,0.081,0.46,0.24,1,0
133646,0.054,0.006,1.008,0.022,-4.394,0.062,0.9875,0.0071,-0.0260,0.1556,0.334,-3.074,197.898,0.108,-1.564,2.111,0.000,0.000,0.000,-1.180,5.095,2.111,-0.812,0.711,0.093,0.47,0.22,1,0
133667,0.055,0.006,1.008,-0.002,-4.372,0.066,0.9874,0.0073,-0.0266,0.1556,0.347,-3.142,197.898,0.108,-1.564,2.111,0.000,0.000,0.000,-1.361,5.386,2.111,-0.841,0.730,0.103,0.47,0.21,1,0
133684,0.056,0.005,1.008,0.012,-4.320,-0.007,0.9874,0.0068,-0.0272,0.1556,0.286,-3.200,197.902,0.108,-1.564,2.111,0.000,0.000,0.000,-1.113,5.627,2.111,-0.849,0.730,0.111,0.47,0.14,1,0
133706,0.058,0.005,1.008,-0.065,-4.293,0.195,0.9874,0.0068,-0.0282,0.1556,0.272,-3.313,197.903,0.108,-1.564,2.111,0.000,0.000,0.000,-0.979,5.950,2.111,-0.827,0.732,0.103,0.46,-0.43,1,0
133734,0.059,0.004,1.008,-0.015,-4.365,0.248,0.9874,0.0067,-0.0286,0.1556,0.250,-3.362,197.909,0.108,-1.564,2.111,0.000,0.000,0.000,-0.769,6.161,2.111,-0.813,0.740,0.083,0.45,-0.41,1,0
133754,0.061,0.005,1.008,-0.000,-4.429,0.118,0.9873,0.0074,-0.0296,0.1557,0.307,-3.487,197.908,0.215,-1.564,2.111,0.000,0.000,0.000,-1.108,6.633,2.111,-0.787,0.762,0.098,0.45,-0.03,1,0
133771,0.062,0.006,1.008,0.055,-4.403,0.063,0.9873,0.0077,-0.0300,0.1557,0.339,-3.539,197.907,0.215,-1.564,2.111,0.000,0.000,0.000,-0.670,6.802,2.111,-0.798,0.775,0.102,0.45,-0.03,1,0
133786,0.064,0.006,1.009,-0.179,-4.339,0.062,0.9873,0.0080,-0.0306,0.1556,0.357,-3.605,197.906,0.215,-1.564,2.111,0.000,0.000,0.000,-0.720,7.097,2.111,-0.786,0.784,0.108,0.45,-0.03,1,0
133801,0.065,0.006,1.008,-0.151,-4.278,0.128,0.9873,0.0077,-0.0311,0.1557,0.320,-3.659,197.909,0.215,-1.564,2.111,0.000,0.000,0.000,-0.708,7.285,2.111,-0.786,0.790,0.105,0.45,-0.03,1,0
133815,0.066,0.004,1.008,0.063,-4.212,0.228,0.9873,0.0072,-0.0319,0.1557,0.244,-3.736,197.917,0.215,-1.564,2.111,0.000,0.000,0.000,-0.336,7.523,2.111,-0.784,0.786,0.093,0.44,-0.06,1,0
133834,0.067,0.004,1.008,-0.142,-4.115,0.179,0.9872,0.0073,-0.0323,0.1557,0.244,-3.789,197.920,0.215,-1.564,2.111,0.000,0.000,0.000,-0.139,7.708,2.111,-0.754,0.780,0.092,0.44,-0.05,1,0
133855,0.068,0.005,1.008,-0.000,-4.229,0.227,0.9872,0.0075,-0.0332,0.1558,0.261,-3.893,197.923,0.215,-1.564,2.111,0.000,0.000,0.000,-0.248,8.123,2.111,-0.748,0.802,0.084,0.45,-0.01,1,0
134252,0.082,0.005,1.008,0.294,2.623,-0.133,0.9869,0.0087,-0.0398,0.1559,0.278,-4.665,197.939,0.215,-1.564,2.111,0.000,0.000,0.000,-0.333,10.924,2.111,-0.810,0.299,0.127,0.46,-0.27,1,0
134276,0.082,0.005,1.008,-0.004,2.903,0.002,0.9869,0.0089,-0.0396,0.1559,0.297,-4.644,197.936,0.215,-1.564,2.111,0.000,0.000,0.000,-0.366,10.756,2.111,-0.798,0.277,0.106,0.46,-0.23,1,0
134294,0.081,0.005,1.008,0.201,2.879,0.113,0.9869,0.0087,-0.0395,0.1559,0.279,-4.629,197.939,0.215,-1.564,2.111,0.000,0.000,0.000,-0.305,10.683,2.111,-0.800,0.277,0.089,0.45,-0.21,1,0
134306,0.081,0.005,1.008,0.236,2.925,0.110,0.9870,0.0086,-0.0392,0.1559,0.274,-4.597,197.942,0.215,-1.564,2.111,0.000,0.000,0.000,-0.306,10.663,2.111,-0.802,0.287,0.083,0.45,-0.21,1,0
134322,0.080,0.005,1.008,0.090,3.028,0.063,0.9870,0.0088,-0.0390,0.1559,0.298,-4.570,197.941,0.215,-1.564,2.111,0.000,0.000,0.000,-0.377,10.455,2.111,-0.800,0.295,0.084,0.46,-0.14,1,0
134338,0.080,0.005,1.008,0.260,3.075,0.052,0.9870,0.0087,-0.0386,0.1559,0.298,-4.528,197.943,0.215,-1.564,2.111,0.000,0.000,0.000,-0.331,10.370,2.111,-0.807,0.281,0.088,0.47,0.45,1,0
134355,0.079,0.006,1.008,0.238,3.005,0.003,0.9870,0.0089,-0.0383,0.1559,0.326,-4.493,197.941,0.215,-1.564,2.111,0.000,0.000,0.000,-0.556,10.213,2.111,-0.822,0.296,0.097,0.47,0.43,1,0
134580,0.068,0.005,1.008,0.298,3.564,0.105,0.9872,0.0078,-0.0327,0.1560,0.292,-3.844,197.952,0.215,-1.564,2.111,0.000,0.000,0.000,-0.533,7.982,2.111,-0.834,0.213,0.076,0.44,-0.22,1,0
134594,0.066,0.005,1.008,0.326,3.690,-0.217,0.9872,0.0077,-0.0319,0.1560,0.299,-3.748,197.950,0.215,-1.564,2.111,0.000,0.000,0.000,-0.341,7.750,2.111,-0.837,0.181,0.097,0.44,-0.28,1,0
134614,0.066,0.006,1.008,0.141,3.582,-0.099,0.9872,0.0077,-0.0318,0.1560,0.304,-3.738,197.948,0.215,-1.564,2.111,0.000,0.000,0.000,-0.489,7.710,2.111,-0.829,0.170,0.109,0.43,-0.28,1,0
134627,0.065,0.005,1.008,0.103,3.602,0.087,0.9872,0.0072,-0.0311,0.1560,0.262,-3.650,197.952,0.108,-1.564,2.111,0.000,0.000,0.000,-0.494,7.412,2.111,-0.823,0.167,0.095,0.43,-0.27,1,0
134650,0.063,0.005,1.007,0.111,3.434,-0.132,0.9873,0.0072,-0.0303,0.1560,0.270,-3.558,197.951,0.215,-1.564,2.111,0.000,0.000,0.000,-0.229,7.049,2.111,-0.842,0.172,0.104,0.43,-0.06,1,0
134666,0.062,0.006,1.008,0.167,3.356,-0.129,0.9873,0.0077,-0.0301,0.1560,0.329,-3.547,197.945,0.215,-1.564,2.111,0.000,0.000,0.000,-0.394,6.945,2.111,-0.812,0.174,0.115,0.43,-0.06,1,0
134687,0.061,0.006,1.008,0.150,3.373,-0.001,0.9873,0.0077,-0.0293,0.1560,0.351,-3.460,197.944,0.215,-1.564,2.111,0.000,0.000,0.000,-0.767,6.683,2.111,-0.827,0.170,0.107,0.43,-0.05,1,0
134704,0.060,0.006,1.007,0.110,3.369,0.011,0.9873,0.0076,-0.0288,0.1560,0.352,-3.395,197.944,0.215,-1.564,2.111,0.000,0.000,0.000,-0.767,6.453,2.111,-0.839,0.165,0.100,0.42,-0.05,1,0
134723,0.059,0.006,1.008,0.201,3.277,0.090,0.9873,0.0072,-0.0283,0.1560,0.307,-3.331,197.948,0.108,-1.564,2.111,0.000,0.000,0.000,-0.512,6.220,2.111,-0.842,0.156,0.091,0.43,-0.02,1,0
134746,0.057,0.005,1.008,0.094,3.200,0.057,0.9873,0.0067,-0.0277,0.1560,0.264,-3.254,197.953,0.215,-1.564,2.111,0.000,0.000,0.000,-0.893,6.000,2.111,-0.831,0.149,0.089,0.43,0.27,1,0
134762,0.057,0.005,1.008,0.117,3.142,0.056,0.9873,0.0068,-0.0274,0.1560,0.284,-3.222,197.952,0.215,-1.564,2.111,0.000,0.000,0.000,-0.351,5.883,2.111,-0.832,0.152,0.090,0.44,0.26,1,0
134787,0.055,0.006,1.008,0.094,3.015,-0.093,0.9874,0.0069,-0.0263,0.1560,0.314,-3.105,197.952,0.108,-1.564,2.111,0.000,0.000,0.000,-1.088,5.457,2.111,-0.844,0.150,0.104,0.43,0.16,1,0
134806,0.054,0.006,1.009,0.191,2.970,-0.176,0.9874,0.0073,-0.0260,0.1560,0.362,-3.071,197.947,0.108,-1.564,2.287,0.000,0.000,0.000,-1.290,5.314,2.287,-0.868,0.146,0.123,0.42,-0.62,1,0
134816,0.053,0.006,1.009,0.255,3.037,-0.041,0.9874,0.0072,-0.0254,0.1560,0.362,-3.000,197.946,0.215,-1.564,2.287,0.000,0.000,0.000,-0.910,5.129,2.287,-0.875,0.143,0.137,0.41,-0.59,1,0
134840,0.052,0.006,1.009,0.223,2.629,0.116,0.9874,0.0066,-0.0248,0.1560,0.300,-2.931,197.951,0.215,-1.564,2.111,0.000,0.000,0.000,-0.599,4.783,2.111,-0.877,0.158,0.122,0.40,-0.51,1,0
134862,0.051,0.005,1.009,0.139,2.647,0.174,0.9874,0.0066,-0.0242,0.1561,0.311,-2.860,197.954,0.215,-1.564,2.287,0.000,0.000,0.000,-0.470,4.728,2.287,-0.836,0.169,0.102,0.40,-0.02,1,0
135306,0.038,0.006,1.007,0.049,-0.835,0.073,0.9875,0.0061,-0.0184,0.1562,0.365,-2.196,197.975,0.108,-1.564,2.111,0.000,0.000,0.000,-1.498,2.107,2.111,-0.904,0.384,0.100,0.37,-0.16,1,0
135326,0.038,0.005,1.008,-0.140,-1.044,-0.007,0.9875,0.0056,-0.0182,0.1563,0.304,-2.159,197.978,0.215,-1.564,2.111,0.000,0.000,0.000,-0.979,2.124,2.111,-0.858,0.406,0.106,0.37,0.09,1,0
135338,0.038,0.006,1.008,-0.077,-1.251,0.109,0.9875,0.0059,-0.0184,0.1563,0.338,-2.188,197.977,0.215,-1.564,2.111,0.000,0.000,0.000,-0.566,2.151,2.111,-0.838,0.413,0.103,0.37,0.08,1,0
135355,0.039,0.006,1.008,-0.067,-1.338,0.176,0.9875,0.0061,-0.0184,0.1563,0.361,-2.197,197.979,0.215,-1.564,2.111,0.000,0.000,0.000,-0.806,2.207,2.111,-0.828,0.432,0.087,0.38,0.10,1,0
135372,0.039,0.006,1.008,0.020,-1.532,-0.010,0.9875,0.0057,-0.0185,0.1563,0.314,-2.202,197.983,0.108,-1.564,2.111,0.000,0.000,0.000,-1.272,2.245,2.111,-0.829,0.450,0.093,0.38,0.27,1,0
135564,0.044,0.005,1.008,-0.021,-2.943,0.108,0.9875,0.0061,-0.0213,0.1563,0.303,-2.524,197.983,0.215,-1.564,2.111,0.000,0.000,0.000,-0.502,3.315,2.111,-0.849,0.613,0.101,0.41,-0.01,1,0
135584,0.045,0.006,1.008,-0.189,-3.130,-0.006,0.9874,0.0063,-0.0218,0.1563,0.322,-2.577,197.983,0.215,-1.564,2.111,0.000,0.000,0.000,-0.636,3.393,2.111,-0.834,0.634,0.103,0.41,0.15,1,0
135607,0.046,0.006,1.007,-0.002,-3.250,0.036,0.9874,0.0069,-0.0220,0.1563,0.386,-2.618,197.981,0.215,-1.564,2.111,0.000,0.000,0.000,-0.707,3.614,2.111,-0.841,0.661,0.106,0.41,0.14,1,0
135633,0.047,0.006,1.007,-0.031,-3.233,0.108,0.9874,0.0065,-0.0227,0.1563,0.324,-2.685,197.986,0.215,-1.564,2.111,0.000,0.000,0.000,-0.600,3.869,2.111,-0.852,0.662,0.094,0.41,0.06,1,0
135654,0.048,0.005,1.007,-0.080,-3.388,-0.018,0.9874,0.0063,-0.0231,0.1563,0.296,-2.733,197.988,0.215,-1.564,2.111,0.000,0.000,0.000,-0.458,3.993,2.111,-0.839,0.671,0.102,0.41,0.06,1,0
135668,0.049,0.005,1.008,0.004,-3.556,0.021,0.9874,0.0065,-0.0234,0.1563,0.317,-2.767,197.986,0.215,-1.564,2.111,0.000,0.000,0.000,-0.518,4.199,2.111,-0.832,0.702,0.110,0.42,0.06,1,0
135682,0.049,0.005,1.008,0.024,-3.599,0.159,0.9874,0.0065,-0.0238,0.1563,0.312,-2.809,197.988,0.215,-1.564,2.111,0.000,0.000,0.000,-0.444,4.248,2.111,-0.831,0.715,0.099,0.42,0.05,1,0
135704,0.051,0.006,1.008,-0.103,-3.603,0.131,0.9874,0.0067,-0.0245,0.1564,0.317,-2.893,197.990,0.215,-1.564,2.111,0.000,0.000,0.000,-0.708,4.559,2.111,-0.835,0.706,0.092,0.42,0.06,1,0
135721,0.052,0.006,1.007,0.004,-3.766,0.036,0.9874,0.0067,-0.0250,0.1564,0.316,-2.948,197.991,0.215,-1.564,2.111,0.000,0.000,0.000,-0.680,4.769,2.111,-0.843,0.729,0.097,0.42,0.11,1,0
135735,0.053,0.006,1.008,-0.046,-3.768,0.046,0.9873,0.0070,-0.0254,0.1564,0.343,-3.000,197.990,0.215,-1.564,2.111,0.000,0.000,0.000,-0.656,5.006,2.111,-0.847,0.749,0.104,0.42,0.10,1,0
135752,0.053,0.006,1.008,-0.034,-3.706,0.086,0.9873,0.0070,-0.0258,0.1564,0.332,-3.045,197.991,0.215,-1.564,2.111,0.000,0.000,0.000,-0.687,5.057,2.111,-0.846,0.758,0.103,0.42,0.10,1,0
135772,0.055,0.005,1.007,-0.012,-3.743,0.111,0.9873,0.0069,-0.0264,0.1564,0.302,-3.115,197.995,0.215,-1.564,2.111,0.000,0.000,0.000,-0.471,5.311,2.111,-0.841,0.757,0.097,0.43,0.14,1,0
135786,0.056,0.005,1.008,-0.118,-3.808,0.175,0.9873,0.0069,-0.0268,0.1564,0.305,-3.159,197.996,0.215,-1.564,2.111,0.000,0.000,0.000,-0.491,5.571,2.111,-0.829,0.776,0.094,0.44,0.48,1,0
135802,0.057,0.005,1.008,-0.104,-3.890,0.130,0.9873,0.0066,-0.0274,0.1564,0.252,-3.222,198.002,0.215,-1.564,2.111,0.000,0.000,0.000,-0.219,5.716,2.111,-0.814,0.793,0.091,0.45,0.46,1,0
135817,0.058,0.005,1.008,-0.106,-3.910,0.086,0.9873,0.0071,-0.0279,0.1564,0.307,-3.280,197.999,0.215,-1.564,2.111,0.000,0.000,0.000,-0.349,5.883,2.111,-0.805,0.798,0.097,0.45,0.42,1,0
135832,0.058,0.005,1.008,-0.151,-3.908,0.103,0.9873,0.0071,-0.0282,0.1564,0.300,-3.324,198.001,0.215,-1.564,2.111,0.000,0.000,0.000,-0.555,6.044,2.111,-0.809,0.806,0.097,0.46,0.42,1,0
135854,0.060,0.005,1.008,-0.040,-3.914,0.094,0.9872,0.0073,-0.0289,0.1565,0.304,-3.400,198.003,0.108,-1.564,2.111,0.000,0.000,0.000,-1.105,6.343,2.111,-0.838,0.822,0.099,0.46,0.22,1,0
135867,0.061,0.005,1.008,-0.097,-3.906,0.133,0.9872,0.0072,-0.0292,0.1565,0.291,-3.433,198.005,0.108,-1.564,2.111,0.000,0.000,0.000,-1.036,6.574,2.111,-0.857,0.828,0.098,0.46,0.22,1,0
135887,0.062,0.005,1.008,-0.122,-3.827,0.161,0.9872,0.0070,-0.0300,0.1565,0.259,-3.521,198.009,0.108,-1.564,2.111,0.000,0.000,0.000,-0.843,6.742,2.111,-0.861,0.825,0.094,0.47,0.20,1,0
136298,0.082,0.004,1.007,0.005,1.237,0.044,0.9868,0.0081,-0.0397,0.1567,0.208,-4.646,198.034,0.108,-1.564,2.111,0.000,0.000,0.000,-0.499,10.747,2.111,-0.831,0.450,0.110,0.45,-0.33,1,0
136312,0.082,0.004,1.007,0.079,1.205,0.114,0.9868,0.0082,-0.0399,0.1567,0.212,-4.670,198.035,0.108,-1.564,2.111,0.000,0.000,0.000,-0.650,10.783,2.111,-0.818,0.467,0.105,0.45,-0.31,1,0
136332,0.082,0.004,1.008,0.092,1.598,-0.034,0.9868,0.0082,-0.0398,0.1567,0.214,-4.653,198.034,0.000,-1.564,2.111,0.000,0.000,0.000,-1.173,10.754,2.111,-0.809,0.467,0.118,0.44,-0.26,1,0
136347,0.082,0.005,1.007,0.127,1.892,0.154,0.9868,0.0088,-0.0398,0.1567,0.277,-4.661,198.030,0.000,-1.613,2.111,0.000,0.000,0.000,-1.285,10.866,2.111,-0.834,0.451,0.110,0.44,-0.26,1,0
136376,0.082,0.004,1.007,0.121,2.051,0.194,0.9868,0.0084,-0.0397,0.1567,0.240,-4.643,198.037,0.000,-6.305,2.111,0.000,0.000,0.000,-1.379,-2.987,2.111,-0.866,0.272,0.095,0.44,0.03,1,0
136394,0.082,0.004,1.007,0.123,2.089,0.176,0.9868,0.0083,-0.0397,0.1567,0.231,-4.643,198.042,0.000,-9.873,2.111,0.000,0.000,0.000,-1.256,-13.436,2.111,-0.882,0.039,0.089,0.44,0.03,1,0
136616,0.074,0.001,1.005,0.128,3.003,-0.003,0.9870,0.0063,-0.0361,0.1567,0.060,-4.199,198.046,-0.430,-10.557,2.111,0.000,0.000,0.000,-5.191,-24.457,2.111,-0.891,-0.292,0.100,0.45,-0.39,1,0
136634,0.073,0.002,1.006,0.154,3.143,-0.101,0.9870,0.0068,-0.0357,0.1567,0.126,-4.158,198.040,-0.215,-9.873,2.111,0.000,0.000,0.000,-2.371,-22.044,2.111,-0.771,-0.080,0.118,0.44,-0.37,1,0
136652,0.073,0.003,1.007,0.193,3.377,-0.082,0.9870,0.0070,-0.0355,0.1567,0.157,-4.150,198.037,-0.215,-8.504,2.111,0.000,0.000,0.000,-2.140,-15.301,2.111,-0.704,0.088,0.121,0.43,-0.35,1,0
136680,0.072,0.003,1.006,0.068,3.591,-0.274,0.9870,0.0071,-0.0347,0.1567,0.179,-4.054,198.031,-0.215,-7.038,2.111,0.000,0.000,0.000,-2.144,-10.463,2.111,-0.708,0.255,0.136,0.43,-0.29,1,0
136696,0.070,0.004,1.007,-0.013,3.978,-0.265,0.9870,0.0078,-0.0341,0.1566,0.262,-4.012,198.020,-0.054,-4.692,2.111,0.000,0.000,0.000,-1.792,-2.408,2.111,-0.706,0.403,0.143,0.43,0.13,1,0
136713,0.068,0.004,1.007,-0.206,3.997,0.277,0.9871,0.0075,-0.0331,0.1566,0.251,-3.881,198.023,0.000,-2.199,2.111,0.000,0.000,0.000,-1.406,3.039,2.111,-0.704,0.502,0.099,0.43,0.12,1,0
136730,0.068,0.003,1.008,-0.159,3.862,0.193,0.9871,0.0066,-0.0331,0.1567,0.152,-3.862,198.035,0.000,-1.564,2.111,0.000,0.000,0.000,-0.846,8.023,2.111,-0.694,0.585,0.066,0.44,0.10,1,0
136747,0.066,0.004,1.008,0.063,3.971,0.024,0.9871,0.0069,-0.0321,0.1567,0.203,-3.762,198.033,0.108,-1.564,2.111,0.000,0.000,0.000,-0.287,7.785,2.111,-0.677,0.647,0.085,0.44,0.10,1,0
136762,0.067,0.004,1.006,0.168,3.851,-0.017,0.9871,0.0074,-0.0322,0.1567,0.256,-3.772,198.030,0.108,-1.564,2.111,0.000,0.000,0.000,-0.649,7.682,2.111,-0.683,0.681,0.095,0.44,-0.01,1,0
136784,0.064,0.007,1.010,0.182,3.672,-0.080,0.9871,0.0080,-0.0308,0.1566,0.357,-3.626,198.021,0.215,-1.564,2.111,0.000,0.000,0.000,-0.754,7.294,2.111,-0.726,0.725,0.118,0.44,-0.01,1,0
136800,0.064,0.006,1.009,0.223,3.951,0.076,0.9871,0.0076,-0.0307,0.1567,0.311,-3.616,198.025,0.215,-1.564,2.111,0.000,0.000,0.000,-0.569,7.113,2.111,-0.747,0.664,0.109,0.44,-0.01,1,0
136824,0.063,0.005,1.008,0.421,3.972,0.103,0.9871,0.0072,-0.0304,0.1567,0.272,-3.573,198.030,0.215,-1.564,2.111,0.000,0.000,0.000,-0.318,7.105,2.111,-0.758,0.560,0.094,0.44,-0.01,1,0
136842,0.060,0.004,1.009,-0.022,3.785,0.055,0.9872,0.0069,-0.0291,0.1567,0.255,-3.413,198.033,0.215,-1.564,2.111,0.000,0.000,0.000,-0.330,6.433,2.111,-0.747,0.492,0.095,0.44,-0.01,1,0
136856,0.060,0.005,1.008,-0.059,3.540,0.020,0.9872,0.0069,-0.0288,0.1567,0.266,-3.384,198.033,0.215,-1.564,2.111,0.000,0.000,0.000,-0.296,6.419,2.111,-0.743,0.458,0.097,0.44,-0.00,1,0
136884,0.058,0.007,1.008,-0.032,3.129,0.039,0.9872,0.0079,-0.0277,0.1567,0.392,-3.280,198.026,0.215,-1.564,2.111,0.000,0.000,0.000,-0.905,6.170,2.111,-0.782,0.452,0.110,0.44,0.01,1,0
136904,0.057,0.006,1.007,0.288,3.322,0.075,0.9872,0.0075,-0.0271,0.1567,0.360,-3.199,198.030,0.215,-1.564,2.111,0.000,0.000,0.000,-0.838,5.902,2.111,-0.821,0.388,0.097,0.44,0.01,1,0
137335,0.040,0.005,1.007,-0.097,0.085,0.320,0.9874,0.0057,-0.0192,0.1568,0.300,-2.277,198.044,-0.753,-1.564,2.111,0.000,0.000,0.000,-1.767,2.642,2.111,-0.901,0.358,0.064,0.39,0.02,1,0
137354,0.040,0.007,1.007,-0.103,-0.080,-0.045,0.9874,0.0063,-0.0189,0.1568,0.372,-2.255,198.042,-7.581,-1.564,2.111,0.000,0.000,0.000,-33.438,2.473,2.111,-0.920,0.399,0.101,0.38,-0.18,1,0
137375,0.040,0.006,1.007,0.256,-0.394,-0.238,0.9874,0.0062,-0.0190,0.1568,0.357,-2.262,198.040,-11.613,-1.564,2.111,0.000,0.000,0.000,-59.489,2.387,2.111,-0.934,0.413,0.120,0.38,-0.17,1,0
137398,0.040,0.007,1.007,0.016,-0.416,0.141,0.9874,0.0064,-0.0190,0.1568,0.381,-2.260,198.037,-14.785,-1.564,2.111,0.000,0.000,0.000,-74.898,2.426,2.111,-0.948,0.425,0.111,0.38,-0.11,1,0
137416,0.039,0.005,1.007,0.092,-0.408,0.389,0.9874,0.0053,-0.0191,0.1569,0.251,-2.256,198.049,-16.505,-1.564,2.111,0.000,0.000,0.000,-89.150,2.391,2.111,-0.957,0.406,0.065,0.39,0.42,1,0
137643,0.042,0.004,1.007,0.022,-2.347,0.209,0.9874,0.0054,-0.0206,0.1570,0.237,-2.423,198.065,-28.656,-1.564,2.111,0.000,0.000,0.000,-90.000,2.898,2.111,-0.996,0.584,0.095,0.35,-0.58,1,0
137672,0.043,0.004,1.007,-0.021,-2.670,0.087,0.9874,0.0052,-0.0209,0.1571,0.214,-2.455,198.071,-25.215,-1.564,2.111,0.000,0.000,0.000,-90.000,3.034,2.111,-0.997,0.624,0.091,0.35,-0.01,1,0
137696,0.044,0.005,1.007,-0.059,-2.979,0.030,0.9873,0.0061,-0.0213,0.1570,0.304,-2.524,198.068,-16.452,-1.564,2.111,0.000,0.000,0.000,-90.000,3.251,2.111,-0.997,0.665,0.105,0.35,-0.01,1,0
137716,0.045,0.006,1.007,-0.057,-3.000,-0.050,0.9873,0.0064,-0.0214,0.1570,0.337,-2.539,198.067,-12.581,-1.564,2.111,0.000,0.000,0.000,-90.000,3.421,2.111,-0.998,0.686,0.110,0.35,-0.01,1,0
137736,0.046,0.007,1.007,-0.012,-2.985,0.048,0.9873,0.0069,-0.0219,0.1570,0.385,-2.606,198.063,-3.280,-1.564,2.111,0.000,0.000,0.000,-42.937,3.564,2.111,-0.713,0.699,0.119,0.35,0.02,1,0
137747,0.046,0.005,1.007,-0.022,-2.970,0.267,0.9873,0.0060,-0.0223,0.1571,0.273,-2.629,198.072,-0.645,-1.564,2.111,0.000,0.000,0.000,-13.878,3.734,2.111,-0.399,0.696,0.088,0.36,0.27,1,0
137762,0.047,0.004,1.008,-0.128,-3.093,0.119,0.9873,0.0055,-0.0225,0.1571,0.216,-2.645,198.077,0.000,-1.564,2.111,0.000,0.000,0.000,-1.275,3.737,2.111,-0.191,0.696,0.089,0.36,0.26,1,0
137781,0.047,0.004,1.008,0.007,-3.311,0.073,0.9873,0.0058,-0.0228,0.1571,0.247,-2.682,198.076,1.667,-1.564,2.111,0.000,0.000,0.000,2.330,3.762,2.111,-0.034,0.702,0.097,0.36,0.22,1,0
137800,0.048,0.005,1.008,0.060,-3.461,-0.026,0.9873,0.0061,-0.0233,0.1571,0.277,-2.743,198.076,3.978,-1.564,2.111,0.000,0.000,0.000,20.741,4.055,2.111,0.172,0.740,0.106,0.36,0.01,1,0
137817,0.050,0.006,1.007,0.061,-3.455,-0.188,0.9873,0.0070,-0.0242,0.1570,0.359,-2.861,198.068,12.742,-1.564,2.111,0.000,0.000,0.000,59.456,4.263,2.111,0.310,0.748,0.131,0.36,0.01,1,0
137836,0.052,0.007,1.004,0.053,-3.401,0.072,0.9872,0.0075,-0.0249,0.1570,0.402,-2.955,198.064,16.022,-1.564,2.111,0.000,0.000,0.000,77.240,4.526,2.111,0.425,0.754,0.122,0.36,0.00,1,0
137854,0.051,0.007,1.008,0.080,-3.408,0.093,0.9873,0.0074,-0.0247,0.1570,0.396,-2.924,198.065,16.022,-1.564,2.111,0.000,0.000,0.000,77.240,4.526,2.111,0.447,0.756,0.116,0.36,0.00,1,0
137867,0.053,0.005,1.007,-0.103,-3.513,0.136,0.9872,0.0065,-0.0256,0.1571,0.280,-3.016,198.074,22.312,-1.564,2.111,0.000,0.000,0.000,90.000,4.774,2.111,0.584,0.760,0.094,0.36,-0.06,1,0
137884,0.056,0.005,1.001,-0.113,-3.612,0.295,0.9872,0.0065,-0.0260,0.1571,0.274,-3.058,198.077,25.591,-1.564,2.111,0.000,0.000,0.000,90.000,4.827,2.111,0.653,0.776,0.081,0.36,-0.05,1,0
137913,0.055,0.005,1.006,-0.315,-3.692,0.166,0.9872,0.0068,-0.0266,0.1572,0.295,-3.129,198.083,30.753,-1.564,2.111,0.000,0.000,0.000,90.000,5.278,2.111,0.738,0.787,0.073,0.36,-0.04,1,0
137932,0.056,0.006,1.006,-0.013,-3.813,-0.041,0.9872,0.0072,-0.0271,0.1572,0.331,-3.200,198.082,32.258,-1.564,2.111,0.000,0.000,0.000,90.000,5.519,2.111,0.786,0.807,0.099,0.36,-0.01,1,0
138386,0.080,0.005,1.007,0.050,-0.019,-0.551,0.9868,0.0085,-0.0387,0.1572,0.262,-4.532,198.098,4.946,-1.564,2.111,0.000,0.000,0.000,29.576,10.221,2.111,0.500,0.624,0.145,0.29,-0.30,1,0
138399,0.080,0.007,1.007,0.234,0.089,-0.331,0.9868,0.0096,-0.0386,0.1571,0.394,-4.537,198.081,4.946,-1.564,2.111,0.000,0.000,0.000,25.888,10.319,2.111,0.303,0.577,0.163,0.29,-0.29,1,0
138412,0.081,0.007,1.007,-0.303,0.509,0.406,0.9867,0.0099,-0.0391,0.1571,0.422,-4.604,198.080,4.946,-1.564,2.111,0.000,0.000,0.000,25.205,10.521,2.111,0.115,0.554,0.107,0.29,-0.27,1,0
138432,0.081,0.005,1.007,-0.326,0.958,0.521,0.9867,0.0086,-0.0392,0.1573,0.267,-4.590,198.104,4.731,-1.564,2.111,0.000,0.000,0.000,24.793,10.609,2.111,0.065,0.525,0.038,0.28,-0.24,1,0
138633,0.079,0.006,1.007,-0.180,2.752,0.148,0.9868,0.0090,-0.0378,0.1574,0.334,-4.444,198.118,0.860,-1.564,2.111,0.000,0.000,0.000,6.500,9.932,2.111,0.425,0.440,0.077,0.29,-0.09,1,0
138646,0.079,0.006,1.008,-0.119,2.745,0.252,0.9868,0.0088,-0.0379,0.1575,0.316,-4.455,198.122,0.806,-1.564,2.111,0.000,0.000,0.000,3.008,10.230,2.111,0.262,0.431,0.075,0.29,-0.09,1,0
138664,0.078,0.005,1.007,0.150,2.564,0.264,0.9867,0.0082,-0.0379,0.1575,0.248,-4.441,198.131,0.699,-1.564,2.111,0.000,0.000,0.000,2.780,10.074,2.111,0.118,0.451,0.069,0.29,-0.16,1,0
138680,0.077,0.004,1.007,0.146,2.749,0.170,0.9868,0.0077,-0.0375,0.1576,0.193,-4.384,198.140,0.645,-1.564,2.111,0.000,0.000,0.000,2.398,9.864,2.111,-0.123,0.461,0.079,0.29,-0.15,1,0
138696,0.077,0.003,1.007,0.173,2.796,0.134,0.9868,0.0076,-0.0375,0.1576,0.188,-4.382,198.141,0.645,-1.564,2.111,0.000,0.000,0.000,2.398,9.864,2.111,-0.149,0.455,0.082,0.28,-0.15,1,0
138714,0.076,0.004,1.007,0.525,2.822,-0.333,0.9868,0.0078,-0.0369,0.1576,0.214,-4.312,198.137,0.430,-1.564,2.111,0.000,0.000,0.000,1.375,9.669,2.111,-0.243,0.445,0.130,0.29,-0.12,1,0
138727,0.077,0.004,1.003,0.266,2.981,-0.300,0.9868,0.0082,-0.0371,0.1575,0.263,-4.345,198.127,0.376,-1.564,2.111,0.000,0.000,0.000,0.883,9.473,2.111,-0.339,0.430,0.156,0.29,0.10,1,0
138745,0.076,0.004,1.006,0.302,3.133,-0.410,0.9868,0.0077,-0.0369,0.1575,0.206,-4.318,198.126,0.376,-1.564,2.111,0.000,0.000,0.000,0.812,9.730,2.111,-0.385,0.434,0.160,0.29,0.09,1,0
138766,0.073,0.006,1.009,0.089,3.035,-0.032,0.9869,0.0086,-0.0353,0.1574,0.334,-4.150,198.112,0.215,-1.564,2.111,0.000,0.000,0.000,0.498,9.246,2.111,-0.404,0.428,0.143,0.29,0.06,1,0
138784,0.073,0.006,1.007,0.266,3.230,0.378,0.9869,0.0084,-0.0352,0.1574,0.312,-4.135,198.118,0.215,-1.564,2.111,0.000,0.000,0.000,-0.348,9.248,2.111,-0.457,0.402,0.083,0.28,-0.15,1,0
138810,0.072,0.004,1.007,0.025,2.875,0.309,0.9869,0.0078,-0.0349,0.1575,0.253,-4.097,198.131,0.215,-1.564,2.111,0.000,0.000,0.000,-0.122,8.917,2.111,-0.455,0.417,0.056,0.28,-0.10,1,0
138826,0.070,0.006,1.009,0.065,3.030,0.233,0.9869,0.0082,-0.0337,0.1576,0.315,-3.961,198.131,0.215,-1.564,2.111,0.000,0.000,0.000,-0.313,8.594,2.111,-0.451,0.419,0.064,0.29,-0.10,1,0
138846,0.071,0.004,1.007,0.110,2.963,-0.040,0.9869,0.0076,-0.0342,0.1576,0.238,-4.009,198.139,0.215,-1.564,2.111,0.000,0.000,0.000,-0.353,8.551,2.111,-0.459,0.406,0.089,0.29,0.23,1,0
138866,0.069,0.005,1.007,0.100,2.993,-0.222,0.9869,0.0080,-0.0334,0.1576,0.306,-3.923,198.132,0.215,-1.564,2.111,0.000,0.000,0.000,-0.408,8.204,2.111,-0.454,0.409,0.118,0.29,0.22,1,0
138876,0.069,0.005,1.007,0.474,3.225,-0.088,0.9869,0.0078,-0.0334,0.1576,0.285,-3.920,198.132,0.215,-1.564,2.111,0.000,0.000,0.000,-0.510,8.309,2.111,-0.480,0.388,0.128,0.30,0.21,1,0
138895,0.068,0.004,1.007,0.272,3.431,0.001,0.9869,0.0074,-0.0328,0.1576,0.241,-3.840,198.135,0.215,-1.564,2.111,0.000,0.000,0.000,-0.236,7.970,2.111,-0.476,0.350,0.119,0.30,0.22,1,0
138912,0.067,0.004,1.007,0.188,3.273,0.051,0.9869,0.0071,-0.0322,0.1576,0.226,-3.779,198.136,0.215,-1.564,2.111,0.000,0.000,0.000,-0.095,7.870,2.111,-0.455,0.336,0.109,0.31,0.22,1,0
138922,0.066,0.004,1.008,0.246,3.127,-0.006,0.9870,0.0069,-0.0320,0.1576,0.208,-3.744,198.138,0.215,-1.564,2.111,0.000,0.000,0.000,0.096,7.705,2.111,-0.438,0.346,0.104,0.31,0.36,1,0
138938,0.066,0.004,1.007,0.151,3.156,-0.171,0.9870,0.0072,-0.0320,0.1576,0.236,-3.746,198.135,0.215,-1.564,2.111,0.000,0.000,0.000,0.209,7.648,2.111,-0.415,0.358,0.116,0.32,0.34,1,0
139354,0.046,0.006,1.008,-0.001,1.339,0.179,0.9872,0.0063,-0.0222,0.1576,0.312,-2.621,198.137,0.108,-1.564,2.111,0.000,0.000,0.000,-1.342,3.699,2.111,-0.570,0.354,0.122,0.47,0.02,1,0
139378,0.046,0.004,1.008,0.237,1.012,0.019,0.9872,0.0053,-0.0220,0.1577,0.207,-2.583,198.145,0.215,-1.564,2.111,0.000,0.000,0.000,-0.797,3.608,2.111,-0.524,0.363,0.116,0.47,0.02,1,0
139392,0.045,0.005,1.008,0.120,0.539,-0.076,0.9872,0.0059,-0.0218,0.1577,0.272,-2.573,198.141,0.108,-1.564,2.111,0.000,0.000,0.000,-0.954,3.452,2.111,-0.481,0.411,0.132,0.47,0.02,1,0
139403,0.045,0.005,1.007,0.179,0.509,-0.136,0.9872,0.0061,-0.0217,0.1576,0.303,-2.566,198.138,0.108,-1.564,2.111,0.000,0.000,0.000,-0.471,3.494,2.111,-0.475,0.434,0.137,0.47,0.02,1,0
139424,0.045,0.007,1.008,0.150,0.741,-0.384,0.9872,0.0072,-0.0213,0.1576,0.430,-2.535,198.127,0.108,-1.564,2.111,0.000,0.000,0.000,-1.544,3.397,2.111,-0.503,0.428,0.164,0.47,0.05,1,0
139443,0.044,0.008,1.008,0.011,0.736,-0.029,0.9873,0.0074,-0.0211,0.1575,0.452,-2.521,198.124,0.215,-1.564,2.111,0.000,0.000,0.000,-1.952,3.433,2.111,-0.535,0.416,0.152,0.48,0.38,1,0
139685,0.043,0.007,1.008,0.010,-1.396,0.202,0.9872,0.0068,-0.0205,0.1578,0.398,-2.437,198.149,0.108,-1.564,2.111,0.000,0.000,0.000,-1.110,2.946,2.111,-0.508,0.611,0.101,0.51,0.27,1,0
139698,0.043,0.005,1.008,-0.044,-1.473,0.358,0.9872,0.0060,-0.0206,0.1578,0.307,-2.439,198.156,0.215,-1.564,2.111,0.000,0.000,0.000,-1.478,3.085,2.111,-0.510,0.612,0.085,0.51,-0.00,1,0
139716,0.043,0.004,1.008,-0.137,-1.566,0.195,0.9872,0.0054,-0.0206,0.1579,0.241,-2.427,198.164,0.108,-1.564,2.111,0.000,0.000,0.000,-0.672,3.046,2.111,-0.456,0.616,0.076,0.51,-0.00,1,0
139727,0.043,0.004,1.008,0.027,-1.687,0.079,0.9872,0.0051,-0.0209,0.1579,0.198,-2.457,198.167,0.215,-1.564,2.111,0.000,0.000,0.000,-0.518,3.084,2.111,-0.444,0.622,0.089,0.51,-0.00,1,0
139755,0.044,0.006,1.007,0.067,-1.906,-0.090,0.9872,0.0060,-0.0210,0.1578,0.298,-2.488,198.162,0.108,-1.564,2.111,0.000,0.000,0.000,-0.461,3.188,2.111,-0.416,0.649,0.120,0.50,-0.44,1,0
139771,0.044,0.007,1.007,0.344,-1.866,-0.191,0.9872,0.0068,-0.0209,0.1578,0.393,-2.488,198.155,0.215,-1.564,2.111,0.000,0.000,0.000,-1.461,3.208,2.111,-0.479,0.655,0.137,0.49,-0.41,1,0
139793,0.045,0.006,1.007,-0.042,-1.979,0.081,0.9872,0.0067,-0.0214,0.1578,0.374,-2.541,198.155,0.108,-1.564,2.111,0.000,0.000,0.000,-1.494,3.392,2.111,-0.545,0.650,0.122,0.48,-0.41,1,0
139816,0.045,0.005,1.007,-0.146,-2.170,0.154,0.9872,0.0057,-0.0220,0.1578,0.252,-2.595,198.163,0.215,-1.564,2.111,0.000,0.000,0.000,-0.934,3.516,2.111,-0.517,0.687,0.097,0.47,-0.52,1,0
139844,0.046,0.005,1.007,-0.260,-2.258,0.309,0.9872,0.0059,-0.0222,0.1579,0.264,-2.613,198.167,0.215,-1.564,2.111,0.000,0.000,0.000,-0.145,3.661,2.111,-0.441,0.709,0.078,0.46,-0.50,1,0
139856,0.047,0.005,1.007,-0.047,-2.545,0.139,0.9872,0.0061,-0.0225,0.1579,0.282,-2.657,198.170,0.108,-1.564,2.111,0.000,0.000,0.000,-0.380,3.769,2.111,-0.417,0.744,0.081,0.46,-0.44,1,0
139876,0.048,0.006,1.007,0.101,-2.597,0.066,0.9872,0.0066,-0.0230,0.1579,0.327,-2.725,198.170,0.108,-1.564,2.111,0.000,0.000,0.000,-1.425,3.920,2.111,-0.494,0.765,0.096,0.45,-0.16,1,0
139894,0.047,0.006,1.007,0.031,-2.655,0.020,0.9872,0.0067,-0.0229,0.1579,0.342,-2.708,198.170,0.108,-1.564,2.111,0.000,0.000,0.000,-1.352,4.077,2.111,-0.524,0.778,0.102,0.45,-0.16,1,0
139912,0.048,0.005,1.008,0.030,-2.808,0.017,0.9872,0.0064,-0.0233,0.1579,0.306,-2.755,198.171,0.108,-1.564,2.111,0.000,0.000,0.000,-1.196,4.097,2.111,-0.542,0.783,0.113,0.45,-0.15,1,0
139936,0.049,0.004,1.008,-0.215,-2.780,0.154,0.9871,0.0059,-0.0238,0.1580,0.233,-2.799,198.177,0.108,-1.564,2.111,0.000,0.000,0.000,-0.775,4.343,2.111,-0.486,0.792,0.096,0.45,-0.11,1,0
139956,0.050,0.004,1.008,-0.132,-2.866,0.143,0.9871,0.0060,-0.0243,0.1580,0.238,-2.855,198.179,0.108,-1.564,2.111,0.000,0.000,0.000,-0.714,4.578,2.111,-0.476,0.794,0.093,0.45,0.19,1,0
140368,0.072,0.005,1.008,-0.056,-2.957,0.151,0.9867,0.0079,-0.0348,0.1583,0.268,-4.079,198.216,0.108,-1.564,2.111,0.000,0.000,0.000,-1.046,8.811,2.111,-0.534,0.909,0.109,0.39,-0.15,1,0
140384,0.073,0.003,1.009,0.163,-2.644,0.036,0.9867,0.0071,-0.0354,0.1583,0.157,-4.140,198.226,0.108,-1.564,2.111,0.000,0.000,0.000,-0.399,8.930,2.111,-0.530,0.891,0.097,0.38,-0.14,1,0
140396,0.073,0.003,1.009,0.015,-2.594,-0.075,0.9867,0.0073,-0.0355,0.1583,0.184,-4.155,198.224,0.108,-1.564,2.111,0.000,0.000,0.000,-0.278,9.031,2.111,-0.511,0.883,0.106,0.38,-0.14,1,0
140415,0.074,0.004,1.008,-0.197,-2.707,0.144,0.9867,0.0077,-0.0362,0.1583,0.212,-4.242,198.222,0.108,-1.564,2.111,0.000,0.000,0.000,-0.582,9.346,2.111,-0.483,0.892,0.100,0.38,-0.22,1,0
140424,0.075,0.003,1.009,-0.029,-2.666,0.221,0.9867,0.0076,-0.0363,0.1583,0.196,-4.250,198.227,0.108,-1.564,2.111,0.000,0.000,0.000,-0.431,9.403,2.111,-0.483,0.907,0.083,0.38,-0.22,1,0
140440,0.076,0.004,1.009,-0.074,-2.306,0.063,0.9867,0.0081,-0.0367,0.1583,0.247,-4.294,198.225,0.108,-1.564,2.111,0.000,0.000,0.000,-0.674,9.561,2.111,-0.486,0.889,0.091,0.37,-0.21,1,0
140456,0.076,0.005,1.008,0.007,-2.128,-0.093,0.9867,0.0084,-0.0369,0.1583,0.287,-4.327,198.221,0.108,-1.564,2.111,0.000,0.000,0.000,-0.854,9.595,2.111,-0.496,0.873,0.107,0.37,-0.24,1,0
140673,0.081,0.005,1.008,0.144,1.565,0.160,0.9866,0.0091,-0.0393,0.1583,0.292,-4.605,198.220,0.108,-1.564,2.111,0.000,0.000,0.000,-1.154,10.606,2.111,-0.538,0.598,0.092,0.30,0.02,1,0
140684,0.080,0.005,1.008,0.071,1.766,-0.004,0.9866,0.0089,-0.0387,0.1583,0.303,-4.543,198.219,0.108,-1.564,2.111,0.000,0.000,0.000,-1.084,10.574,2.111,-0.553,0.595,0.095,0.30,0.02,1,0
140712,0.080,0.006,1.007,0.150,1.763,-0.077,0.9866,0.0091,-0.0389,0.1583,0.322,-4.566,198.215,0.108,-1.564,2.111,0.000,0.000,0.000,-1.222,10.421,2.111,-0.548,0.608,0.121,0.31,0.08,1,0
140744,0.080,0.004,1.007,0.005,2.211,0.068,0.9866,0.0084,-0.0388,0.1583,0.250,-4.540,198.222,0.215,-1.564,2.111,0.000,0.000,0.000,-0.888,10.346,2.111,-0.534,0.573,0.106,0.33,0.61,1,0
140761,0.079,0.004,1.007,0.053,2.153,0.206,0.9866,0.0083,-0.0385,0.1583,0.240,-4.508,198.225,0.108,-1.564,2.111,0.000,0.000,0.000,-0.724,10.213,2.111,-0.504,0.581,0.091,0.34,0.58,1,0
140777,0.079,0.004,1.007,0.304,2.160,0.097,0.9866,0.0079,-0.0383,0.1584,0.194,-4.479,198.232,0.108,-1.564,2.111,0.000,0.000,0.000,-0.579,10.163,2.111,-0.522,0.584,0.084,0.34,0.50,1,0
140803,0.078,0.005,1.007,0.329,2.367,-0.324,0.9866,0.0084,-0.0379,0.1583,0.263,-4.438,198.223,0.108,-1.564,2.287,0.000,0.000,0.000,-0.830,10.086,2.111,-0.543,0.558,0.133,0.34,0.07,1,0
140824,0.078,0.006,1.007,0.232,2.325,-0.022,0.9866,0.0090,-0.0375,0.1583,0.338,-4.413,198.214,0.108,-1.564,2.111,0.000,0.000,0.000,-1.262,9.882,2.111,-0.573,0.572,0.142,0.34,0.07,1,0
140844,0.077,0.006,1.008,-0.040,2.648,0.211,0.9866,0.0087,-0.0372,0.1583,0.308,-4.372,198.218,0.108,-1.564,2.111,0.000,0.000,0.000,-1.244,9.839,2.111,-0.581,0.555,0.098,0.35,0.09,1,0
140858,0.076,0.004,1.007,0.024,2.697,0.122,0.9867,0.0079,-0.0369,0.1584,0.227,-4.319,198.227,0.108,-1.564,2.111,0.000,0.000,0.000,-0.756,9.757,2.111,-0.558,0.541,0.085,0.35,0.35,1,0
140874,0.076,0.004,1.007,-0.074,2.558,0.034,0.9867,0.0078,-0.0367,0.1584,0.210,-4.300,198.230,0.108,-1.564,2.111,0.000,0.000,0.000,-0.443,9.643,2.111,-0.525,0.548,0.094,0.36,0.33,1,0
140894,0.075,0.004,1.007,0.127,2.497,0.112,0.9867,0.0079,-0.0365,0.1584,0.238,-4.270,198.230,0.215,-1.564,2.111,0.000,0.000,0.000,0.000,9.435,2.111,-0.509,0.564,0.088,0.37,0.31,1,0
140906,0.074,0.004,1.007,0.261,2.625,-0.056,0.9867,0.0079,-0.0361,0.1584,0.242,-4.231,198.230,0.215,-1.564,2.111,0.000,0.000,0.000,-0.038,9.338,2.111,-0.491,0.559,0.096,0.37,0.31,1,0
140937,0.073,0.006,1.008,0.263,2.737,-0.076,0.9867,0.0087,-0.0350,0.1583,0.352,-4.119,198.218,0.108,-1.564,2.111,0.000,0.000,0.000,-0.702,9.142,2.111,-0.545,0.531,0.124,0.36,-0.25,1,0
140955,0.072,0.005,1.008,0.212,2.682,0.015,0.9867,0.0079,-0.0349,0.1584,0.262,-4.096,198.225,0.108,-1.564,2.111,0.000,0.000,0.000,-1.064,8.949,2.111,-0.587,0.534,0.112,0.36,-0.24,1,0
140978,0.072,0.004,1.008,0.003,2.813,0.111,0.9867,0.0077,-0.0347,0.1584,0.236,-4.064,198.228,0.108,-1.564,2.111,0.000,0.000,0.000,-0.768,8.753,2.111,-0.558,0.513,0.101,0.36,-0.19,1,0
141416,0.052,0.005,1.007,0.131,1.838,0.083,0.9870,0.0065,-0.0252,0.1584,0.284,-2.966,198.226,0.108,-1.564,2.111,0.000,0.000,0.000,-1.189,4.950,2.111,-0.595,0.476,0.090,0.38,-0.02,1,0
141436,0.051,0.004,1.007,-0.138,1.633,0.078,0.9870,0.0056,-0.0246,0.1585,0.181,-2.888,198.235,0.215,-1.564,2.111,0.000,0.000,0.000,0.035,4.666,2.111,-0.526,0.455,0.078,0.38,-0.03,1,0
141464,0.050,0.004,1.007,-0.036,1.219,0.174,0.9870,0.0060,-0.0241,0.1585,0.246,-2.832,198.235,0.108,-1.564,2.111,0.000,0.000,0.000,-0.774,4.447,2.111,-0.516,0.507,0.077,0.37,-0.16,1,0
141476,0.050,0.004,1.007,0.263,1.264,-0.034,0.9871,0.0060,-0.0239,0.1585,0.249,-2.813,198.236,0.108,-1.564,2.111,0.000,0.000,0.000,-0.643,4.420,2.111,-0.544,0.514,0.084,0.37,-0.15,1,0
141496,0.049,0.006,1.007,0.153,1.166,-0.101,0.9871,0.0067,-0.0236,0.1584,0.334,-2.790,198.229,0.108,-1.564,2.111,0.000,0.000,0.000,-1.171,4.248,2.111,-0.582,0.515,0.114,0.37,-0.14,1,0
141701,0.045,0.006,1.007,0.010,-0.139,0.049,0.9871,0.0066,-0.0218,0.1585,0.354,-2.583,198.238,0.108,-1.564,2.111,0.000,0.000,0.000,-1.247,3.524,2.111,-0.599,0.619,0.092,0.34,0.18,1,0
141714,0.046,0.007,1.007,0.061,-0.193,0.111,0.9871,0.0070,-0.0217,0.1585,0.401,-2.584,198.237,0.108,-1.564,2.111,0.000,0.000,0.000,-1.465,3.566,2.111,-0.608,0.622,0.097,0.34,-0.53,1,0
141727,0.046,0.007,1.007,0.048,-0.379,0.071,0.9871,0.0071,-0.0218,0.1585,0.409,-2.591,198.237,0.108,-1.564,2.111,0.000,0.000,0.000,-1.679,3.574,2.111,-0.627,0.638,0.098,0.33,-0.53,1,0
141743,0.045,0.007,1.007,0.210,-0.640,0.092,0.9871,0.0070,-0.0219,0.1585,0.396,-2.602,198.239,0.108,-1.564,2.111,0.000,0.000,0.000,-1.580,3.495,2.111,-0.654,0.666,0.101,0.32,-0.51,1,0
141756,0.046,0.006,1.007,0.097,-0.634,0.118,0.9871,0.0067,-0.0218,0.1586,0.366,-2.584,198.242,0.215,-1.564,2.111,0.000,0.000,0.000,-1.624,3.549,2.111,-0.655,0.675,0.099,0.32,-0.46,1,0
141782,0.045,0.005,1.007,0.026,-0.651,0.049,0.9871,0.0060,-0.0217,0.1586,0.286,-2.565,198.247,0.108,-1.564,2.111,0.000,0.000,0.000,-0.953,3.566,2.111,-0.613,0.672,0.107,0.31,-0.25,1,0
141792,0.045,0.005,1.007,0.064,-0.787,0.098,0.9871,0.0058,-0.0219,0.1586,0.254,-2.582,198.249,0.108,-1.564,2.111,0.000,0.000,0.000,-0.925,3.583,2.111,-0.603,0.676,0.105,0.31,-0.23,1,0
141802,0.046,0.005,1.007,-0.130,-0.888,0.127,0.9871,0.0060,-0.0219,0.1586,0.277,-2.590,198.249,0.215,-1.564,2.111,0.000,0.000,0.000,-0.345,3.583,2.111,-0.593,0.687,0.101,0.31,-0.23,1,0
141816,0.045,0.005,1.007,0.028,-1.071,0.118,0.9871,0.0061,-0.0220,0.1586,0.286,-2.594,198.251,0.108,-1.564,2.111,0.000,0.000,0.000,-0.871,3.546,2.111,-0.561,0.705,0.096,0.30,-0.25,1,0
141840,0.046,0.006,1.007,0.019,-1.208,-0.038,0.9871,0.0068,-0.0220,0.1586,0.366,-2.607,198.247,0.108,-1.564,2.111,0.000,0.000,0.000,-1.330,3.593,2.111,-0.567,0.725,0.113,0.29,-0.51,1,0
141862,0.046,0.006,1.008,0.145,-1.305,0.119,0.9871,0.0065,-0.0220,0.1586,0.336,-2.603,198.250,0.215,-1.564,2.111,0.000,0.000,0.000,-1.455,3.593,2.111,-0.627,0.732,0.107,0.28,-0.48,1,0
141883,0.046,0.005,1.008,-0.070,-1.429,0.161,0.9871,0.0060,-0.0222,0.1586,0.278,-2.623,198.255,0.108,-1.564,2.111,0.000,0.000,0.000,-0.950,3.689,2.111,-0.589,0.740,0.096,0.27,-0.46,1,0
141904,0.047,0.004,1.008,-0.159,-1.665,0.300,0.9870,0.0057,-0.0226,0.1587,0.230,-2.655,198.262,0.108,-1.564,2.111,0.000,0.000,0.000,-0.828,3.768,2.111,-0.567,0.757,0.081,0.27,-0.38,1,0
141916,0.047,0.004,1.008,0.020,-1.749,0.239,0.9870,0.0057,-0.0224,0.1587,0.235,-2.641,198.264,0.215,-1.564,2.111,0.000,0.000,0.000,-0.706,3.735,2.111,-0.562,0.772,0.077,0.27,0.16,1,0
141944,0.047,0.006,1.008,-0.051,-1.888,0.053,0.9870,0.0065,-0.0226,0.1587,0.319,-2.676,198.263,0.215,-1.564,2.111,0.000,0.000,0.000,-0.590,3.868,2.111,-0.539,0.790,0.101,0.28,0.15,1,0
141958,0.047,0.006,1.008,0.155,-2.007,0.021,0.9870,0.0066,-0.0226,0.1587,0.341,-2.679,198.262,0.215,-1.564,2.111,0.000,0.000,0.000,-1.247,3.852,2.111,-0.564,0.797,0.109,0.28,0.12,1,0
141981,0.048,0.006,1.008,0.082,-2.058,-0.082,0.9870,0.0066,-0.0230,0.1587,0.326,-2.725,198.262,0.215,-1.564,2.111,0.000,0.000,0.000,-1.225,4.017,2.111,-0.595,0.811,0.123,0.27,-0.09,1,0
141995,0.048,0.005,1.008,0.047,-2.082,0.052,0.9870,0.0062,-0.0231,0.1587,0.283,-2.727,198.263,0.215,-1.564,2.111,0.000,0.000,0.000,-1.087,4.061,2.111,-0.578,0.813,0.120,0.27,-0.09,1,0
142015,0.049,0.004,1.008,-0.031,-2.266,0.190,0.9870,0.0060,-0.0236,0.1587,0.245,-2.775,198.268,0.215,-1.564,2.111,0.000,0.000,0.000,-0.723,4.262,2.111,-0.563,0.828,0.100,0.27,-0.05,1,0
142443,0.066,0.005,1.008,-0.029,-2.958,0.042,0.9867,0.0077,-0.0321,0.1591,0.289,-3.773,198.310,0.215,-1.564,2.111,0.000,0.000,0.000,-0.295,7.720,2.111,-0.524,0.934,0.097,0.30,0.07,1,0
142458,0.069,0.005,1.007,0.043,-2.797,-0.005,0.9867,0.0078,-0.0333,0.1591,0.269,-3.914,198.310,0.108,-1.564,2.111,0.000,0.000,0.000,-0.885,8.208,2.111,-0.565,0.958,0.120,0.30,-0.04,1,0
142475,0.069,0.004,1.007,0.149,-2.724,0.073,0.9867,0.0072,-0.0337,0.1591,0.202,-3.948,198.315,0.215,-1.564,2.111,0.000,0.000,0.000,-0.044,8.290,2.111,-0.572,0.960,0.107,0.30,-0.04,1,0
142492,0.071,0.005,1.007,-0.134,-2.731,0.091,0.9866,0.0079,-0.0343,0.1591,0.268,-4.021,198.312,0.108,-1.564,2.111,0.000,0.000,0.000,-0.895,8.523,2.111,-0.545,0.963,0.101,0.29,-0.11,1,0
142506,0.071,0.005,1.008,-0.173,-2.756,0.130,0.9866,0.0079,-0.0343,0.1591,0.267,-4.028,198.312,0.108,-1.564,2.111,0.000,0.000,0.000,-0.895,8.523,2.111,-0.557,0.964,0.099,0.29,-0.11,1,0
142520,0.072,0.005,1.008,0.051,-2.651,0.192,0.9866,0.0079,-0.0348,0.1591,0.264,-4.082,198.316,0.215,-1.564,2.111,0.000,0.000,0.000,-0.997,8.705,2.111,-0.608,0.972,0.083,0.29,-0.10,1,0
143131,0.073,0.004,1.008,0.086,2.567,0.022,0.9866,0.0077,-0.0354,0.1593,0.223,-4.143,198.334,0.108,-1.564,2.111,0.000,0.000,0.000,-0.655,8.942,2.111,-0.624,0.625,0.105,0.27,0.06,1,0
143401,0.061,0.005,1.007,0.372,1.923,-0.174,0.9868,0.0071,-0.0293,0.1593,0.264,-3.444,198.334,0.108,-1.564,1.232,0.000,0.000,0.000,-0.842,6.660,1.232,-0.657,0.606,0.012,0.20,-0.46,1,0
143420,0.060,0.006,1.007,0.343,2.114,-0.086,0.9868,0.0074,-0.0290,0.1593,0.313,-3.418,198.327,0.108,-1.564,1.232,0.000,0.000,0.000,-1.040,6.534,1.232,-0.676,0.621,0.024,0.20,-0.32,1,0
143434,0.060,0.006,1.007,0.285,2.256,0.059,0.9868,0.0075,-0.0286,0.1593,0.326,-3.375,198.327,0.108,-1.564,1.232,0.000,0.000,0.000,-1.145,6.401,1.232,-0.684,0.612,0.016,0.19,-0.31,1,0
143451,0.059,0.005,1.007,0.162,2.151,0.107,0.9868,0.0071,-0.0285,0.1593,0.282,-3.359,198.331,0.108,-1.564,1.232,0.000,0.000,0.000,-1.073,6.382,1.232,-0.688,0.600,0.005,0.19,-0.31,1,0
143465,0.058,0.004,1.007,0.056,2.223,0.028,0.9868,0.0068,-0.0282,0.1593,0.252,-3.317,198.335,0.108,-1.564,1.408,0.000,0.000,0.000,-0.977,6.001,1.408,-0.666,0.578,0.012,0.19,-0.28,1,0
143482,0.057,0.005,1.007,0.051,2.151,0.157,0.9868,0.0070,-0.0275,0.1593,0.284,-3.238,198.335,0.108,-1.564,1.408,0.000,0.000,0.000,-0.955,5.869,1.408,-0.647,0.562,0.033,0.19,-0.12,1,0
143502,0.057,0.005,1.007,-0.056,1.859,0.190,0.9868,0.0072,-0.0273,0.1594,0.316,-3.223,198.337,0.108,-1.564,1.760,0.000,0.000,0.000,-1.153,5.833,1.760,-0.653,0.587,0.034,0.18,-0.12,1,0
143513,0.056,0.005,1.008,0.017,1.882,0.170,0.9868,0.0071,-0.0270,0.1594,0.307,-3.182,198.339,0.108,-1.564,1.760,0.000,0.000,0.000,-1.153,5.833,1.760,-0.657,0.592,0.046,0.18,-0.12,1,0
143538,0.056,0.005,1.007,0.061,2.067,-0.002,0.9868,0.0069,-0.0267,0.1594,0.294,-3.153,198.342,0.215,-1.564,2.111,0.000,0.000,0.000,-1.129,5.504,2.111,-0.668,0.585,0.099,0.19,0.31,1,0
143560,0.055,0.005,1.007,0.092,1.688,-0.179,0.9868,0.0067,-0.0265,0.1594,0.272,-3.115,198.341,0.108,-1.564,2.111,0.000,0.000,0.000,-0.905,5.458,2.111,-0.660,0.600,0.164,0.20,0.30,1,0
143586,0.054,0.005,1.008,0.006,1.991,0.119,0.9869,0.0069,-0.0259,0.1594,0.306,-3.056,198.338,0.108,-1.564,2.111,0.000,0.000,0.000,-0.513,5.263,2.111,-0.632,0.588,0.157,0.20,0.25,1,0
143596,0.053,0.005,1.008,0.054,1.970,0.108,0.9869,0.0065,-0.0253,0.1594,0.276,-2.977,198.341,0.108,-1.564,2.111,0.000,0.000,0.000,-1.122,5.181,2.111,-0.640,0.577,0.142,0.20,-0.00,1,0
143624,0.052,0.006,1.007,0.044,1.361,0.127,0.9869,0.0069,-0.0249,0.1594,0.323,-2.940,198.340,0.108,-1.564,2.111,0.000,0.000,0.000,-1.206,4.825,2.111,-0.654,0.602,0.128,0.20,-0.00,1,0
143641,0.051,0.005,1.008,-0.036,1.272,0.227,0.9869,0.0065,-0.0247,0.1594,0.281,-2.908,198.347,0.108,-1.564,1.760,0.000,0.000,0.000,-0.967,4.781,1.760,-0.664,0.628,0.105,0.20,-0.00,1,0
144058,0.048,0.005,1.007,0.040,-1.413,0.056,0.9869,0.0062,-0.0230,0.1596,0.278,-2.712,198.367,0.108,-1.564,2.111,0.000,0.000,0.000,-0.246,4.026,2.111,-0.628,0.850,0.099,0.22,-0.48,1,0
144072,0.048,0.005,1.007,-0.088,-1.595,0.054,0.9869,0.0060,-0.0233,0.1596,0.255,-2.743,198.369,0.215,-1.564,2.111,0.000,0.000,0.000,-0.317,4.054,2.111,-0.635,0.857,0.106,0.21,-0.45,1,0
144102,0.049,0.005,1.007,-0.042,-1.777,-0.009,0.9869,0.0063,-0.0235,0.1596,0.287,-2.780,198.367,0.108,-1.564,2.111,0.000,0.000,0.000,-0.913,4.177,2.111,-0.643,0.890,0.116,0.20,-0.43,1,0
144116,0.049,0.005,1.007,-0.114,-1.688,0.009,0.9869,0.0065,-0.0238,0.1596,0.303,-2.809,198.366,0.108,-1.564,2.111,0.000,0.000,0.000,-0.913,4.177,2.111,-0.656,0.881,0.113,0.20,-0.33,1,0
144132,0.050,0.005,1.006,0.054,-1.890,0.129,0.9869,0.0063,-0.0240,0.1596,0.278,-2.828,198.370,0.215,-1.564,2.111,0.000,0.000,0.000,-0.227,4.411,2.111,-0.639,0.884,0.103,0.21,0.40,1,0
144142,0.050,0.005,1.006,0.087,-1.962,0.153,0.9869,0.0063,-0.0238,0.1596,0.272,-2.811,198.370,0.215,-1.564,2.111,0.000,0.000,0.000,-0.227,4.411,2.111,-0.634,0.889,0.101,0.21,0.40,1,0
144382,0.058,0.005,1.007,0.038,-2.737,0.071,0.9867,0.0072,-0.0279,0.1598,0.305,-3.289,198.386,0.215,-1.564,2.111,0.000,0.000,0.000,-0.619,5.964,2.111,-0.669,0.955,0.114,0.24,0.07,1,0
144400,0.058,0.005,1.007,0.098,-2.834,0.145,0.9867,0.0072,-0.0282,0.1598,0.300,-3.328,198.388,0.215,-1.564,2.111,0.000,0.000,0.000,-0.493,6.085,2.111,-0.677,0.961,0.101,0.24,0.41,1,0
144420,0.059,0.005,1.008,-0.180,-2.808,0.157,0.9867,0.0072,-0.0285,0.1598,0.288,-3.354,198.393,0.215,-1.564,2.111,0.000,0.000,0.000,-0.376,6.306,2.111,-0.658,0.969,0.091,0.25,0.39,1,0
144436,0.060,0.005,1.007,-0.057,-3.002,0.114,0.9867,0.0069,-0.0291,0.1598,0.248,-3.421,198.397,0.215,-1.564,2.111,0.000,0.000,0.000,-0.308,6.439,2.111,-0.645,0.974,0.090,0.25,0.32,1,0
144455,0.061,0.005,1.008,-0.123,-2.873,0.183,0.9867,0.0073,-0.0294,0.1599,0.291,-3.458,198.397,0.108,-1.564,2.111,0.000,0.000,0.000,-0.366,6.474,2.111,-0.639,0.978,0.091,0.25,-0.16,1,0
144473,0.061,0.005,1.008,-0.240,-2.771,0.187,0.9867,0.0073,-0.0297,0.1599,0.287,-3.493,198.399,0.108,-1.564,2.111,0.000,0.000,0.000,-0.985,6.671,2.111,-0.665,0.977,0.086,0.25,-0.16,1,0
144491,0.062,0.004,1.007,0.006,-2.878,0.145,0.9866,0.0070,-0.0303,0.1599,0.240,-3.554,198.407,0.108,-1.564,2.111,0.000,0.000,0.000,-0.741,6.945,2.111,-0.691,0.981,0.082,0.24,-0.16,1,0
144514,0.063,0.005,1.008,-0.063,-2.848,-0.063,0.9866,0.0074,-0.0305,0.1599,0.274,-3.590,198.404,0.215,-1.564,2.111,0.000,0.000,0.000,-0.827,7.066,2.111,-0.686,0.985,0.113,0.24,-0.24,1,0
144524,0.064,0.004,1.008,0.100,-2.785,0.013,0.9866,0.0072,-0.0309,0.1599,0.250,-3.630,198.405,0.108,-1.564,2.111,0.000,0.000,0.000,-0.246,7.219,2.111,-0.681,0.986,0.117,0.23,-0.24,1,0
144540,0.065,0.005,1.008,0.032,-2.804,0.027,0.9866,0.0074,-0.0313,0.1599,0.259,-3.672,198.405,0.108,-1.564,2.111,0.000,0.000,0.000,-0.902,7.268,2.111,-0.676,0.988,0.113,0.23,-0.23,1,0
144558,0.065,0.004,1.008,0.018,-2.715,-0.146,0.9866,0.0074,-0.0316,0.1599,0.254,-3.714,198.404,0.108,-1.564,2.111,0.000,0.000,0.000,-0.705,7.405,2.111,-0.685,0.990,0.124,0.23,-0.21,1,0
144584,0.067,0.005,1.008,-0.024,-2.640,0.026,0.9866,0.0078,-0.0322,0.1599,0.296,-3.782,198.399,0.108,-1.564,2.111,0.000,0.000,0.000,-0.924,7.721,2.111,-0.704,0.992,0.120,0.23,-0.12,1,0
144600,0.067,0.005,1.008,-0.162,-2.577,0.319,0.9866,0.0079,-0.0326,0.1599,0.292,-3.832,198.402,0.108,-1.564,2.111,0.000,0.000,0.000,-1.160,7.893,2.111,-0.699,0.993,0.093,0.22,-0.11,1,0
144616,0.068,0.005,1.008,-0.052,-2.587,0.296,0.9866,0.0076,-0.0327,0.1599,0.262,-3.834,198.409,0.108,-1.564,2.111,0.000,0.000,0.000,-0.903,7.949,2.111,-0.702,0.994,0.072,0.22,-0.11,1,0
144634,0.069,0.005,1.008,-0.142,-2.608,0.205,0.9865,0.0077,-0.0332,0.1600,0.262,-3.901,198.413,0.108,-1.564,2.111,0.000,0.000,0.000,-0.851,8.186,2.111,-0.693,0.995,0.073,0.22,-0.08,1,0
144652,0.070,0.004,1.008,0.116,-2.770,0.035,0.9865,0.0076,-0.0338,0.1600,0.238,-3.964,198.416,0.108,-1.564,2.111,0.000,0.000,0.000,-0.732,8.342,2.111,-0.693,0.996,0.091,0.22,0.10,1,0
145094,0.079,0.005,1.008,0.271,1.766,-0.024,0.9863,0.0085,-0.0381,0.1602,0.259,-4.461,198.436,0.108,-1.564,2.111,0.000,0.000,0.000,-0.848,10.113,2.111,-0.692,0.789,0.113,0.13,-0.10,1,0
145114,0.078,0.004,1.009,0.234,1.995,0.037,0.9863,0.0082,-0.0380,0.1602,0.230,-4.448,198.441,0.108,-1.564,2.111,0.000,0.000,0.000,-0.727,10.027,2.111,-0.712,0.787,0.092,0.14,0.54,1,0
145127,0.078,0.004,1.008,0.174,2.175,-0.070,0.9863,0.0081,-0.0381,0.1602,0.223,-4.456,198.441,0.215,-1.564,2.111,0.000,0.000,0.000,-0.668,10.048,2.111,-0.710,0.772,0.097,0.15,0.54,1,0
145146,0.078,0.004,1.008,0.072,2.041,0.002,0.9863,0.0082,-0.0378,0.1602,0.229,-4.422,198.440,0.215,-1.564,2.111,0.000,0.000,0.000,-0.210,10.002,2.111,-0.661,0.773,0.102,0.16,0.52,1,0
145162,0.077,0.004,1.008,-0.018,2.074,0.168,0.9863,0.0084,-0.0375,0.1602,0.257,-4.395,198.440,0.215,-1.564,2.111,0.000,0.000,0.000,-0.232,9.916,2.111,-0.638,0.787,0.088,0.16,0.45,1,0
145354,0.071,0.005,1.008,-0.093,2.357,-0.046,0.9864,0.0081,-0.0340,0.1603,0.291,-4.000,198.455,0.108,-1.564,2.111,0.000,0.000,0.000,-0.856,8.534,2.111,-0.659,0.707,0.113,0.17,0.04,1,0
145367,0.070,0.005,1.007,-0.130,2.314,0.018,0.9864,0.0081,-0.0339,0.1603,0.293,-3.987,198.455,0.108,-1.564,2.111,0.000,0.000,0.000,-0.856,8.534,2.111,-0.667,0.711,0.113,0.17,0.04,1,0
145384,0.069,0.004,1.008,0.286,2.379,0.075,0.9864,0.0074,-0.0336,0.1604,0.214,-3.942,198.465,0.215,-1.564,2.111,0.000,0.000,0.000,-0.139,8.356,2.111,-0.675,0.720,0.091,0.16,-0.32,1,0
145402,0.068,0.004,1.008,0.032,2.530,-0.231,0.9865,0.0075,-0.0332,0.1604,0.236,-3.889,198.462,0.215,-1.564,2.111,0.000,0.000,0.000,-0.610,8.123,2.111,-0.648,0.694,0.120,0.15,-0.30,1,0
145418,0.068,0.005,1.007,0.163,2.389,-0.082,0.9865,0.0077,-0.0329,0.1604,0.264,-3.859,198.458,0.108,-1.564,2.111,0.000,0.000,0.000,-0.217,7.977,2.111,-0.665,0.688,0.128,0.15,-0.25,1,0
145432,0.067,0.005,1.007,0.388,2.278,-0.014,0.9865,0.0078,-0.0324,0.1604,0.287,-3.806,198.458,0.108,-1.564,2.111,0.000,0.000,0.000,-0.985,7.850,2.111,-0.706,0.707,0.113,0.16,0.11,1,0
145452,0.067,0.005,1.007,0.042,2.456,-0.001,0.9865,0.0076,-0.0322,0.1604,0.268,-3.787,198.459,0.108,-1.564,2.111,0.000,0.000,0.000,-0.911,7.831,2.111,-0.722,0.699,0.107,0.16,0.11,1,0
145474,0.065,0.005,1.007,0.264,2.466,-0.034,0.9865,0.0076,-0.0317,0.1604,0.277,-3.722,198.458,0.215,-1.564,2.111,0.000,0.000,0.000,-0.376,7.505,2.111,-0.725,0.677,0.112,0.16,0.09,1,0
145494,0.065,0.006,1.007,-0.119,2.362,0.126,0.9865,0.0080,-0.0311,0.1604,0.331,-3.666,198.456,0.108,-1.564,2.111,0.000,0.000,0.000,-1.115,7.370,2.111,-0.687,0.680,0.101,0.16,0.04,1,0
145507,0.064,0.005,1.007,-0.007,2.241,0.240,0.9865,0.0078,-0.0310,0.1604,0.315,-3.653,198.459,0.215,-1.564,2.111,0.000,0.000,0.000,-1.247,7.300,2.111,-0.709,0.687,0.086,0.16,0.04,1,0
145527,0.063,0.005,1.007,0.093,2.169,0.116,0.9865,0.0073,-0.0306,0.1604,0.264,-3.600,198.465,0.215,-1.564,2.111,0.000,0.000,0.000,-0.441,7.274,2.111,-0.702,0.700,0.082,0.16,0.04,1,0
145554,0.062,0.005,1.008,0.307,2.260,-0.115,0.9866,0.0076,-0.0300,0.1604,0.309,-3.530,198.459,0.108,-1.564,2.111,0.000,0.000,0.000,-0.997,6.873,2.111,-0.718,0.684,0.125,0.17,0.42,1,0
145576,0.061,0.006,1.008,0.160,2.153,-0.058,0.9866,0.0078,-0.0294,0.1604,0.344,-3.472,198.456,0.108,-1.564,2.111,0.000,0.000,0.000,-1.271,6.777,2.111,-0.757,0.688,0.120,0.18,0.40,1,0
145594,0.061,0.006,1.008,0.163,2.047,0.084,0.9866,0.0075,-0.0292,0.1604,0.312,-3.438,198.458,0.108,-1.564,2.111,0.000,0.000,0.000,-1.308,6.596,2.111,-0.768,0.687,0.109,0.19,0.38,1,0
145612,0.060,0.005,1.007,0.089,2.027,0.069,0.9866,0.0073,-0.0287,0.1604,0.302,-3.384,198.461,0.108,-1.564,2.111,0.000,0.000,0.000,-1.021,6.388,2.111,-0.766,0.693,0.094,0.19,0.35,1,0
145636,0.059,0.005,1.008,0.083,2.000,-0.017,0.9866,0.0070,-0.0284,0.1604,0.268,-3.343,198.463,0.108,-1.564,2.111,0.000,0.000,0.000,-0.885,6.235,2.111,-0.744,0.687,0.101,0.20,0.18,1,0
145654,0.058,0.005,1.008,0.099,1.891,-0.018,0.9866,0.0072,-0.0281,0.1604,0.298,-3.310,198.461,0.108,-1.564,2.111,0.000,0.000,0.000,-1.074,6.052,2.111,-0.742,0.686,0.109,0.20,0.17,1,0
145672,0.058,0.005,1.008,0.044,1.859,0.057,0.9866,0.0071,-0.0279,0.1604,0.295,-3.284,198.462,0.108,-1.564,2.111,0.000,0.000,0.000,-1.149,5.943,2.111,-0.741,0.693,0.101,0.21,0.18,1,0
146102,0.049,0.005,1.008,-0.049,-0.643,0.045,0.9867,0.0064,-0.0234,0.1607,0.293,-2.770,198.490,0.108,-1.564,2.111,0.000,0.000,0.000,-1.009,4.226,2.111,-0.770,0.821,0.084,0.18,-0.12,1,0
146112,0.049,0.005,1.008,-0.023,-0.654,0.011,0.9867,0.0065,-0.0234,0.1607,0.302,-2.766,198.489,0.108,-1.564,2.111,0.000,0.000,0.000,-1.009,4.226,2.111,-0.767,0.825,0.089,0.18,-0.12,1,0
146124,0.049,0.006,1.007,-0.082,-0.655,-0.034,0.9867,0.0066,-0.0236,0.1607,0.311,-2.793,198.489,0.108,-1.564,2.111,0.000,0.000,0.000,-1.245,4.242,2.111,-0.765,0.830,0.103,0.18,-0.11,1,0
146144,0.049,0.006,1.007,-0.109,-0.925,-0.009,0.9867,0.0069,-0.0235,0.1607,0.346,-2.788,198.487,0.108,-1.564,2.111,0.000,0.000,0.000,-1.318,4.263,2.111,-0.781,0.860,0.111,0.18,-0.11,1,0
146162,0.049,0.006,1.008,0.126,-0.934,0.014,0.9867,0.0069,-0.0236,0.1607,0.348,-2.803,198.487,0.108,-1.564,2.111,0.000,0.000,0.000,-1.451,4.332,2.111,-0.796,0.874,0.111,0.17,-0.20,1,0
146182,0.049,0.006,1.007,0.020,-1.101,0.098,0.9867,0.0067,-0.0238,0.1607,0.317,-2.811,198.490,0.108,-1.564,2.111,0.000,0.000,0.000,-1.183,4.423,2.111,-0.796,0.891,0.101,0.17,-0.19,1,0
146410,0.053,0.006,1.007,0.048,-2.136,0.202,0.9866,0.0070,-0.0257,0.1608,0.321,-3.039,198.508,0.108,-1.564,2.111,0.000,0.000,0.000,-1.189,5.147,2.111,-0.755,0.976,0.095,0.13,0.49,1,0
146427,0.054,0.006,1.007,0.049,-2.210,0.043,0.9866,0.0071,-0.0260,0.1608,0.321,-3.074,198.509,0.108,-1.564,2.111,0.000,0.000,0.000,-1.178,5.227,2.111,-0.780,0.980,0.098,0.14,0.49,1,0
146442,0.055,0.006,1.007,-0.013,-2.256,0.110,0.9866,0.0072,-0.0262,0.1608,0.335,-3.102,198.509,0.108,-1.564,2.111,0.000,0.000,0.000,-1.175,5.364,2.111,-0.788,0.982,0.099,0.15,0.47,1,0
146454,0.055,0.005,1.007,0.040,-2.311,0.255,0.9866,0.0069,-0.0267,0.1609,0.288,-3.142,198.515,0.108,-1.564,2.111,0.000,0.000,0.000,-1.134,5.458,2.111,-0.793,0.985,0.086,0.15,0.43,1,0
146476,0.056,0.005,1.008,0.031,-2.404,-0.016,0.9866,0.0067,-0.0270,0.1609,0.264,-3.182,198.518,0.108,-1.564,2.111,0.000,0.000,0.000,-0.966,5.546,2.111,-0.781,0.988,0.099,0.16,0.22,1,0
146504,0.057,0.006,1.008,-0.021,-2.569,0.059,0.9866,0.0073,-0.0275,0.1609,0.316,-3.247,198.514,0.108,-1.564,2.111,0.000,0.000,0.000,-1.221,5.786,2.111,-0.776,0.990,0.110,0.16,0.21,1,0
146516,0.057,0.005,1.007,-0.013,-2.475,0.052,0.9866,0.0071,-0.0277,0.1609,0.286,-3.268,198.516,0.108,-1.564,2.111,0.000,0.000,0.000,-1.096,5.834,2.111,-0.787,0.992,0.106,0.17,0.26,1,0
146536,0.058,0.005,1.007,0.109,-2.383,0.012,0.9865,0.0072,-0.0280,0.1609,0.300,-3.300,198.516,0.108,-1.564,2.111,0.000,0.000,0.000,-0.952,5.977,2.111,-0.780,0.992,0.109,0.19,0.82,1,0
146555,0.059,0.005,1.007,0.118,-2.550,0.108,0.9865,0.0071,-0.0283,0.1609,0.277,-3.337,198.518,0.215,-1.564,2.111,0.000,0.000,0.000,-0.475,6.131,2.111,-0.771,0.993,0.104,0.20,0.78,1,0
146580,0.060,0.005,1.007,-0.087,-2.557,-0.043,0.9865,0.0073,-0.0290,0.1609,0.292,-3.414,198.519,0.215,-1.564,2.111,0.000,0.000,0.000,-0.347,6.378,2.111,-0.758,0.995,0.105,0.22,0.74,1,0
146596,0.061,0.005,1.007,0.050,-2.699,-0.031,0.9865,0.0073,-0.0293,0.1609,0.290,-3.455,198.518,0.108,-1.564,2.111,0.000,0.000,0.000,-0.303,6.514,2.111,-0.733,0.996,0.113,0.22,0.61,1,0
146614,0.062,0.005,1.007,-0.055,-2.562,0.109,0.9865,0.0077,-0.0297,0.1609,0.321,-3.497,198.517,0.108,-1.564,2.111,0.000,0.000,0.000,-1.072,6.717,2.111,-0.764,0.996,0.105,0.22,-0.21,1,0
146632,0.062,0.006,1.007,-0.169,-2.508,0.178,0.9865,0.0077,-0.0299,0.1609,0.319,-3.524,198.518,0.108,-1.564,2.111,0.000,0.000,0.000,-1.189,6.779,2.111,-0.781,0.997,0.095,0.22,-0.21,1,0
146655,0.063,0.005,1.007,-0.037,-2.688,0.151,0.9865,0.0073,-0.0306,0.1610,0.260,-3.594,198.526,0.108,-1.564,2.111,0.000,0.000,0.000,-0.858,6.938,2.111,-0.795,0.998,0.086,0.21,-0.14,1,0
146674,0.064,0.005,1.007,-0.019,-2.612,0.126,0.9864,0.0078,-0.0308,0.1610,0.311,-3.626,198.525,0.108,-1.564,2.111,0.000,0.000,0.000,-1.009,7.098,2.111,-0.785,0.998,0.096,0.22,0.38,1,0
146694,0.064,0.005,1.007,0.107,-2.609,0.127,0.9864,0.0077,-0.0311,0.1610,0.300,-3.666,198.527,0.108,-1.564,2.111,0.000,0.000,0.000,-1.112,7.246,2.111,-0.793,0.998,0.094,0.23,0.38,1,0
147132,0.079,0.004,1.007,0.275,0.770,-0.145,0.9861,0.0085,-0.0384,0.1611,0.251,-4.496,198.551,0.108,-1.564,2.111,0.000,0.000,0.000,-0.772,10.235,2.111,-0.769,0.884,0.117,0.22,-0.58,1,0
147147,0.080,0.005,1.007,0.047,1.024,-0.014,0.9861,0.0091,-0.0385,0.1611,0.322,-4.528,198.544,0.108,-1.564,2.111,0.000,0.000,0.000,-0.915,10.329,2.111,-0.789,0.851,0.116,0.21,-0.58,1,0
147174,0.080,0.005,1.008,0.157,1.067,0.188,0.9861,0.0091,-0.0384,0.1611,0.314,-4.516,198.547,0.108,-1.564,2.111,0.000,0.000,0.000,-1.188,10.312,2.111,-0.822,0.844,0.092,0.20,-0.55,1,0
147192,0.079,0.005,1.008,0.142,1.171,0.155,0.9861,0.0087,-0.0383,0.1612,0.277,-4.494,198.553,0.108,-1.564,2.111,0.000,0.000,0.000,-0.352,10.255,2.111,-0.820,0.842,0.082,0.20,-0.49,1,0
147220,0.079,0.005,1.008,0.111,1.303,0.079,0.9861,0.0087,-0.0382,0.1612,0.277,-4.482,198.554,0.215,-1.564,2.111,0.000,0.000,0.000,-0.333,10.223,2.111,-0.782,0.861,0.101,0.20,-0.12,1,0
147427,0.074,0.004,1.007,0.184,1.960,-0.094,0.9862,0.0081,-0.0360,0.1613,0.254,-4.228,198.565,0.215,-1.564,2.111,0.000,0.000,0.000,-0.592,9.324,2.111,-0.801,0.833,0.107,0.18,0.11,1,0
147451,0.074,0.005,1.007,0.155,2.188,-0.054,0.9862,0.0085,-0.0355,0.1612,0.310,-4.179,198.559,0.108,-1.564,2.111,0.000,0.000,0.000,-1.128,9.128,2.111,-0.791,0.815,0.122,0.17,-0.30,1,0
147473,0.073,0.005,1.007,0.286,2.264,-0.060,0.9862,0.0084,-0.0353,0.1612,0.301,-4.148,198.560,0.108,-1.564,2.111,0.000,0.000,0.000,-1.014,8.992,2.111,-0.828,0.791,0.115,0.17,-0.28,1,0
147486,0.072,0.005,1.007,0.177,2.219,-0.024,0.9863,0.0084,-0.0350,0.1612,0.307,-4.119,198.559,0.108,-1.564,2.111,0.000,0.000,0.000,-1.116,8.973,2.111,-0.835,0.792,0.114,0.16,-0.28,1,0
147504,0.072,0.005,1.008,0.146,2.220,0.096,0.9863,0.0082,-0.0346,0.1613,0.288,-4.066,198.562,0.108,-1.564,2.111,0.000,0.000,0.000,-1.089,8.844,2.111,-0.833,0.793,0.102,0.16,-0.26,1,0
147516,0.071,0.005,1.007,0.150,2.232,0.064,0.9863,0.0080,-0.0345,0.1613,0.265,-4.054,198.564,0.108,-1.564,2.111,0.000,0.000,0.000,-0.930,8.754,2.111,-0.829,0.793,0.098,0.16,-0.13,1,0
147542,0.070,0.005,1.007,0.053,2.180,0.020,0.9863,0.0083,-0.0340,0.1613,0.308,-4.002,198.562,0.108,-1.564,2.111,0.000,0.000,0.000,-1.133,8.514,2.111,-0.817,0.790,0.105,0.16,-0.12,1,0
147560,0.070,0.005,1.007,0.160,2.265,-0.137,0.9863,0.0081,-0.0336,0.1613,0.289,-3.953,198.563,0.108,-1.564,2.111,0.000,0.000,0.000,-1.131,8.382,2.111,-0.830,0.791,0.112,0.15,-0.10,1,0
147582,0.069,0.006,1.007,0.014,2.301,0.135,0.9863,0.0087,-0.0333,0.1612,0.370,-3.923,198.557,0.108,-1.564,2.111,0.000,0.000,0.000,-1.469,8.272,2.111,-0.843,0.785,0.108,0.15,-0.01,1,0
147606,0.068,0.005,1.008,0.165,2.180,0.092,0.9863,0.0078,-0.0329,0.1613,0.279,-3.867,198.567,0.108,-1.564,2.111,0.000,0.000,0.000,-0.972,8.084,2.111,-0.854,0.784,0.088,0.15,-0.01,1,0
147626,0.068,0.005,1.008,0.128,2.126,0.048,0.9863,0.0080,-0.0326,0.1613,0.305,-3.840,198.566,0.108,-1.564,2.111,0.000,0.000,0.000,-1.061,7.912,2.111,-0.842,0.791,0.097,0.15,-0.01,1,0
147644,0.067,0.005,1.008,0.273,2.109,-0.099,0.9863,0.0076,-0.0321,0.1613,0.268,-3.775,198.569,0.108,-1.564,2.111,0.000,0.000,0.000,-0.928,7.811,2.111,-0.842,0.791,0.109,0.15,-0.02,1,0
147658,0.066,0.006,1.008,0.198,2.102,-0.262,0.9864,0.0081,-0.0319,0.1613,0.331,-3.762,198.562,0.108,-1.564,2.111,0.000,0.000,0.000,-1.016,7.647,2.111,-0.843,0.786,0.128,0.15,-0.14,1,0
147686,0.065,0.007,1.008,0.172,2.234,0.158,0.9864,0.0085,-0.0314,0.1613,0.384,-3.708,198.558,0.108,-1.564,2.111,0.000,0.000,0.000,-1.669,7.504,2.111,-0.863,0.771,0.110,0.15,-0.13,1,0
147704,0.064,0.006,1.008,0.105,2.214,0.167,0.9864,0.0079,-0.0310,0.1613,0.325,-3.651,198.564,0.108,-1.564,2.111,0.000,0.000,0.000,-1.435,7.377,2.111,-0.872,0.760,0.088,0.15,-0.12,1,0
147716,0.064,0.006,1.008,0.015,2.135,0.127,0.9864,0.0078,-0.0308,0.1613,0.318,-3.633,198.566,0.108,-1.564,2.111,0.000,0.000,0.000,-1.214,7.286,2.111,-0.860,0.759,0.087,0.15,-0.12,1,0
147726,0.064,0.005,1.008,0.173,2.002,0.022,0.9864,0.0075,-0.0307,0.1613,0.284,-3.609,198.570,0.108,-1.564,2.111,0.000,0.000,0.000,-0.982,7.205,2.111,-0.836,0.773,0.093,0.15,-0.03,1,0
148152,0.052,0.005,1.008,0.098,0.099,-0.097,0.9865,0.0067,-0.0251,0.1616,0.299,-2.958,198.594,0.215,-1.564,2.111,0.000,0.000,0.000,-0.454,4.863,2.111,-0.846,0.857,0.114,0.14,-0.38,1,0
148172,0.052,0.006,1.008,0.160,0.176,-0.086,0.9865,0.0071,-0.0248,0.1615,0.346,-2.939,198.590,0.215,-1.564,2.111,0.000,0.000,0.000,-0.731,4.799,2.111,-0.817,0.867,0.124,0.15,0.29,1,0
148194,0.051,0.006,1.008,0.111,0.031,0.084,0.9865,0.0071,-0.0247,0.1615,0.345,-2.928,198.590,0.215,-1.564,2.111,0.000,0.000,0.000,-0.675,4.682,2.111,-0.819,0.862,0.111,0.15,0.28,1,0
148214,0.051,0.006,1.008,0.085,-0.171,0.120,0.9865,0.0067,-0.0246,0.1616,0.304,-2.905,198.594,0.215,-1.564,2.111,0.000,0.000,0.000,-0.611,4.713,2.111,-0.816,0.882,0.097,0.16,0.24,1,0
148227,0.051,0.005,1.008,-0.005,-0.194,0.194,0.9865,0.0067,-0.0246,0.1616,0.306,-2.902,198.596,0.215,-1.564,2.111,0.000,0.000,0.000,-0.496,4.682,2.111,-0.807,0.891,0.090,0.16,0.24,1,0
148458,0.052,0.005,1.007,-0.043,-1.516,0.096,0.9865,0.0070,-0.0252,0.1617,0.322,-2.980,198.613,0.108,-1.564,2.111,0.000,0.000,0.000,-1.192,4.937,2.111,-0.872,0.972,0.097,0.18,0.27,1,0
148474,0.053,0.006,1.007,0.019,-1.581,0.163,0.9865,0.0071,-0.0253,0.1617,0.330,-2.991,198.614,0.108,-1.564,2.111,0.000,0.000,0.000,-1.234,4.891,2.111,-0.877,0.977,0.092,0.18,0.23,1,0
148502,0.053,0.006,1.008,0.001,-1.627,0.048,0.9865,0.0073,-0.0255,0.1618,0.348,-3.023,198.615,0.108,-1.564,2.111,0.000,0.000,0.000,-1.236,5.036,2.111,-0.883,0.982,0.104,0.18,-0.03,1,0
148514,0.053,0.006,1.008,-0.036,-1.696,0.031,0.9865,0.0071,-0.0257,0.1618,0.324,-3.035,198.617,0.108,-1.564,2.111,0.000,0.000,0.000,-1.328,5.148,2.111,-0.884,0.984,0.104,0.18,-0.03,1,0
148536,0.054,0.006,1.008,-0.104,-1.634,0.117,0.9865,0.0073,-0.0259,0.1618,0.347,-3.063,198.616,0.215,-1.564,2.111,0.000,0.000,0.000,-0.612,5.191,2.111,-0.869,0.987,0.106,0.18,0.00,1,0
148554,0.054,0.005,1.007,-0.001,-1.774,0.077,0.9865,0.0068,-0.0261,0.1618,0.280,-3.078,198.622,0.108,-1.564,2.111,0.000,0.000,0.000,-0.489,5.260,2.111,-0.831,0.990,0.099,0.19,0.27,1,0
148575,0.054,0.005,1.007,0.092,-1.957,-0.030,0.9864,0.0068,-0.0263,0.1618,0.286,-3.099,198.622,0.108,-1.564,2.111,0.000,0.000,0.000,-0.870,5.353,2.111,-0.842,0.991,0.108,0.19,0.25,1,0
148598,0.055,0.006,1.007,-0.021,-1.954,0.007,0.9864,0.0073,-0.0265,0.1618,0.335,-3.130,198.618,0.215,-1.564,2.111,0.000,0.000,0.000,-1.000,5.382,2.111,-0.849,0.992,0.114,0.20,0.25,1,0
148614,0.056,0.006,1.007,0.048,-2.001,0.118,0.9864,0.0073,-0.0270,0.1618,0.322,-3.184,198.623,0.108,-1.564,2.111,0.000,0.000,0.000,-1.277,5.550,2.111,-0.841,0.994,0.090,0.20,0.22,1,0
148634,0.057,0.006,1.007,-0.075,-2.112,-0.009,0.9864,0.0074,-0.0274,0.1618,0.333,-3.233,198.622,0.108,-1.564,2.111,0.000,0.000,0.000,-1.298,5.702,2.111,-0.864,0.995,0.111,0.20,0.10,1,0
148656,0.057,0.006,1.008,-0.063,-2.114,0.166,0.9864,0.0077,-0.0274,0.1618,0.361,-3.242,198.622,0.215,-1.564,2.111,0.000,0.000,0.000,-0.926,5.893,2.111,-0.872,0.996,0.098,0.21,0.09,1,0
148667,0.058,0.006,1.008,-0.107,-2.148,0.231,0.9864,0.0073,-0.0279,0.1618,0.314,-3.289,198.627,0.215,-1.564,2.111,0.000,0.000,0.000,-0.768,5.947,2.111,-0.855,0.997,0.090,0.21,0.09,1,0
148684,0.058,0.005,1.008,0.005,-2.240,-0.032,0.9864,0.0074,-0.0279,0.1619,0.317,-3.295,198.628,0.108,-1.564,2.111,0.000,0.000,0.000,-1.041,5.985,2.111,-0.835,0.997,0.101,0.21,0.10,1,0
148706,0.059,0.006,1.008,0.114,-2.203,-0.022,0.9864,0.0077,-0.0283,0.1618,0.343,-3.342,198.625,0.108,-1.564,2.111,0.000,0.000,0.000,-0.696,6.166,2.111,-0.840,0.998,0.118,0.21,0.15,1,0
148718,0.059,0.006,1.008,-0.062,-2.201,0.048,0.9864,0.0077,-0.0287,0.1618,0.343,-3.385,198.625,0.108,-1.564,2.111,0.000,0.000,0.000,-1.330,6.235,2.111,-0.847,0.998,0.117,0.21,0.14,1,0
148743,0.060,0.006,1.008,0.034,-2.240,-0.036,0.9864,0.0076,-0.0291,0.1618,0.323,-3.430,198.626,0.108,-1.564,2.111,0.000,0.000,0.000,-1.302,6.450,2.111,-0.877,0.998,0.116,0.21,0.11,1,0
149192,0.076,0.005,1.007,-0.088,-1.371,0.208,0.9860,0.0088,-0.0370,0.1621,0.313,-4.351,198.656,0.108,-1.564,2.111,0.000,0.000,0.000,-1.092,9.645,2.111,-0.874,1.000,0.082,0.18,0.28,1,0
149212,0.077,0.005,1.007,-0.009,-1.163,0.040,0.9860,0.0087,-0.0373,0.1621,0.289,-4.381,198.660,0.108,-1.564,2.111,0.000,0.000,0.000,-1.004,9.816,2.111,-0.873,1.000,0.085,0.19,0.33,1,0
149226,0.077,0.005,1.007,-0.063,-1.041,0.063,0.9860,0.0087,-0.0372,0.1621,0.297,-4.373,198.660,0.108,-1.564,2.111,0.000,0.000,0.000,-1.046,9.780,2.111,-0.872,1.000,0.091,0.19,0.33,1,0
149252,0.078,0.005,1.007,0.051,-0.679,0.028,0.9860,0.0085,-0.0375,0.1621,0.266,-4.404,198.663,0.108,-1.564,2.111,0.000,0.000,0.000,-0.940,9.979,2.111,-0.869,0.994,0.100,0.20,0.28,1,0
149452,0.079,0.006,1.008,0.043,1.425,-0.007,0.9860,0.0092,-0.0383,0.1621,0.334,-4.501,198.655,0.108,-1.564,2.111,0.000,0.000,0.000,-1.260,10.272,2.111,-0.888,0.912,0.126,0.28,-0.25,1,0
149467,0.079,0.006,1.008,0.128,1.491,0.145,0.9860,0.0090,-0.0381,0.1621,0.309,-4.479,198.659,0.108,-1.564,2.111,0.000,0.000,0.000,-1.146,10.253,2.111,-0.893,0.905,0.105,0.27,-0.25,1,0
149496,0.078,0.005,1.008,-0.050,1.404,0.149,0.9860,0.0088,-0.0379,0.1621,0.291,-4.446,198.664,0.215,-1.564,2.111,0.000,0.000,0.000,-0.538,10.057,2.111,-0.864,0.911,0.091,0.25,-0.67,1,0
149522,0.078,0.005,1.008,0.128,1.336,0.137,0.9860,0.0088,-0.0377,0.1622,0.296,-4.429,198.667,0.215,-1.564,2.111,0.000,0.000,0.000,-0.449,10.031,2.111,-0.838,0.927,0.083,0.24,-0.57,1,0
149543,0.078,0.005,1.008,-0.028,1.535,-0.030,0.9860,0.0088,-0.0374,0.1622,0.298,-4.395,198.668,0.108,-1.564,2.111,0.000,0.000,0.000,-1.099,9.970,2.111,-0.838,0.924,0.101,0.24,0.02,1,0
149554,0.077,0.005,1.008,0.130,1.470,-0.039,0.9860,0.0087,-0.0371,0.1622,0.296,-4.363,198.668,0.108,-1.564,2.111,0.000,0.000,0.000,-1.099,9.970,2.111,-0.848,0.928,0.106,0.24,0.02,1,0
149564,0.077,0.005,1.007,0.259,1.502,-0.035,0.9860,0.0088,-0.0374,0.1622,0.301,-4.389,198.667,0.215,-1.564,2.111,0.000,0.000,0.000,-0.444,9.874,2.111,-0.863,0.935,0.115,0.24,0.02,1,0
149582,0.077,0.005,1.008,0.072,1.753,0.241,0.9860,0.0087,-0.0372,0.1622,0.295,-4.367,198.670,0.108,-1.564,2.111,0.000,0.000,0.000,-1.170,9.796,2.111,-0.843,0.912,0.095,0.24,0.01,1,0
149600,0.076,0.004,1.007,0.223,1.813,0.180,0.9860,0.0082,-0.0367,0.1622,0.245,-4.308,198.677,0.108,-1.564,2.111,0.000,0.000,0.000,-0.934,9.639,2.111,-0.860,0.900,0.083,0.24,0.00,1,0
149622,0.076,0.004,1.007,0.216,1.717,0.032,0.9860,0.0083,-0.0367,0.1622,0.252,-4.307,198.678,0.215,-1.564,2.111,0.000,0.000,0.000,-0.807,9.575,2.111,-0.860,0.900,0.095,0.24,-0.12,1,0
149634,0.076,0.005,1.007,0.041,1.623,0.002,0.9860,0.0085,-0.0366,0.1622,0.276,-4.293,198.677,0.108,-1.564,2.111,0.000,0.000,0.000,-0.234,9.517,2.111,-0.837,0.909,0.104,0.24,-0.12,1,0
149642,0.075,0.005,1.007,0.178,1.780,-0.059,0.9861,0.0085,-0.0361,0.1622,0.293,-4.240,198.676,0.108,-1.564,2.111,0.000,0.000,0.000,-0.997,9.362,2.111,-0.839,0.912,0.112,0.24,-0.11,1,0
149656,0.075,0.005,1.007,0.172,1.803,-0.057,0.9860,0.0085,-0.0363,0.1622,0.289,-4.259,198.676,0.108,-1.564,2.111,0.000,0.000,0.000,-0.997,9.362,2.111,-0.843,0.910,0.113,0.23,-0.11,1,0
149666,0.074,0.005,1.007,0.065,1.989,-0.017,0.9861,0.0087,-0.0358,0.1622,0.318,-4.205,198.673,0.108,-1.564,2.111,0.000,0.000,0.000,-1.196,9.308,2.111,-0.864,0.888,0.117,0.23,-0.12,1,0
149682,0.074,0.005,1.007,0.184,1.898,-0.006,0.9861,0.0086,-0.0354,0.1622,0.312,-4.165,198.673,0.108,-1.564,2.111,0.000,0.000,0.000,-1.192,9.141,2.111,-0.880,0.879,0.114,0.23,-0.18,1,0
149706,0.073,0.005,1.007,0.056,1.884,0.074,0.9861,0.0084,-0.0352,0.1622,0.292,-4.135,198.676,0.108,-1.564,2.111,0.000,0.000,0.000,-0.975,9.088,2.111,-0.879,0.883,0.103,0.22,-0.17,1,0
149727,0.072,0.004,1.007,0.163,1.896,0.177,0.9861,0.0081,-0.0350,0.1623,0.260,-4.106,198.682,0.215,-1.564,2.111,0.000,0.000,0.000,-0.869,8.958,2.111,-0.867,0.892,0.088,0.22,-0.15,1,0
149744,0.072,0.004,1.007,0.092,2.013,-0.023,0.9861,0.0079,-0.0348,0.1623,0.244,-4.082,198.685,0.108,-1.564,2.111,0.000,0.000,0.000,-0.878,8.858,2.111,-0.843,0.882,0.097,0.22,-0.04,1,0
149758,0.072,0.005,1.007,0.116,2.003,-0.187,0.9861,0.0081,-0.0346,0.1623,0.269,-4.058,198.681,0.108,-1.564,2.111,0.000,0.000,0.000,-0.771,8.753,2.111,-0.855,0.875,0.118,0.22,-0.04,1,0
150183,0.058,0.005,1.007,0.098,1.096,0.145,0.9863,0.0071,-0.0280,0.1624,0.287,-3.303,198.689,0.108,-1.369,2.111,0.000,0.000,0.000,-1.069,6.755,2.111,-0.891,0.888,0.105,0.21,0.16,1,0
150196,0.058,0.005,1.007,0.122,1.038,0.154,0.9863,0.0070,-0.0280,0.1624,0.276,-3.297,198.692,0.108,-1.369,2.111,0.000,0.000,0.000,-1.035,6.818,2.111,-0.887,0.901,0.093,0.20,-0.58,1,0
150204,0.058,0.005,1.007,0.106,1.071,0.092,0.9863,0.0070,-0.0279,0.1624,0.275,-3.285,198.693,0.108,-1.369,2.111,0.000,0.000,0.000,-0.925,6.710,2.111,-0.882,0.908,0.092,0.20,-0.58,1,0
150223,0.057,0.005,1.007,0.077,0.966,-0.088,0.9863,0.0069,-0.0277,0.1624,0.270,-3.261,198.693,0.215,-1.369,2.111,0.000,0.000,0.000,-0.930,6.632,2.111,-0.869,0.920,0.107,0.19,-0.55,1,0
150247,0.057,0.006,1.007,0.142,0.893,-0.129,0.9863,0.0076,-0.0274,0.1624,0.349,-3.235,198.685,0.215,-1.369,2.111,0.000,0.000,0.000,-0.556,6.480,2.111,-0.865,0.927,0.128,0.20,-0.40,1,0
150264,0.057,0.006,1.008,0.042,0.910,0.090,0.9863,0.0076,-0.0270,0.1624,0.353,-3.200,198.685,0.108,-1.369,2.111,0.000,0.000,0.000,-1.368,6.478,2.111,-0.854,0.919,0.115,0.21,0.68,1,0
150472,0.054,0.006,1.007,0.139,-0.139,-0.019,0.9863,0.0075,-0.0260,0.1625,0.359,-3.083,198.703,0.108,-1.369,2.111,0.000,0.000,0.000,-1.386,5.927,2.111,-0.873,0.956,0.108,0.18,-0.61,1,0
150484,0.054,0.006,1.007,0.181,-0.217,-0.035,0.9863,0.0074,-0.0259,0.1625,0.350,-3.068,198.703,0.108,-1.369,2.111,0.000,0.000,0.000,-1.295,5.858,2.111,-0.888,0.963,0.116,0.17,-0.58,1,0
150503,0.054,0.006,1.008,0.156,-0.208,0.206,0.9863,0.0070,-0.0258,0.1625,0.312,-3.049,198.706,0.108,-1.369,2.111,0.000,0.000,0.000,-1.325,5.850,2.111,-0.898,0.961,0.104,0.16,-0.53,1,0
150516,0.053,0.005,1.007,0.065,-0.352,0.198,0.9863,0.0066,-0.0258,0.1626,0.269,-3.041,198.711,0.108,-1.369,2.111,0.000,0.000,0.000,-1.006,5.788,2.111,-0.885,0.966,0.088,0.16,-0.37,1,0
150534,0.053,0.005,1.008,-0.038,-0.477,0.142,0.9863,0.0066,-0.0256,0.1626,0.269,-3.018,198.714,0.108,-1.369,2.111,0.000,0.000,0.000,-0.904,5.844,2.111,-0.855,0.972,0.088,0.15,-0.36,1,0
150558,0.053,0.005,1.007,0.053,-0.681,-0.098,0.9863,0.0067,-0.0257,0.1626,0.278,-3.027,198.715,0.215,-1.369,2.111,0.000,0.000,0.000,-0.956,5.859,2.111,-0.853,0.978,0.106,0.14,-0.34,1,0
150578,0.054,0.006,1.007,0.102,-0.845,-0.124,0.9863,0.0074,-0.0257,0.1626,0.352,-3.047,198.709,0.108,-1.369,2.111,0.000,0.000,0.000,-1.241,5.843,2.111,-0.831,0.981,0.122,0.14,-0.26,1,0
150595,0.054,0.006,1.008,0.052,-0.783,0.156,0.9863,0.0075,-0.0257,0.1626,0.366,-3.044,198.708,0.108,-1.369,2.111,0.000,0.000,0.000,-0.894,5.931,2.111,-0.839,0.985,0.109,0.15,0.28,1,0
150616,0.054,0.005,1.007,0.065,-0.837,0.113,0.9863,0.0065,-0.0259,0.1626,0.256,-3.051,198.717,0.215,-1.369,2.111,0.000,0.000,0.000,-1.066,5.857,2.111,-0.858,0.987,0.093,0.15,0.27,1,0
150636,0.054,0.004,1.007,0.058,-1.046,0.099,0.9863,0.0065,-0.0259,0.1626,0.252,-3.045,198.720,0.108,-1.369,2.111,0.000,0.000,0.000,-0.708,5.880,2.111,-0.812,0.989,0.093,0.15,0.23,1,0
150663,0.054,0.005,1.007,0.004,-1.067,-0.015,0.9863,0.0068,-0.0261,0.1626,0.279,-3.081,198.720,0.215,-1.222,2.111,0.000,0.000,0.000,-0.884,6.499,2.111,-0.828,0.992,0.105,0.15,-0.00,1,0
150675,0.054,0.006,1.007,0.018,-1.162,0.034,0.9863,0.0072,-0.0262,0.1626,0.328,-3.092,198.717,0.215,-1.222,2.111,0.000,0.000,0.000,-0.485,6.427,2.111,-0.829,0.993,0.110,0.15,-0.00,1,0
150697,0.054,0.006,1.007,0.080,-1.198,0.200,0.9863,0.0073,-0.0261,0.1626,0.338,-3.087,198.719,0.215,-1.222,2.111,0.000,0.000,0.000,-1.357,6.428,2.111,-0.832,0.994,0.097,0.16,0.06,1,0
150723,0.055,0.005,1.007,-0.012,-1.287,0.029,0.9863,0.0066,-0.0264,0.1627,0.259,-3.107,198.726,0.215,-1.222,2.111,0.000,0.000,0.000,-1.059,6.561,2.111,-0.830,0.995,0.098,0.18,0.59,1,0
150744,0.055,0.004,1.007,0.181,-1.443,-0.066,0.9863,0.0064,-0.0266,0.1627,0.231,-3.129,198.727,0.215,-1.222,2.111,0.000,0.000,0.000,-0.204,6.677,2.111,-0.825,0.996,0.115,0.19,0.56,1,0
150761,0.056,0.005,1.007,-0.046,-1.466,0.127,0.9863,0.0069,-0.0268,0.1627,0.285,-3.156,198.724,0.215,-1.222,2.111,0.000,0.000,0.000,-0.457,6.810,2.111,-0.782,0.997,0.111,0.19,0.50,1,0
150774,0.056,0.006,1.007,-0.154,-1.464,0.234,0.9863,0.0075,-0.0270,0.1627,0.341,-3.195,198.723,0.108,-1.222,2.111,0.000,0.000,0.000,-1.188,6.801,2.111,-0.789,0.997,0.092,0.19,0.23,1,0
151216,0.069,0.005,1.007,0.027,-1.884,0.016,0.9860,0.0078,-0.0334,0.1630,0.256,-3.917,198.760,0.108,-0.978,2.111,0.000,0.000,0.000,-0.216,10.375,2.111,-0.830,1.000,0.111,0.15,-0.35,1,0
151236,0.069,0.005,1.007,-0.012,-1.756,0.109,0.9860,0.0082,-0.0335,0.1630,0.300,-3.944,198.757,0.215,-0.978,2.111,0.000,0.000,0.000,-0.945,10.331,2.111,-0.841,1.000,0.110,0.13,-0.81,1,0
151257,0.070,0.005,1.007,0.165,-1.743,0.030,0.9860,0.0083,-0.0338,0.1630,0.305,-3.980,198.759,0.108,-0.929,2.111,0.000,0.000,0.000,-1.081,10.596,2.111,-0.843,1.000,0.105,0.12,-0.77,1,0
151274,0.070,0.006,1.007,-0.014,-1.759,0.016,0.9860,0.0084,-0.0338,0.1630,0.322,-3.980,198.758,0.108,-0.929,2.111,0.000,0.000,0.000,-1.192,10.603,2.111,-0.857,1.000,0.108,0.11,-0.77,1,0
151483,0.076,0.005,1.007,0.038,-1.075,-0.052,0.9859,0.0085,-0.0369,0.1631,0.271,-4.332,198.773,0.215,-0.929,2.111,0.000,0.000,0.000,-0.286,11.872,2.111,-0.828,1.000,0.108,0.05,-0.02,1,0
151498,0.077,0.005,1.007,0.090,-1.007,0.049,0.9859,0.0087,-0.0371,0.1631,0.294,-4.359,198.771,0.215,-0.929,2.111,0.000,0.000,0.000,-0.432,11.932,2.111,-0.830,1.000,0.112,0.05,0.21,1,0
151515,0.077,0.005,1.007,0.006,-0.758,0.217,0.9859,0.0086,-0.0371,0.1631,0.281,-4.356,198.775,0.108,-0.782,2.111,0.000,0.000,0.000,-0.479,12.515,2.111,-0.828,1.000,0.097,0.05,0.20,1,0
151538,0.077,0.004,1.007,-0.004,-0.595,0.023,0.9859,0.0080,-0.0374,0.1631,0.205,-4.381,198.784,0.108,-0.782,2.111,0.000,0.000,0.000,-0.578,12.528,2.111,-0.844,1.000,0.095,0.06,0.19,1,0
151554,0.077,0.004,1.007,0.044,-0.595,-0.103,0.9859,0.0080,-0.0375,0.1631,0.202,-4.390,198.783,0.108,-0.782,2.111,0.000,0.000,0.000,-0.486,12.658,2.111,-0.842,1.000,0.115,0.06,0.15,1,0
151573,0.078,0.004,1.007,0.079,-0.424,0.006,0.9859,0.0084,-0.0375,0.1631,0.250,-4.398,198.779,0.108,-0.782,2.111,0.000,0.000,0.000,-0.606,12.609,2.111,-0.843,1.000,0.119,0.06,0.15,1,0
151584,0.078,0.005,1.007,0.090,-0.116,0.164,0.9858,0.0087,-0.0378,0.1631,0.274,-4.431,198.779,0.215,-0.782,2.111,0.000,0.000,0.000,-0.403,12.671,2.111,-0.850,1.000,0.103,0.06,-0.13,1,0
151604,0.078,0.005,1.007,0.084,-0.039,0.036,0.9858,0.0088,-0.0377,0.1631,0.294,-4.423,198.779,0.215,-0.782,2.111,0.000,0.000,0.000,-0.361,12.656,2.111,-0.836,1.000,0.102,0.05,-0.12,1,0
151626,0.078,0.005,1.008,0.076,0.164,0.046,0.9858,0.0089,-0.0378,0.1631,0.296,-4.437,198.780,0.108,-0.782,2.111,0.000,0.000,0.000,-1.059,12.756,2.111,-0.861,1.000,0.106,0.06,-0.07,1,0
151646,0.078,0.004,1.007,0.142,0.285,0.014,0.9858,0.0083,-0.0379,0.1632,0.229,-4.443,198.786,0.215,-0.782,2.111,0.000,0.000,0.000,-0.187,12.749,2.111,-0.864,1.000,0.105,0.06,0.30,1,0
151674,0.078,0.005,1.007,0.009,0.493,0.074,0.9858,0.0086,-0.0378,0.1632,0.266,-4.431,198.785,0.215,-0.782,2.111,0.000,0.000,0.000,-0.883,12.828,2.111,-0.846,1.000,0.102,0.07,0.30,1,0
151700,0.078,0.005,1.007,0.119,0.633,0.040,0.9858,0.0087,-0.0379,0.1632,0.276,-4.444,198.786,0.108,-0.782,2.111,0.000,0.000,0.000,-0.917,12.798,2.111,-0.855,1.000,0.100,0.09,0.54,1,0
151716,0.079,0.005,1.007,0.210,0.600,-0.055,0.9858,0.0089,-0.0381,0.1632,0.293,-4.476,198.785,0.108,-0.782,2.111,0.000,0.000,0.000,-0.944,12.838,2.111,-0.882,1.000,0.109,0.10,0.51,1,0
151734,0.079,0.006,1.007,0.072,0.760,-0.013,0.9858,0.0093,-0.0378,0.1631,0.339,-4.453,198.780,0.108,-0.782,2.111,0.000,0.000,0.000,-1.147,12.835,2.111,-0.895,1.000,0.117,0.10,0.41,1,0
151752,0.078,0.006,1.007,0.019,0.897,0.087,0.9858,0.0090,-0.0377,0.1632,0.310,-4.431,198.784,0.108,-0.587,2.111,0.000,0.000,0.000,-1.299,12.811,2.111,-0.904,1.000,0.106,0.10,0.41,1,0
151782,0.078,0.005,1.007,0.073,0.985,-0.026,0.9858,0.0086,-0.0377,0.1632,0.272,-4.421,198.788,0.108,-0.587,2.111,0.000,0.000,0.000,-0.973,13.463,2.111,-0.886,1.000,0.106,0.09,-0.25,1,0
152202,0.068,0.005,1.007,0.228,1.803,-0.068,0.9860,0.0078,-0.0330,0.1634,0.262,-3.877,198.809,0.108,-0.147,2.111,0.000,0.000,0.000,-0.837,13.057,2.111,-0.881,0.965,0.106,0.09,0.27,1,0
152214,0.068,0.005,1.007,-0.010,1.821,-0.052,0.9860,0.0081,-0.0328,0.1634,0.301,-3.856,198.805,0.108,-0.147,2.111,0.000,0.000,0.000,-1.002,12.905,2.111,-0.880,0.969,0.114,0.09,0.20,1,0
152234,0.067,0.005,1.007,0.177,1.821,0.013,0.9860,0.0077,-0.0324,0.1634,0.263,-3.813,198.808,0.108,0.000,2.111,0.000,0.000,0.000,-1.033,13.293,2.111,-0.883,0.975,0.110,0.09,0.19,1,0
152252,0.067,0.005,1.008,0.244,1.835,-0.151,0.9860,0.0079,-0.0322,0.1634,0.285,-3.788,198.805,0.108,0.000,2.111,0.000,0.000,0.000,-0.877,13.201,2.111,-0.887,0.979,0.122,0.10,0.19,1,0
152267,0.066,0.006,1.007,-0.014,1.721,0.021,0.9860,0.0082,-0.0320,0.1633,0.332,-3.767,198.801,0.108,0.000,2.111,0.000,0.000,0.000,-1.123,13.198,2.111,-0.881,0.982,0.116,0.10,0.19,1,0
152284,0.066,0.005,1.007,0.125,1.626,0.167,0.9860,0.0080,-0.0317,0.1634,0.306,-3.738,198.806,0.108,0.000,2.111,0.000,0.000,0.000,-1.119,13.057,2.111,-0.894,0.985,0.095,0.10,0.26,1,0
152502,0.060,0.005,1.007,0.146,1.160,-0.011,0.9861,0.0072,-0.0288,0.1635,0.279,-3.397,198.817,0.108,0.489,2.111,0.000,0.000,0.000,-0.955,13.580,2.111,-0.875,0.998,0.112,0.17,0.74,1,0
152521,0.059,0.005,1.008,0.016,1.109,0.091,0.9861,0.0071,-0.0285,0.1635,0.274,-3.354,198.818,0.108,0.489,2.111,0.000,0.000,0.000,-0.979,13.497,2.111,-0.871,0.999,0.107,0.18,0.70,1,0
152537,0.059,0.005,1.008,0.110,1.036,0.066,0.9861,0.0071,-0.0283,0.1635,0.276,-3.337,198.820,0.215,0.489,2.111,0.000,0.000,0.000,-0.938,13.383,2.111,-0.869,0.999,0.102,0.19,0.63,1,0
152554,0.058,0.005,1.008,0.077,0.952,-0.001,0.9861,0.0069,-0.0281,0.1635,0.254,-3.309,198.822,0.215,0.635,2.111,0.000,0.000,0.000,-0.250,13.869,2.111,-0.828,0.999,0.107,0.19,0.27,1,0
152574,0.058,0.005,1.008,0.057,0.786,-0.043,0.9861,0.0071,-0.0280,0.1635,0.280,-3.297,198.820,0.215,0.635,2.111,0.000,0.000,0.000,-0.353,13.741,2.111,-0.807,0.999,0.113,0.20,0.25,1,0
152592,0.057,0.005,1.008,0.121,0.769,-0.016,0.9861,0.0071,-0.0278,0.1635,0.284,-3.279,198.819,0.215,0.782,2.111,0.000,0.000,0.000,-0.408,14.191,2.111,-0.810,0.999,0.115,0.20,0.27,1,0
152606,0.057,0.005,1.007,0.010,0.692,0.006,0.9861,0.0072,-0.0275,0.1635,0.302,-3.246,198.818,0.215,0.782,2.111,0.000,0.000,0.000,-0.430,14.080,2.111,-0.815,0.999,0.110,0.21,0.27,1,0
152618,0.057,0.005,1.007,0.092,0.676,-0.023,0.9861,0.0071,-0.0277,0.1635,0.278,-3.264,198.820,0.108,0.782,2.111,0.000,0.000,0.000,-0.493,14.047,2.111,-0.821,0.999,0.110,0.21,0.48,1,0
152646,0.057,0.005,1.007,0.035,0.614,0.094,0.9861,0.0070,-0.0276,0.1635,0.277,-3.248,198.820,0.108,0.978,2.111,0.000,0.000,0.000,-1.203,14.720,2.111,-0.843,1.000,0.102,0.23,0.45,1,0
152664,0.057,0.005,1.007,0.065,0.528,0.115,0.9861,0.0072,-0.0274,0.1635,0.299,-3.232,198.821,0.108,1.124,2.111,0.000,0.000,0.000,-0.946,14.682,2.111,-0.860,1.000,0.094,0.22,0.38,1,0
152683,0.057,0.005,1.007,0.121,0.416,0.041,0.9861,0.0070,-0.0274,0.1635,0.280,-3.226,198.824,0.108,1.124,2.111,0.000,0.000,0.000,-0.962,15.200,2.111,-0.872,1.000,0.095,0.22,-0.10,1,0
152703,0.056,0.005,1.007,0.198,0.297,-0.147,0.9861,0.0071,-0.0273,0.1635,0.289,-3.223,198.822,0.108,1.271,2.111,0.000,0.000,0.000,-0.963,15.154,2.111,-0.874,1.000,0.114,0.22,-0.09,1,0
152713,0.056,0.005,1.007,-0.012,0.221,-0.061,0.9861,0.0073,-0.0271,0.1635,0.321,-3.196,198.820,0.108,1.271,2.111,0.000,0.000,0.000,-1.148,15.609,2.111,-0.870,1.000,0.118,0.22,-0.11,1,0
152731,0.056,0.006,1.007,-0.024,0.313,0.245,0.9861,0.0074,-0.0272,0.1635,0.332,-3.211,198.821,0.108,1.271,2.111,0.000,0.000,0.000,-1.256,15.645,2.111,-0.880,1.000,0.094,0.21,-0.25,1,0
152745,0.056,0.005,1.007,0.032,0.230,0.148,0.9861,0.0068,-0.0271,0.1636,0.263,-3.196,198.828,0.215,1.417,2.111,0.000,0.000,0.000,-1.022,15.564,2.111,-0.878,1.000,0.083,0.21,-0.25,1,0
152762,0.056,0.004,1.007,0.020,0.113,-0.098,0.9861,0.0066,-0.0270,0.1636,0.242,-3.172,198.830,0.108,1.417,2.111,0.000,0.000,0.000,-0.762,16.027,2.111,-0.833,1.000,0.103,0.21,-0.24,1,0
152778,0.056,0.004,1.007,0.062,0.024,-0.039,0.9861,0.0066,-0.0270,0.1636,0.246,-3.172,198.828,0.108,1.417,2.111,0.000,0.000,0.000,-0.856,15.970,2.111,-0.835,1.000,0.115,0.20,-0.23,1,0
152795,0.056,0.005,1.007,0.108,-0.064,-0.036,0.9861,0.0072,-0.0267,0.1635,0.312,-3.155,198.824,0.108,1.564,2.111,0.000,0.000,0.000,-1.011,16.475,2.111,-0.849,1.000,0.116,0.21,-0.16,1,0
153211,0.059,0.005,1.007,0.033,-1.513,0.151,0.9861,0.0072,-0.0284,0.1637,0.282,-3.343,198.839,0.108,2.346,2.111,0.000,0.000,0.000,-0.973,19.859,2.111,-0.888,1.000,0.099,0.23,-0.00,1,0
153226,0.059,0.005,1.007,-0.115,-1.569,0.149,0.9861,0.0074,-0.0286,0.1637,0.305,-3.368,198.839,0.215,2.346,2.111,0.000,0.000,0.000,-0.379,19.898,2.111,-0.855,1.000,0.094,0.23,-0.00,1,0
153244,0.060,0.005,1.007,0.018,-1.592,0.127,0.9861,0.0074,-0.0288,0.1637,0.301,-3.400,198.842,0.108,2.346,2.111,0.000,0.000,0.000,-1.009,19.959,2.111,-0.832,1.000,0.094,0.24,0.04,1,0
153266,0.060,0.006,1.007,0.058,-1.694,-0.033,0.9861,0.0076,-0.0289,0.1637,0.312,-3.414,198.842,0.215,2.346,2.111,0.000,0.000,0.000,-0.416,20.054,2.111,-0.835,1.000,0.106,0.25,0.37,1,0
153280,0.060,0.006,1.007,-0.013,-1.670,0.030,0.9860,0.0081,-0.0291,0.1637,0.366,-3.442,198.838,0.215,2.346,2.111,0.000,0.000,0.000,-0.745,20.142,2.111,-0.833,1.000,0.113,0.25,0.35,1,0
153307,0.061,0.006,1.007,-0.060,-1.617,0.178,0.9860,0.0078,-0.0293,0.1637,0.331,-3.457,198.844,0.108,2.346,2.111,0.000,0.000,0.000,-1.347,20.245,2.111,-0.859,1.000,0.089,0.26,0.33,1,0
153543,0.068,0.004,1.007,-0.099,-1.677,0.135,0.9859,0.0076,-0.0330,0.1638,0.241,-3.870,198.857,0.108,2.346,2.111,0.000,0.000,0.000,-0.854,21.632,2.111,-0.825,1.000,0.096,0.27,0.23,1,0
153564,0.069,0.003,1.007,0.053,-1.598,0.084,0.9859,0.0072,-0.0335,0.1638,0.186,-3.919,198.865,0.108,2.346,2.111,0.000,0.000,0.000,-0.555,21.875,2.111,-0.834,1.000,0.086,0.27,0.22,1,0
153580,0.069,0.004,1.007,-0.021,-1.670,-0.041,0.9859,0.0075,-0.0334,0.1638,0.217,-3.913,198.863,0.108,2.151,2.111,0.000,0.000,0.000,-0.491,21.799,2.111,-0.825,1.000,0.103,0.27,0.12,1,0
153604,0.070,0.005,1.007,0.025,-1.620,-0.039,0.9859,0.0080,-0.0338,0.1638,0.274,-3.969,198.858,0.215,2.199,2.111,0.000,0.000,0.000,-0.675,21.484,2.111,-0.832,1.000,0.114,0.26,-0.60,1,0
153624,0.070,0.005,1.007,0.133,-1.410,0.075,0.9859,0.0082,-0.0341,0.1638,0.290,-4.007,198.858,0.108,2.199,2.111,0.000,0.000,0.000,-0.985,21.578,2.111,-0.850,1.000,0.105,0.24,-0.57,1,0
153640,0.071,0.004,1.007,0.120,-1.471,-0.030,0.9859,0.0077,-0.0343,0.1638,0.231,-4.022,198.863,0.215,2.199,2.111,0.000,0.000,0.000,-0.690,21.668,2.111,-0.859,1.000,0.108,0.24,-0.52,1,0
153656,0.071,0.004,1.007,0.037,-1.449,0.012,0.9859,0.0079,-0.0343,0.1638,0.252,-4.033,198.861,0.215,2.199,2.111,0.000,0.000,0.000,-0.219,21.791,2.111,-0.815,1.000,0.110,0.23,-0.25,1,0
153686,0.072,0.004,1.007,-0.047,-1.363,0.014,0.9858,0.0080,-0.0349,0.1638,0.249,-4.093,198.862,0.215,2.199,2.111,0.000,0.000,0.000,-0.122,21.879,2.111,-0.788,1.000,0.110,0.22,-0.24,1,0
153696,0.072,0.005,1.007,0.031,-1.363,0.044,0.9858,0.0082,-0.0350,0.1638,0.272,-4.114,198.860,0.215,2.199,2.111,0.000,0.000,0.000,-0.257,22.008,2.111,-0.787,1.000,0.108,0.22,-0.24,1,0
153727,0.073,0.005,1.007,-0.012,-1.241,0.122,0.9858,0.0085,-0.0351,0.1638,0.308,-4.123,198.860,0.108,2.151,2.111,0.000,0.000,0.000,-1.095,21.855,2.111,-0.824,1.000,0.095,0.21,-0.38,1,0
153743,0.073,0.005,1.007,0.059,-1.171,0.091,0.9858,0.0085,-0.0354,0.1638,0.300,-4.162,198.862,0.215,2.151,2.111,0.000,0.000,0.000,-0.582,21.988,2.111,-0.847,1.000,0.096,0.20,-0.37,1,0
153766,0.074,0.004,1.007,0.109,-1.234,-0.040,0.9858,0.0081,-0.0357,0.1639,0.250,-4.190,198.868,0.215,2.199,2.111,0.000,0.000,0.000,-0.213,22.202,2.111,-0.830,1.000,0.101,0.20,-0.35,1,0
153786,0.074,0.005,1.007,-0.028,-1.049,0.134,0.9858,0.0084,-0.0357,0.1639,0.281,-4.200,198.866,0.108,2.199,2.111,0.000,0.000,0.000,-0.352,22.320,2.111,-0.793,1.000,0.101,0.19,-0.31,1,0
153818,0.074,0.005,1.007,0.004,-0.884,0.023,0.9858,0.0082,-0.0359,0.1639,0.258,-4.213,198.872,0.108,2.151,2.111,0.000,0.000,0.000,-0.945,22.247,2.111,-0.829,1.000,0.096,0.19,-0.07,1,0
154254,0.077,0.005,1.006,0.070,0.894,0.134,0.9857,0.0087,-0.0372,0.1640,0.286,-4.367,198.877,0.215,1.906,2.111,0.000,0.000,0.000,-0.493,21.861,2.111,-0.843,1.000,0.095,0.22,-0.28,1,0
154267,0.076,0.005,1.007,0.060,0.973,0.101,0.9857,0.0086,-0.0370,0.1640,0.282,-4.343,198.879,0.108,1.906,2.111,0.000,0.000,0.000,-0.404,21.889,2.111,-0.839,1.000,0.093,0.22,-0.28,1,0
154286,0.076,0.005,1.006,0.074,0.985,0.063,0.9857,0.0088,-0.0368,0.1640,0.306,-4.325,198.879,0.215,1.906,2.111,0.000,0.000,0.000,-0.998,21.814,2.111,-0.854,1.000,0.095,0.22,-0.27,1,0
154298,0.076,0.005,1.006,0.136,0.942,-0.028,0.9857,0.0086,-0.0368,0.1640,0.267,-4.310,198.882,0.108,1.760,2.111,0.000,0.000,0.000,-0.393,21.768,2.111,-0.854,1.000,0.102,0.21,-0.24,1,0
154323,0.076,0.006,1.007,0.148,1.071,0.057,0.9857,0.0089,-0.0368,0.1640,0.320,-4.325,198.877,0.108,1.760,2.111,0.000,0.000,0.000,-1.192,21.253,2.111,-0.878,0.999,0.110,0.21,-0.11,1,0
154527,0.072,0.005,1.007,0.013,1.557,0.123,0.9858,0.0080,-0.0347,0.1641,0.252,-4.068,198.898,0.108,1.564,2.111,0.000,0.000,0.000,-0.509,20.403,2.111,-0.869,1.000,0.081,0.16,-0.34,1,0
154544,0.071,0.004,1.007,0.122,1.462,-0.172,0.9858,0.0080,-0.0345,0.1641,0.251,-4.052,198.898,0.108,1.417,2.111,0.000,0.000,0.000,-0.780,19.115,2.111,-0.859,0.971,0.105,0.15,-0.33,1,0
154572,0.071,0.005,1.008,0.164,1.569,0.026,0.9858,0.0082,-0.0339,0.1641,0.290,-3.990,198.893,0.108,1.369,2.111,0.000,0.000,0.000,-0.999,18.724,2.111,-0.873,0.949,0.114,0.15,-0.22,1,0
154592,0.070,0.005,1.008,-0.008,1.601,0.088,0.9858,0.0080,-0.0337,0.1641,0.266,-3.964,198.896,0.108,1.417,2.111,0.000,0.000,0.000,-0.922,18.869,2.111,-0.874,0.956,0.100,0.14,-0.21,1,0
154606,0.070,0.005,1.008,0.146,1.616,0.020,0.9858,0.0082,-0.0336,0.1641,0.291,-3.953,198.895,0.108,1.417,2.111,0.000,0.000,0.000,-0.911,18.830,2.111,-0.875,0.961,0.100,0.14,-0.21,1,0
154627,0.069,0.005,1.008,0.046,1.534,-0.037,0.9858,0.0080,-0.0334,0.1641,0.272,-3.922,198.897,0.108,1.271,2.111,0.000,0.000,0.000,-0.942,18.190,2.111,-0.878,0.964,0.103,0.14,-0.17,1,0
154657,0.069,0.005,1.008,0.126,1.614,0.026,0.9858,0.0079,-0.0331,0.1642,0.265,-3.895,198.898,0.215,1.271,2.111,0.000,0.000,0.000,-0.983,18.077,2.111,-0.884,0.973,0.106,0.14,0.05,1,0
154676,0.068,0.005,1.008,0.091,1.697,-0.011,0.9858,0.0080,-0.0331,0.1641,0.277,-3.891,198.897,0.215,1.271,2.111,0.000,0.000,0.000,-0.347,18.016,2.111,-0.864,0.978,0.107,0.14,-0.00,1,0
154697,0.068,0.005,1.007,0.081,1.441,0.081,0.9859,0.0080,-0.0326,0.1642,0.287,-3.841,198.898,0.108,1.124,2.111,0.000,0.000,0.000,-0.987,17.374,2.111,-0.862,0.982,0.101,0.13,-0.45,1,0
154716,0.067,0.004,1.007,0.153,1.517,0.004,0.9859,0.0075,-0.0324,0.1642,0.243,-3.805,198.903,0.108,1.124,2.111,0.000,0.000,0.000,-0.884,17.251,2.111,-0.875,0.986,0.097,0.12,-0.42,1,0
154738,0.066,0.005,1.007,0.057,1.546,0.074,0.9859,0.0077,-0.0321,0.1642,0.262,-3.778,198.902,0.108,1.124,2.111,0.000,0.000,0.000,-0.839,17.135,2.111,-0.860,0.988,0.099,0.12,-0.34,1,0
154754,0.066,0.005,1.007,0.112,1.333,0.054,0.9859,0.0075,-0.0316,0.1642,0.250,-3.712,198.905,0.108,1.124,2.111,0.000,0.000,0.000,-0.746,16.994,2.111,-0.858,0.990,0.096,0.13,0.26,1,0
154776,0.065,0.004,1.007,0.127,1.468,-0.114,0.9859,0.0076,-0.0315,0.1642,0.265,-3.703,198.903,0.108,0.978,2.111,0.000,0.000,0.000,-0.849,16.328,2.111,-0.859,0.983,0.113,0.13,0.24,1,0
154794,0.065,0.005,1.007,0.051,1.489,0.150,0.9859,0.0079,-0.0311,0.1642,0.313,-3.663,198.900,0.215,0.978,2.111,0.000,0.000,0.000,-0.438,16.275,2.111,-0.851,0.982,0.109,0.13,0.23,1,0
154816,0.064,0.004,1.007,0.089,1.417,0.152,0.9859,0.0074,-0.0311,0.1642,0.246,-3.654,198.908,0.215,0.978,2.111,0.000,0.000,0.000,-0.166,16.175,2.111,-0.821,0.985,0.087,0.14,0.20,1,0
154827,0.064,0.004,1.007,-0.018,1.308,0.006,0.9859,0.0073,-0.0307,0.1642,0.245,-3.610,198.908,0.108,0.978,2.111,0.000,0.000,0.000,-0.304,16.124,2.111,-0.803,0.987,0.095,0.14,0.20,1,0
155222,0.057,0.004,1.007,0.082,0.211,0.024,0.9860,0.0068,-0.0277,0.1644,0.248,-3.257,198.926,0.108,-0.440,2.111,0.000,0.000,0.000,-0.792,9.831,2.111,-0.875,0.861,0.091,0.16,-0.06,1,0
155234,0.057,0.004,1.007,0.053,0.068,-0.069,0.9860,0.0068,-0.0276,0.1644,0.249,-3.254,198.926,0.108,-0.440,2.111,0.000,0.000,0.000,-0.695,9.775,2.111,-0.864,0.794,0.106,0.16,-0.06,1,0
155254,0.057,0.005,1.007,0.018,-0.098,-0.047,0.9860,0.0069,-0.0277,0.1644,0.259,-3.263,198.925,0.108,-0.440,2.111,0.000,0.000,0.000,-0.789,9.823,2.111,-0.855,0.795,0.114,0.16,-0.06,1,0
155267,0.057,0.005,1.006,0.023,-0.101,0.202,0.9860,0.0069,-0.0274,0.1644,0.266,-3.233,198.928,0.108,-0.587,2.111,0.000,0.000,0.000,-0.900,9.222,2.111,-0.862,0.794,0.094,0.16,-0.05,1,0
155286,0.056,0.005,1.007,-0.078,-0.190,0.007,0.9860,0.0072,-0.0271,0.1644,0.303,-3.199,198.927,0.108,-0.782,2.111,0.000,0.000,0.000,-0.963,9.137,2.111,-0.854,0.806,0.100,0.17,-0.01,1,0
155304,0.056,0.005,1.006,-0.002,-0.521,-0.022,0.9860,0.0072,-0.0272,0.1644,0.296,-3.212,198.928,0.108,-0.782,2.111,0.000,0.000,0.000,-1.046,8.380,2.111,-0.863,0.800,0.110,0.17,0.34,1,0
155320,0.056,0.005,1.007,0.167,-0.442,-0.182,0.9860,0.0070,-0.0271,0.1644,0.284,-3.196,198.927,0.108,-0.782,2.111,0.000,0.000,0.000,-0.912,8.431,2.111,-0.874,0.818,0.122,0.18,0.32,1,0
155334,0.056,0.006,1.007,0.075,-0.152,-0.221,0.9860,0.0074,-0.0273,0.1644,0.321,-3.225,198.921,0.108,-0.978,2.111,0.000,0.000,0.000,-1.167,7.736,2.111,-0.884,0.802,0.140,0.18,0.27,1,0
155538,0.058,0.006,1.007,0.033,-1.121,0.317,0.9860,0.0074,-0.0279,0.1644,0.307,-3.292,198.924,0.108,-1.564,2.111,0.000,0.000,0.000,-1.378,6.035,2.111,-0.883,0.836,0.080,0.18,-0.12,1,0
155561,0.058,0.006,1.007,-0.326,-1.002,0.077,0.9860,0.0075,-0.0280,0.1644,0.325,-3.307,198.926,0.108,-1.564,2.111,0.000,0.000,0.000,-1.115,6.068,2.111,-0.861,0.817,0.091,0.18,0.33,1,0
155576,0.058,0.006,1.007,-0.095,-1.439,0.053,0.9860,0.0075,-0.0280,0.1644,0.319,-3.302,198.927,0.108,-1.564,2.111,0.000,0.000,0.000,-1.298,6.078,2.111,-0.857,0.845,0.103,0.19,0.31,1,0
155596,0.059,0.005,1.008,0.092,-1.314,-0.065,0.9860,0.0072,-0.0281,0.1644,0.285,-3.316,198.929,0.108,-1.564,2.111,0.000,0.000,0.000,-1.083,6.080,2.111,-0.875,0.873,0.117,0.19,0.24,1,0
155624,0.059,0.005,1.007,-0.180,-1.258,0.039,0.9860,0.0073,-0.0282,0.1644,0.290,-3.330,198.928,0.108,-1.564,2.111,0.000,0.000,0.000,-1.062,6.080,2.111,-0.857,0.898,0.114,0.18,-0.22,1,0
155643,0.059,0.004,1.007,0.324,-1.104,-0.389,0.9859,0.0066,-0.0287,0.1644,0.209,-3.366,198.928,0.215,-1.564,2.111,0.000,0.000,0.000,0.045,6.266,2.111,-0.844,0.920,0.150,0.18,-0.21,1,0
155667,0.059,0.006,1.006,0.070,-1.224,0.068,0.9860,0.0076,-0.0287,0.1644,0.314,-3.385,198.918,0.108,-1.564,2.111,0.000,0.000,0.000,-1.141,6.350,2.111,-0.833,0.937,0.132,0.17,-0.21,1,0
155682,0.060,0.005,1.007,0.153,-1.197,0.141,0.9859,0.0075,-0.0288,0.1644,0.303,-3.401,198.921,0.108,-1.564,2.111,0.000,0.000,0.000,-1.152,6.372,2.111,-0.852,0.944,0.107,0.17,-0.34,1,0
155704,0.060,0.006,1.007,-0.250,-1.148,0.285,0.9859,0.0080,-0.0288,0.1644,0.363,-3.410,198.920,0.108,-1.564,2.111,0.000,0.000,0.000,-1.398,6.414,2.111,-0.852,0.956,0.081,0.16,-0.32,1,0
155716,0.060,0.006,1.007,-0.106,-1.435,0.552,0.9859,0.0078,-0.0290,0.1644,0.333,-3.427,198.927,0.108,-1.564,2.111,0.000,0.000,0.000,-1.395,6.549,2.111,-0.860,0.961,0.059,0.16,-0.29,1,0
155732,0.060,0.005,1.007,-0.077,-1.483,0.577,0.9859,0.0074,-0.0290,0.1645,0.293,-3.422,198.937,0.108,-1.564,0.000,0.000,0.000,0.000,-1.192,6.523,2.111,-0.867,0.965,0.036,0.16,-0.29,1,0
155744,0.061,0.005,1.007,-0.257,-1.314,0.267,0.9859,0.0073,-0.0294,0.1646,0.271,-3.460,198.943,0.108,-1.564,1.408,0.000,0.000,0.000,-0.939,6.529,1.408,-0.847,0.970,-0.065,0.15,-0.16,1,0
155764,0.061,0.005,1.006,0.179,-1.778,0.075,0.9859,0.0073,-0.0295,0.1646,0.269,-3.469,198.946,0.108,-1.564,1.408,0.000,0.000,0.000,-0.897,6.627,1.408,-0.850,0.976,0.011,0.15,-0.15,1,0
155784,0.061,0.005,1.007,0.185,-1.783,-0.171,0.9859,0.0075,-0.0295,0.1646,0.286,-3.478,198.944,0.108,-1.564,1.408,0.000,0.000,0.000,-1.012,6.764,1.408,-0.871,0.981,0.060,0.15,-0.14,1,0
155800,0.062,0.006,1.007,0.163,-1.398,-0.065,0.9859,0.0078,-0.0298,0.1645,0.324,-3.513,198.940,0.108,-1.564,1.408,0.000,0.000,0.000,-1.317,6.754,1.408,-0.880,0.979,0.073,0.15,-0.09,1,0
155816,0.062,0.005,1.007,0.218,-1.402,0.030,0.9859,0.0077,-0.0298,0.1645,0.305,-3.509,198.941,0.108,-1.564,1.408,0.000,0.000,0.000,-1.173,6.844,1.408,-0.891,0.978,0.070,0.16,0.28,1,0
155840,0.062,0.004,1.007,-0.255,-1.347,0.236,0.9859,0.0072,-0.0301,0.1646,0.248,-3.541,198.948,0.108,-1.564,1.408,0.000,0.000,0.000,-0.929,6.862,1.232,-0.859,0.983,0.034,0.16,0.27,1,0
156250,0.072,0.005,1.007,0.043,-0.964,-0.075,0.9857,0.0085,-0.0350,0.1648,0.299,-4.122,198.976,0.108,-1.564,2.111,0.000,0.000,0.000,-1.004,8.901,2.111,-0.864,0.997,0.136,0.22,0.29,1,0
156263,0.073,0.006,1.007,0.126,-0.984,-0.005,0.9857,0.0089,-0.0350,0.1648,0.345,-4.122,198.971,0.108,-1.564,2.111,0.000,0.000,0.000,-1.251,8.991,2.111,-0.884,0.998,0.149,0.22,0.35,1,0
156283,0.073,0.005,1.007,0.095,-0.718,0.211,0.9856,0.0082,-0.0354,0.1649,0.259,-4.154,198.981,0.108,-1.564,2.111,0.000,0.000,0.000,-1.040,9.067,2.111,-0.899,0.998,0.125,0.23,0.34,1,0
156298,0.073,0.004,1.007,0.105,-0.802,0.041,0.9857,0.0076,-0.0352,0.1649,0.196,-4.121,198.987,0.108,-1.564,2.111,0.000,0.000,0.000,-0.537,9.019,2.111,-0.876,0.998,0.122,0.23,0.32,1,0
156320,0.073,0.004,1.007,-0.023,-0.777,-0.002,0.9856,0.0080,-0.0356,0.1649,0.230,-4.176,198.984,0.108,-1.564,2.111,0.000,0.000,0.000,-0.585,9.029,2.111,-0.838,0.999,0.134,0.24,0.31,1,0
156332,0.074,0.005,1.007,-0.138,-0.565,0.105,0.9856,0.0083,-0.0355,0.1649,0.265,-4.170,198.982,0.108,-1.564,2.111,0.000,0.000,0.000,-0.878,9.083,2.111,-0.838,0.999,0.124,0.25,0.39,1,0
156345,0.074,0.005,1.007,-0.112,-0.559,0.080,0.9856,0.0083,-0.0356,0.1649,0.270,-4.181,198.983,0.108,-1.564,2.111,0.000,0.000,0.000,-0.860,9.198,2.111,-0.842,0.999,0.119,0.25,0.39,1,0
156555,0.076,0.004,1.008,0.005,0.057,0.222,0.9856,0.0082,-0.0367,0.1650,0.232,-4.298,198.997,0.108,-1.564,2.111,0.000,0.000,0.000,-0.821,9.529,2.111,-0.867,1.000,0.091,0.27,0.26,1,0
156572,0.076,0.005,1.008,0.051,0.027,0.012,0.9856,0.0084,-0.0367,0.1650,0.259,-4.307,198.997,0.108,-1.564,2.111,0.000,0.000,0.000,-0.789,9.569,2.111,-0.858,1.000,0.100,0.27,0.22,1,0
156590,0.076,0.005,1.008,-0.108,0.043,-0.049,0.9856,0.0089,-0.0366,0.1650,0.315,-4.309,198.992,0.108,-1.564,2.111,0.000,0.000,0.000,-1.032,9.562,2.111,-0.856,1.000,0.110,0.27,0.22,1,0
156604,0.076,0.006,1.008,0.002,0.125,-0.014,0.9856,0.0093,-0.0366,0.1649,0.360,-4.318,198.988,0.108,-1.564,2.111,0.000,0.000,0.000,-1.281,9.596,2.111,-0.880,1.000,0.118,0.27,0.00,1,0
156622,0.076,0.006,1.008,0.102,0.217,0.023,0.9856,0.0091,-0.0366,0.1650,0.335,-4.309,198.990,0.108,-1.564,2.111,0.000,0.000,0.000,-1.148,9.582,2.111,-0.892,1.000,0.113,0.27,0.00,1,0
156638,0.076,0.005,1.008,0.118,0.268,0.125,0.9856,0.0087,-0.0367,0.1650,0.290,-4.314,198.994,0.215,-1.564,2.111,0.000,0.000,0.000,-0.547,9.592,2.111,-0.878,1.000,0.107,0.27,-0.04,1,0
156652,0.076,0.005,1.008,0.095,0.275,0.154,0.9856,0.0085,-0.0367,0.1650,0.267,-4.309,198.997,0.215,-1.564,2.111,0.000,0.000,0.000,-0.419,9.599,2.111,-0.863,1.000,0.101,0.26,-0.04,1,0
156665,0.076,0.004,1.007,0.015,0.438,0.017,0.9856,0.0081,-0.0368,0.1650,0.215,-4.308,199.003,0.108,-1.564,2.111,0.000,0.000,0.000,-0.517,9.647,2.111,-0.827,1.000,0.096,0.26,-0.41,1,0
156695,0.076,0.004,1.007,0.186,0.405,-0.100,0.9856,0.0085,-0.0369,0.1650,0.259,-4.330,198.999,0.108,-1.564,2.111,0.000,0.000,0.000,-0.650,9.607,2.111,-0.848,1.000,0.117,0.24,-0.38,1,0
156712,0.076,0.006,1.007,0.121,0.551,-0.093,0.9856,0.0092,-0.0365,0.1650,0.348,-4.305,198.990,0.108,-1.564,2.111,0.000,0.000,0.000,-1.267,9.636,2.111,-0.861,1.000,0.127,0.24,-0.47,1,0
156734,0.076,0.006,1.007,0.113,0.612,0.217,0.9856,0.0092,-0.0367,0.1650,0.344,-4.318,198.992,0.108,-1.564,2.111,0.000,0.000,0.000,-0.593,9.617,2.111,-0.879,1.000,0.099,0.23,-0.45,1,0
156754,0.076,0.005,1.007,0.169,0.642,0.181,0.9856,0.0086,-0.0368,0.1650,0.271,-4.321,199.001,0.215,-1.564,2.111,0.000,0.000,0.000,-1.062,9.600,2.111,-0.870,1.000,0.086,0.22,-0.45,1,0
156764,0.076,0.004,1.007,0.052,0.707,0.154,0.9856,0.0084,-0.0368,0.1651,0.254,-4.315,199.006,0.108,-1.564,2.111,0.000,0.000,0.000,-0.154,9.541,2.111,-0.830,1.000,0.084,0.21,-0.43,1,0
156794,0.075,0.004,1.007,0.005,0.812,0.092,0.9856,0.0081,-0.0365,0.1651,0.227,-4.274,199.013,0.108,-1.613,2.111,0.000,0.000,0.000,-0.561,9.357,2.111,-0.826,0.984,0.090,0.20,-0.51,1,0
156807,0.075,0.005,1.007,0.022,0.785,-0.021,0.9856,0.0085,-0.0363,0.1651,0.275,-4.268,199.009,0.108,-1.613,2.111,0.000,0.000,0.000,-0.669,9.266,2.111,-0.828,0.983,0.102,0.19,-0.51,1,0
156826,0.075,0.005,1.007,0.115,0.839,-0.004,0.9856,0.0089,-0.0362,0.1651,0.321,-4.260,199.006,0.108,-1.613,2.111,0.000,0.000,0.000,-1.171,9.300,2.111,-0.855,0.986,0.112,0.18,-0.49,1,0
156853,0.075,0.005,1.007,0.145,0.996,0.058,0.9856,0.0085,-0.0361,0.1651,0.280,-4.237,199.011,0.108,-1.613,2.111,0.000,0.000,0.000,-1.092,9.155,2.111,-0.885,0.982,0.105,0.18,-0.26,1,0
157384,0.063,0.006,1.007,-0.218,1.123,0.090,0.9858,0.0081,-0.0306,0.1652,0.337,-3.616,199.014,0.108,-2.493,2.111,0.000,0.000,0.000,-0.486,4.198,2.111,-0.833,0.778,0.088,0.18,0.51,1,0
157607,0.060,0.005,1.007,0.114,0.323,-0.042,0.9858,0.0072,-0.0286,0.1653,0.275,-3.374,199.024,0.108,-2.981,2.111,0.000,0.000,0.000,-0.789,1.395,2.111,-0.841,0.655,0.092,0.23,0.08,1,0
157624,0.059,0.006,1.008,-0.069,0.514,0.043,0.9858,0.0075,-0.0282,0.1652,0.313,-3.334,199.022,0.108,-2.981,2.111,0.000,0.000,0.000,-1.071,1.359,2.111,-0.850,0.650,0.105,0.23,0.07,1,0
157641,0.059,0.005,1.007,0.051,0.405,-0.002,0.9858,0.0074,-0.0286,0.1653,0.292,-3.373,199.023,0.108,-2.981,2.111,0.000,0.000,0.000,-1.157,1.381,2.111,-0.865,0.647,0.106,0.23,-0.01,1,0
157656,0.059,0.005,1.007,0.104,0.419,-0.122,0.9858,0.0072,-0.0282,0.1653,0.277,-3.318,199.024,0.108,-2.981,2.111,0.000,0.000,0.000,-0.943,1.181,2.111,-0.878,0.671,0.112,0.23,-0.01,1,0
157673,0.058,0.005,1.008,0.047,0.468,-0.155,0.9858,0.0070,-0.0281,0.1652,0.260,-3.311,199.021,0.108,-2.981,2.111,0.000,0.000,0.000,-0.918,1.220,2.111,-0.869,0.682,0.131,0.23,-0.02,1,0
157691,0.058,0.004,1.007,0.310,0.452,-0.135,0.9858,0.0068,-0.0281,0.1652,0.234,-3.300,199.021,0.108,-2.981,2.111,0.000,0.000,0.000,-0.724,1.195,2.111,-0.863,0.690,0.127,0.22,-0.18,1,0
157716,0.058,0.006,1.007,-0.057,0.304,0.150,0.9858,0.0076,-0.0279,0.1652,0.330,-3.300,199.014,0.108,-2.981,2.111,0.000,0.000,0.000,-1.261,1.012,2.111,-0.863,0.728,0.111,0.22,-0.17,1,0
157732,0.058,0.005,1.007,0.171,0.399,0.300,0.9858,0.0074,-0.0277,0.1652,0.308,-3.271,199.021,0.108,-2.981,2.111,0.000,0.000,0.000,-1.157,1.088,2.111,-0.882,0.743,0.073,0.22,-0.16,1,0
157753,0.057,0.005,1.007,-0.109,0.389,-0.000,0.9858,0.0072,-0.0276,0.1653,0.292,-3.257,199.025,0.108,-2.981,2.111,0.000,0.000,0.000,-0.302,0.927,2.111,-0.849,0.742,0.086,0.21,-0.14,1,0
157772,0.058,0.006,1.007,-0.031,0.133,0.272,0.9858,0.0078,-0.0277,0.1653,0.353,-3.283,199.023,0.215,-2.981,2.111,0.000,0.000,0.000,-0.603,0.955,2.111,-0.830,0.764,0.086,0.21,0.02,1,0
157794,0.058,0.005,1.007,-0.006,0.031,0.351,0.9858,0.0074,-0.0277,0.1653,0.308,-3.273,199.030,0.215,-2.981,2.111,0.000,0.000,0.000,-0.649,1.024,2.111,-0.819,0.789,0.071,0.21,0.02,1,0
157816,0.057,0.005,1.007,0.302,-0.069,-0.163,0.9858,0.0072,-0.0278,0.1653,0.284,-3.275,199.033,0.215,-2.981,2.111,0.000,0.000,0.000,-0.264,0.985,2.111,-0.793,0.831,0.114,0.21,-0.02,1,0
157832,0.057,0.005,1.007,0.062,-0.118,-0.006,0.9858,0.0074,-0.0276,0.1653,0.312,-3.265,199.031,0.215,-2.981,2.111,0.000,0.000,0.000,-0.494,0.985,2.111,-0.797,0.841,0.118,0.21,-0.02,1,0
157850,0.057,0.005,1.007,0.026,0.001,0.094,0.9858,0.0070,-0.0277,0.1653,0.263,-3.265,199.035,0.215,-2.981,2.111,0.000,0.000,0.000,-0.401,0.931,2.111,-0.805,0.844,0.107,0.20,-0.35,1,0
157866,0.057,0.005,1.007,0.058,0.044,-0.103,0.9858,0.0068,-0.0276,0.1653,0.250,-3.247,199.035,0.108,-2.981,2.111,0.000,0.000,0.000,-0.900,0.885,2.111,-0.810,0.816,0.116,0.19,-0.34,1,0
157882,0.057,0.005,1.007,-0.014,-0.170,0.056,0.9858,0.0071,-0.0275,0.1653,0.282,-3.245,199.033,0.108,-2.981,2.111,0.000,0.000,0.000,-0.963,0.907,2.111,-0.836,0.831,0.109,0.20,-0.28,1,0
157898,0.057,0.005,1.006,-0.027,-0.265,0.081,0.9858,0.0070,-0.0275,0.1654,0.267,-3.245,199.035,0.108,-2.981,2.111,0.000,0.000,0.000,-1.035,0.854,2.111,-0.853,0.851,0.101,0.20,0.11,1,0
158306,0.061,0.006,1.007,0.031,-1.301,0.186,0.9857,0.0080,-0.0294,0.1655,0.347,-3.475,199.056,0.108,-2.981,2.111,0.000,0.000,0.000,-1.198,1.670,2.111,-0.894,0.968,0.093,0.28,0.00,1,0
158336,0.061,0.005,1.006,-0.038,-1.371,0.055,0.9857,0.0074,-0.0297,0.1656,0.275,-3.498,199.064,0.108,-2.981,2.111,0.000,0.000,0.000,-0.461,1.760,2.111,-0.861,0.977,0.097,0.28,0.08,1,0
158356,0.062,0.006,1.007,0.010,-1.331,0.027,0.9857,0.0077,-0.0299,0.1656,0.301,-3.524,199.062,0.215,-2.981,2.111,0.000,0.000,0.000,-0.607,1.831,2.111,-0.857,0.979,0.109,0.30,0.73,1,0
158367,0.062,0.006,1.006,-0.027,-1.371,0.088,0.9857,0.0080,-0.0300,0.1656,0.332,-3.539,199.061,0.215,-2.981,2.111,0.000,0.000,0.000,-0.554,1.855,2.111,-0.841,0.979,0.107,0.30,0.73,1,0
158386,0.063,0.006,1.007,0.013,-1.367,0.038,0.9857,0.0080,-0.0302,0.1656,0.333,-3.564,199.063,0.108,-2.981,2.111,0.000,0.000,0.000,-1.306,2.079,2.111,-0.857,0.983,0.102,0.32,0.70,1,0
158396,0.063,0.006,1.007,0.057,-1.303,0.035,0.9857,0.0080,-0.0303,0.1656,0.331,-3.580,199.063,0.108,-2.981,2.111,0.000,0.000,0.000,-1.173,1.999,2.111,-0.871,0.981,0.106,0.32,0.61,1,0
158424,0.063,0.005,1.007,0.034,-1.413,0.076,0.9857,0.0080,-0.0305,0.1656,0.329,-3.604,199.065,0.215,-2.981,2.111,0.000,0.000,0.000,-0.504,2.052,2.111,-0.851,0.983,0.103,0.32,0.08,1,0
159013,0.074,0.005,1.006,0.066,-0.357,0.034,0.9854,0.0086,-0.0359,0.1659,0.292,-4.221,199.106,0.215,-2.981,2.111,0.000,0.000,0.000,-0.400,4.308,2.111,-0.868,0.976,0.101,0.22,-0.01,1,0
159224,0.075,0.005,1.006,0.137,0.386,0.043,0.9854,0.0086,-0.0361,0.1661,0.280,-4.241,199.121,0.108,-2.981,2.111,0.000,0.000,0.000,-0.305,4.494,2.111,-0.822,0.921,0.116,0.14,0.07,1,0
159240,0.075,0.005,1.007,0.073,0.420,0.085,0.9854,0.0086,-0.0361,0.1661,0.289,-4.243,199.122,0.108,-2.981,2.111,0.000,0.000,0.000,-0.904,4.461,2.111,-0.831,0.921,0.107,0.14,0.06,1,0
159256,0.075,0.005,1.007,-0.014,0.421,0.106,0.9854,0.0086,-0.0363,0.1661,0.278,-4.265,199.124,0.108,-2.981,2.111,0.000,0.000,0.000,-0.800,4.480,2.111,-0.849,0.920,0.099,0.15,0.11,1,0
159283,0.075,0.004,1.007,0.136,0.519,0.022,0.9854,0.0083,-0.0361,0.1661,0.252,-4.242,199.130,0.108,-2.981,2.111,0.000,0.000,0.000,-0.715,4.475,2.111,-0.846,0.927,0.096,0.16,0.58,1,0
159303,0.075,0.005,1.007,0.099,0.667,-0.156,0.9854,0.0086,-0.0362,0.1661,0.284,-4.259,199.125,0.108,-2.981,2.111,0.000,0.000,0.000,-0.223,4.478,2.111,-0.848,0.915,0.122,0.17,0.55,1,0
159321,0.075,0.006,1.007,0.108,0.668,0.087,0.9854,0.0088,-0.0359,0.1661,0.317,-4.223,199.122,0.108,-2.981,2.111,0.000,0.000,0.000,-1.148,4.418,2.111,-0.846,0.901,0.116,0.18,0.48,1,0
159336,0.074,0.005,1.006,0.194,0.669,0.129,0.9854,0.0086,-0.0361,0.1661,0.286,-4.240,199.127,0.108,-2.981,2.111,0.000,0.000,0.000,-1.087,4.320,2.111,-0.867,0.901,0.101,0.18,0.06,1,0
159356,0.074,0.005,1.006,0.068,0.779,0.088,0.9854,0.0085,-0.0358,0.1661,0.280,-4.204,199.129,0.108,-3.128,2.111,0.000,0.000,0.000,-0.955,3.850,2.111,-0.865,0.871,0.098,0.18,0.05,1,0
159376,0.074,0.005,1.006,0.003,0.678,0.059,0.9854,0.0084,-0.0357,0.1662,0.265,-4.195,199.131,0.215,-3.128,2.111,0.000,0.000,0.000,-0.875,3.737,2.111,-0.861,0.842,0.098,0.18,0.08,1,0
159394,0.074,0.005,1.006,-0.036,0.694,-0.058,0.9854,0.0085,-0.0356,0.1662,0.283,-4.181,199.131,0.215,-3.128,2.111,0.000,0.000,0.000,-0.249,3.712,2.111,-0.840,0.833,0.107,0.19,0.30,1,0
159416,0.074,0.005,1.006,0.104,0.867,-0.115,0.9854,0.0086,-0.0357,0.1661,0.290,-4.197,199.128,0.108,-3.128,2.111,0.000,0.000,0.000,-1.029,3.664,2.111,-0.851,0.825,0.123,0.19,0.28,1,0
159434,0.074,0.005,1.006,0.130,0.886,-0.024,0.9854,0.0087,-0.0355,0.1661,0.312,-4.173,199.126,0.108,-3.128,2.111,0.000,0.000,0.000,-1.032,3.699,2.111,-0.869,0.820,0.120,0.20,0.25,1,0
159452,0.073,0.005,1.007,0.142,1.028,-0.115,0.9854,0.0085,-0.0354,0.1661,0.288,-4.162,199.126,0.108,-3.128,2.111,0.000,0.000,0.000,-1.041,3.628,2.111,-0.877,0.816,0.123,0.20,0.11,1,0
159467,0.073,0.005,1.007,0.153,1.085,-0.022,0.9854,0.0083,-0.0354,0.1661,0.267,-4.154,199.127,0.108,-3.128,2.111,0.000,0.000,0.000,-0.882,3.612,2.111,-0.880,0.812,0.118,0.20,0.11,1,0
159484,0.073,0.005,1.007,0.105,1.043,0.056,0.9854,0.0087,-0.0351,0.1661,0.312,-4.137,199.124,0.108,-3.128,2.111,0.000,0.000,0.000,-1.142,3.549,2.111,-0.874,0.814,0.108,0.20,0.11,1,0
159503,0.073,0.005,1.007,0.133,1.096,0.157,0.9854,0.0083,-0.0351,0.1661,0.272,-4.129,199.129,0.108,-3.128,2.111,0.000,0.000,0.000,-0.901,3.522,2.111,-0.881,0.817,0.088,0.20,0.10,1,0
159524,0.072,0.005,1.007,0.091,1.067,0.007,0.9854,0.0082,-0.0349,0.1662,0.268,-4.098,199.132,0.108,-3.128,2.111,0.000,0.000,0.000,-0.912,3.388,2.111,-0.879,0.817,0.091,0.21,0.15,1,0
159946,0.067,0.005,1.007,0.131,1.294,-0.020,0.9855,0.0080,-0.0321,0.1663,0.288,-3.785,199.143,0.108,-3.177,2.111,0.000,0.000,0.000,-0.622,1.481,2.111,-0.875,0.730,0.103,0.14,-0.03,1,0
159964,0.063,0.005,1.007,0.098,0.965,0.302,0.9856,0.0075,-0.0304,0.1664,0.273,-3.579,199.159,0.108,-3.372,2.111,0.000,0.000,0.000,-0.929,0.731,2.111,-0.844,0.712,0.081,0.14,-0.03,1,0
159986,0.062,0.005,1.007,-0.004,1.007,-0.007,0.9856,0.0077,-0.0301,0.1664,0.300,-3.551,199.159,0.108,-3.372,2.111,0.000,0.000,0.000,-0.992,0.707,2.111,-0.844,0.683,0.104,0.15,0.02,1,0
159995,0.062,0.006,1.007,-0.037,0.971,0.101,0.9856,0.0077,-0.0300,0.1664,0.296,-3.538,199.160,0.108,-3.372,2.111,0.000,0.000,0.000,-1.185,0.578,2.111,-0.847,0.685,0.105,0.15,0.40,1,0
160018,0.062,0.005,1.007,0.131,1.036,-0.009,0.9856,0.0076,-0.0298,0.1664,0.290,-3.516,199.162,0.108,-3.372,2.111,0.000,0.000,0.000,-1.064,0.487,2.111,-0.865,0.681,0.104,0.16,0.38,1,0
160042,0.061,0.005,1.006,0.077,0.780,-0.006,0.9856,0.0073,-0.0294,0.1664,0.267,-3.465,199.163,0.215,-3.372,2.111,0.000,0.000,0.000,-0.210,0.391,2.111,-0.855,0.700,0.115,0.15,0.28,1,0
160251,0.058,0.005,1.006,0.018,0.300,-0.023,0.9856,0.0075,-0.0280,0.1665,0.318,-3.307,199.171,0.108,-3.763,2.111,0.000,0.000,0.000,-1.173,-1.594,2.111,-0.852,0.630,0.121,0.17,0.24,1,0
160274,0.057,0.005,1.006,0.109,0.158,-0.012,0.9856,0.0071,-0.0277,0.1665,0.279,-3.266,199.173,0.215,-3.763,2.111,0.000,0.000,0.000,-1.088,-1.731,2.111,-0.872,0.621,0.115,0.17,0.23,1,0
160294,0.057,0.005,1.007,0.013,0.178,-0.033,0.9856,0.0071,-0.0276,0.1665,0.279,-3.259,199.173,0.215,-3.763,2.111,0.000,0.000,0.000,-0.349,-1.729,2.111,-0.855,0.624,0.117,0.18,0.23,1,0
160302,0.057,0.005,1.006,-0.027,0.211,0.003,0.9856,0.0074,-0.0276,0.1665,0.313,-3.256,199.171,0.215,-3.763,2.111,0.000,0.000,0.000,-0.466,-1.800,2.111,-0.832,0.624,0.116,0.18,0.18,1,0
160315,0.057,0.005,1.007,0.154,0.193,0.044,0.9856,0.0073,-0.0274,0.1665,0.303,-3.234,199.172,0.215,-3.910,2.111,0.000,0.000,0.000,-0.547,-1.692,2.111,-0.832,0.632,0.111,0.17,0.18,1,0
160335,0.057,0.006,1.007,0.140,0.186,-0.004,0.9856,0.0076,-0.0273,0.1665,0.342,-3.233,199.170,0.108,-3.910,2.111,0.000,0.000,0.000,-0.586,-2.316,2.111,-0.837,0.589,0.111,0.17,-0.18,1,0
160354,0.057,0.006,1.007,0.101,-0.028,0.222,0.9856,0.0074,-0.0273,0.1666,0.318,-3.225,199.173,0.215,-3.910,2.111,0.000,0.000,0.000,-0.624,-2.315,2.111,-0.853,0.606,0.093,0.17,-0.16,1,0
160378,0.057,0.005,1.007,0.037,0.029,0.097,0.9856,0.0072,-0.0273,0.1666,0.290,-3.227,199.180,0.215,-3.910,2.111,0.000,0.000,0.000,-1.011,-2.311,2.111,-0.862,0.632,0.083,0.17,-0.00,1,0
160404,0.057,0.005,1.006,0.063,0.012,0.064,0.9856,0.0073,-0.0274,0.1666,0.299,-3.232,199.181,0.108,-3.959,2.111,0.000,0.000,0.000,-1.056,-2.540,2.111,-0.840,0.633,0.094,0.17,-0.00,1,0
160418,0.057,0.006,1.006,0.032,-0.115,0.040,0.9856,0.0075,-0.0273,0.1666,0.326,-3.233,199.179,0.215,-3.959,2.111,0.000,0.000,0.000,-1.172,-2.527,2.111,-0.861,0.640,0.107,0.16,-0.02,1,0
160440,0.057,0.006,1.006,0.029,-0.186,0.106,0.9856,0.0075,-0.0274,0.1666,0.323,-3.241,199.181,0.108,-3.959,2.111,0.000,0.000,0.000,-0.715,-2.472,2.111,-0.848,0.656,0.102,0.16,-0.13,1,0
160455,0.057,0.005,1.007,0.128,-0.314,-0.053,0.9856,0.0073,-0.0274,0.1666,0.307,-3.233,199.183,0.215,-3.959,2.111,0.000,0.000,0.000,-1.215,-2.497,2.111,-0.866,0.679,0.107,0.16,-0.13,1,0
160467,0.057,0.005,1.007,0.116,-0.306,-0.043,0.9856,0.0074,-0.0275,0.1666,0.315,-3.255,199.182,0.215,-3.959,2.111,0.000,0.000,0.000,-1.215,-2.497,2.111,-0.871,0.683,0.110,0.16,-0.13,1,0
160492,0.057,0.005,1.007,0.144,-0.156,-0.062,0.9856,0.0072,-0.0274,0.1666,0.289,-3.233,199.181,0.108,-4.154,2.111,0.000,0.000,0.000,-1.011,-3.218,2.111,-0.832,0.607,0.124,0.16,-0.09,1,0
160512,0.057,0.006,1.007,-0.033,-0.366,0.236,0.9856,0.0077,-0.0276,0.1666,0.344,-3.268,199.180,0.108,-4.154,2.111,0.000,0.000,0.000,-1.266,-3.169,2.111,-0.822,0.604,0.100,0.16,0.18,1,0
160532,0.057,0.006,1.007,0.021,-0.537,0.334,0.9856,0.0075,-0.0274,0.1667,0.327,-3.240,199.186,0.108,-4.154,2.111,0.000,0.000,0.000,-1.397,-3.085,2.111,-0.849,0.642,0.072,0.16,0.18,1,0
160546,0.057,0.005,1.007,0.051,-0.524,0.236,0.9856,0.0075,-0.0276,0.1667,0.316,-3.261,199.190,0.108,-4.154,2.111,0.000,0.000,0.000,-1.337,-3.150,2.111,-0.866,0.660,0.069,0.16,0.17,1,0
160994,0.062,0.006,1.006,0.072,-1.177,-0.039,0.9855,0.0079,-0.0300,0.1670,0.316,-3.546,199.221,0.215,-4.301,2.111,0.000,0.000,0.000,-1.228,-2.593,2.111,-0.863,0.788,0.120,0.28,0.32,1,0
161004,0.063,0.007,1.007,0.030,-1.258,0.105,0.9855,0.0086,-0.0302,0.1669,0.392,-3.571,199.216,0.108,-4.301,2.111,0.000,0.000,0.000,-1.475,-2.578,2.111,-0.854,0.786,0.112,0.29,0.31,1,0
161022,0.063,0.007,1.007,0.005,-1.289,0.188,0.9855,0.0085,-0.0302,0.1669,0.363,-3.574,199.221,0.108,-4.301,2.111,0.000,0.000,0.000,-1.470,-2.473,2.111,-0.870,0.791,0.093,0.29,0.22,1,0
161036,0.064,0.006,1.006,-0.040,-1.352,0.102,0.9854,0.0083,-0.0307,0.1670,0.347,-3.622,199.226,0.108,-4.350,2.111,0.000,0.000,0.000,-1.215,-2.581,2.111,-0.853,0.794,0.088,0.28,-0.38,1,0
161051,0.064,0.005,1.006,-0.011,-1.382,0.099,0.9854,0.0081,-0.0309,0.1670,0.322,-3.642,199.229,0.108,-4.350,2.111,0.000,0.000,0.000,-1.088,-2.525,2.111,-0.858,0.792,0.094,0.27,-0.36,1,0
161252,0.068,0.005,1.006,-0.004,-1.117,0.151,0.9853,0.0083,-0.0330,0.1671,0.305,-3.886,199.239,0.215,-4.350,2.111,0.000,0.000,0.000,-0.500,-1.453,2.111,-0.842,0.816,0.089,0.25,-0.01,1,0
161264,0.068,0.005,1.006,0.032,-1.174,0.162,0.9853,0.0080,-0.0332,0.1671,0.273,-3.904,199.243,0.215,-4.301,2.111,0.000,0.000,0.000,-0.401,-1.666,2.111,-0.809,0.819,0.087,0.25,-0.01,1,0
161276,0.068,0.004,1.006,0.031,-1.180,0.059,0.9853,0.0079,-0.0331,0.1671,0.255,-3.893,199.245,0.215,-4.301,2.111,0.000,0.000,0.000,-0.341,-1.461,2.111,-0.790,0.818,0.091,0.25,-0.04,1,0
161296,0.069,0.005,1.007,-0.059,-1.052,-0.073,0.9853,0.0081,-0.0333,0.1671,0.276,-3.916,199.242,0.215,-4.301,2.111,0.000,0.000,0.000,-0.232,-1.394,2.111,-0.760,0.818,0.115,0.24,-0.32,1,0
161315,0.070,0.005,1.007,-0.016,-0.984,0.066,0.9853,0.0084,-0.0336,0.1671,0.303,-3.954,199.240,0.215,-4.301,2.111,0.000,0.000,0.000,-0.392,-1.288,2.111,-0.766,0.818,0.111,0.24,-0.30,1,0
161338,0.070,0.005,1.007,0.018,-0.907,0.063,0.9853,0.0086,-0.0340,0.1671,0.318,-4.001,199.240,0.108,-4.301,2.111,0.000,0.000,0.000,-0.487,-1.140,2.111,-0.794,0.814,0.102,0.23,-0.28,1,0
161364,0.071,0.005,1.006,0.029,-0.876,0.143,0.9853,0.0083,-0.0341,0.1671,0.280,-4.016,199.246,0.108,-4.301,2.111,0.000,0.000,0.000,-0.474,-1.046,2.111,-0.812,0.813,0.093,0.23,-0.18,1,0
161384,0.070,0.005,1.007,-0.047,-0.874,0.132,0.9853,0.0082,-0.0340,0.1672,0.277,-3.999,199.248,0.215,-4.301,2.111,0.000,0.000,0.000,-0.944,-1.025,2.111,-0.819,0.814,0.091,0.22,-0.18,1,0
161413,0.071,0.005,1.006,-0.066,-0.852,0.023,0.9853,0.0081,-0.0343,0.1672,0.259,-4.036,199.251,0.108,-4.301,2.111,0.000,0.000,0.000,-0.207,-0.961,2.111,-0.791,0.809,0.105,0.22,-0.14,1,0
161422,0.071,0.005,1.007,-0.108,-0.839,0.059,0.9853,0.0084,-0.0343,0.1672,0.296,-4.036,199.248,0.108,-4.301,2.111,0.000,0.000,0.000,-0.936,-0.972,2.111,-0.792,0.810,0.105,0.22,0.07,1,0
161438,0.071,0.005,1.007,0.057,-0.672,0.083,0.9853,0.0081,-0.0344,0.1672,0.250,-4.044,199.254,0.108,-4.301,2.111,0.000,0.000,0.000,-0.798,-0.937,2.111,-0.833,0.794,0.098,0.23,0.07,1,0
161456,0.072,0.005,1.007,0.018,-0.679,0.026,0.9853,0.0081,-0.0346,0.1672,0.250,-4.064,199.255,0.108,-4.154,2.111,0.000,0.000,0.000,-0.794,-0.308,2.111,-0.839,0.796,0.102,0.23,0.06,1,0
161481,0.071,0.005,1.008,0.188,-0.611,-0.071,0.9853,0.0081,-0.0345,0.1672,0.259,-4.053,199.254,0.108,-4.203,2.111,0.000,0.000,0.000,-0.799,-0.454,2.111,-0.860,0.832,0.116,0.23,0.07,1,0
161503,0.072,0.005,1.007,0.035,-0.508,0.017,0.9853,0.0086,-0.0349,0.1672,0.303,-4.103,199.250,0.215,-4.203,2.111,0.000,0.000,0.000,-0.366,-0.385,2.111,-0.846,0.810,0.118,0.23,0.19,1,0
161522,0.072,0.005,1.007,0.053,-0.440,0.158,0.9853,0.0084,-0.0350,0.1672,0.281,-4.119,199.254,0.215,-4.154,2.111,0.000,0.000,0.000,-0.485,-0.112,2.111,-0.828,0.809,0.100,0.24,0.18,1,0
161546,0.073,0.004,1.007,-0.053,-0.456,0.182,0.9852,0.0082,-0.0351,0.1673,0.258,-4.125,199.260,0.215,-4.203,2.111,0.000,0.000,0.000,-0.843,-0.279,2.111,-0.831,0.806,0.090,0.23,0.11,1,0
161564,0.073,0.005,1.007,-0.017,-0.445,0.080,0.9852,0.0082,-0.0353,0.1673,0.249,-4.142,199.263,0.108,-4.203,2.111,0.000,0.000,0.000,-0.732,-0.342,2.111,-0.824,0.794,0.093,0.22,-0.40,1,0
161995,0.073,0.005,1.007,0.126,0.716,0.096,0.9852,0.0083,-0.0353,0.1675,0.263,-4.145,199.285,0.215,-3.959,2.111,0.000,0.000,0.000,-0.266,0.307,2.111,-0.857,0.702,0.132,0.16,-0.06,1,0
162018,0.072,0.005,1.007,0.121,0.668,-0.005,0.9852,0.0083,-0.0349,0.1675,0.267,-4.104,199.287,0.215,-3.910,2.111,0.000,0.000,0.000,-0.782,0.519,2.111,-0.828,0.738,0.110,0.15,-0.22,1,0
162032,0.072,0.005,1.006,0.153,0.843,-0.024,0.9852,0.0084,-0.0349,0.1675,0.282,-4.105,199.285,0.108,-3.910,2.111,0.000,0.000,0.000,-0.958,0.682,2.111,-0.817,0.759,0.115,0.15,-0.21,1,0
162055,0.072,0.005,1.007,0.253,0.996,-0.242,0.9852,0.0083,-0.0347,0.1675,0.269,-4.079,199.284,0.108,-3.910,2.111,0.000,0.000,0.000,-0.765,0.582,2.111,-0.852,0.737,0.131,0.14,-0.21,1,0
162074,0.071,0.006,1.007,0.134,0.939,0.067,0.9852,0.0089,-0.0344,0.1674,0.340,-4.061,199.277,0.108,-3.910,2.111,0.000,0.000,0.000,-1.169,0.527,2.111,-0.858,0.734,0.124,0.14,-0.25,1,0
162296,0.068,0.006,1.006,0.044,1.155,0.039,0.9853,0.0086,-0.0326,0.1676,0.347,-3.848,199.300,0.215,-3.763,2.111,0.000,0.000,0.000,-1.455,0.302,2.111,-0.891,0.717,0.094,0.11,-0.22,1,0
162316,0.068,0.005,1.007,0.252,1.258,-0.076,0.9853,0.0083,-0.0325,0.1676,0.308,-3.835,199.303,0.108,-3.763,2.111,0.000,0.000,0.000,-0.572,0.207,2.111,-0.857,0.713,0.107,0.11,-0.16,1,0
162343,0.067,0.005,1.006,0.003,1.099,0.153,0.9853,0.0083,-0.0324,0.1677,0.312,-3.825,199.304,0.215,-3.568,2.111,0.000,0.000,0.000,-0.559,0.825,2.111,-0.867,0.745,0.096,0.12,0.25,1,0
162363,0.067,0.004,1.007,0.140,1.530,-0.071,0.9853,0.0077,-0.0321,0.1677,0.253,-3.778,199.310,0.108,-3.568,2.111,0.000,0.000,0.000,-0.850,0.743,2.111,-0.846,0.753,0.099,0.12,0.24,1,0
162382,0.066,0.006,1.007,-0.016,1.328,-0.034,0.9853,0.0082,-0.0319,0.1677,0.314,-3.760,199.305,0.108,-3.519,2.111,0.000,0.000,0.000,-0.532,0.815,2.111,-0.843,0.742,0.113,0.12,0.18,1,0
162410,0.065,0.006,1.008,0.003,1.261,0.268,0.9853,0.0086,-0.0312,0.1677,0.378,-3.693,199.305,0.108,-3.372,2.111,0.000,0.000,0.000,-1.462,0.775,2.111,-0.849,0.763,0.086,0.12,-0.25,1,0
162426,0.065,0.006,1.008,0.086,1.307,0.270,0.9853,0.0085,-0.0314,0.1677,0.354,-3.707,199.308,0.108,-3.372,2.111,0.000,0.000,0.000,-1.471,1.223,2.111,-0.858,0.769,0.080,0.11,-0.24,1,0
162446,0.064,0.006,1.008,0.139,1.106,0.205,0.9853,0.0082,-0.0309,0.1678,0.334,-3.653,199.314,0.215,-3.372,2.111,0.000,0.000,0.000,-0.707,1.030,2.111,-0.829,0.799,0.089,0.11,-0.23,1,0
162464,0.064,0.005,1.007,0.114,1.253,0.112,0.9853,0.0077,-0.0308,0.1678,0.279,-3.632,199.321,0.108,-3.372,2.111,0.000,0.000,0.000,-0.975,0.909,2.111,-0.820,0.790,0.086,0.10,-0.24,1,0
162480,0.064,0.005,1.007,0.029,1.121,-0.161,0.9853,0.0076,-0.0306,0.1678,0.275,-3.608,199.321,0.108,-3.372,2.111,0.000,0.000,0.000,-0.929,0.879,2.111,-0.836,0.779,0.112,0.09,-0.44,1,0
162506,0.063,0.006,1.007,0.160,1.033,0.072,0.9853,0.0078,-0.0303,0.1678,0.298,-3.574,199.318,0.108,-3.275,2.111,0.000,0.000,0.000,-1.163,1.513,2.111,-0.863,0.809,0.115,0.08,-0.42,1,0
162523,0.063,0.005,1.007,0.173,0.997,-0.014,0.9853,0.0077,-0.0302,0.1678,0.294,-3.564,199.319,0.108,-3.177,2.111,0.000,0.000,0.000,-1.037,1.378,2.111,-0.876,0.815,0.109,0.08,-0.34,1,0
162543,0.063,0.006,1.007,0.156,1.136,-0.080,0.9853,0.0081,-0.0302,0.1678,0.335,-3.569,199.315,0.108,-3.275,2.111,0.000,0.000,0.000,-1.302,1.338,2.111,-0.887,0.820,0.120,0.09,0.20,1,0
162571,0.062,0.005,1.007,-0.055,0.935,0.092,0.9853,0.0077,-0.0296,0.1678,0.296,-3.497,199.318,0.108,-3.128,2.111,0.000,0.000,0.000,-1.087,1.311,2.111,-0.875,0.777,0.103,0.09,0.20,1,0
162585,0.062,0.005,1.007,-0.032,0.878,0.174,0.9853,0.0078,-0.0296,0.1678,0.307,-3.498,199.319,0.108,-3.128,2.111,0.000,0.000,0.000,-0.988,1.344,2.111,-0.866,0.802,0.093,0.10,0.20,1,0
162986,0.059,0.005,1.007,0.016,0.353,0.112,0.9854,0.0073,-0.0283,0.1680,0.281,-3.331,199.340,0.215,-2.639,2.111,0.000,0.000,0.000,-0.373,2.420,2.111,-0.829,0.883,0.100,0.18,0.33,1,0
163006,0.058,0.006,1.007,-0.014,-0.346,0.100,0.9853,0.0076,-0.0277,0.1681,0.322,-3.280,199.354,0.215,-1.955,2.111,0.000,0.000,0.000,-0.475,4.644,2.111,-0.839,0.927,0.091,0.27,1.12,1,0
163018,0.058,0.006,1.007,0.005,-0.349,0.043,0.9853,0.0076,-0.0277,0.1681,0.322,-3.281,199.355,0.215,-1.808,2.111,0.000,0.000,0.000,-0.728,4.626,2.111,-0.835,0.936,0.095,0.28,1.06,1,0
163036,0.057,0.005,1.007,0.038,-0.483,0.061,0.9853,0.0073,-0.0277,0.1681,0.289,-3.273,199.358,0.108,-1.808,2.111,0.000,0.000,0.000,-1.173,5.125,2.111,-0.844,0.945,0.098,0.30,0.94,1,0
163054,0.057,0.005,1.007,0.046,-0.530,0.016,0.9853,0.0074,-0.0276,0.1681,0.307,-3.261,199.357,0.108,-1.808,2.111,0.000,0.000,0.000,-1.025,5.125,2.111,-0.858,0.950,0.101,0.30,0.94,1,0
163066,0.058,0.006,1.007,-0.036,-0.557,0.124,0.9853,0.0076,-0.0278,0.1681,0.328,-3.289,199.357,0.108,-1.711,2.111,0.000,0.000,0.000,-0.619,5.507,2.111,-0.837,0.959,0.099,0.30,0.27,1,0
163084,0.058,0.005,1.007,0.027,-0.479,0.118,0.9853,0.0075,-0.0277,0.1682,0.319,-3.270,199.361,0.108,-1.711,2.111,0.000,0.000,0.000,-1.051,5.785,2.111,-0.846,0.966,0.088,0.31,0.26,1,0
163104,0.057,0.005,1.007,0.013,-0.541,-0.056,0.9853,0.0076,-0.0276,0.1682,0.323,-3.268,199.361,0.108,-1.564,2.111,0.000,0.000,0.000,-1.074,5.946,2.111,-0.851,0.972,0.107,0.31,0.20,1,0
163314,0.060,0.005,1.006,0.060,-1.215,0.043,0.9853,0.0077,-0.0289,0.1683,0.307,-3.412,199.372,0.215,-1.564,2.111,0.000,0.000,0.000,-0.560,6.349,2.111,-0.817,0.997,0.093,0.28,-0.07,1,0
163333,0.060,0.005,1.006,0.042,-1.236,0.062,0.9853,0.0075,-0.0289,0.1683,0.292,-3.405,199.373,0.215,-1.564,2.111,0.000,0.000,0.000,-0.539,6.381,2.111,-0.819,0.997,0.097,0.28,-0.07,1,0
163346,0.060,0.005,1.006,0.031,-1.169,0.018,0.9853,0.0075,-0.0291,0.1683,0.286,-3.429,199.375,0.215,-1.564,2.111,0.000,0.000,0.000,-0.426,6.482,2.111,-0.817,0.998,0.101,0.28,-0.07,1,0
163366,0.061,0.005,1.006,0.039,-1.290,0.032,0.9853,0.0075,-0.0293,0.1683,0.286,-3.454,199.374,0.215,-1.564,2.111,0.000,0.000,0.000,-0.403,6.570,2.111,-0.817,0.998,0.107,0.29,-0.01,1,0
163384,0.061,0.005,1.007,0.019,-1.288,0.071,0.9853,0.0075,-0.0294,0.1683,0.279,-3.465,199.375,0.215,-1.564,2.111,0.000,0.000,0.000,-0.378,6.608,2.111,-0.815,0.998,0.104,0.30,0.42,1,0
163396,0.061,0.005,1.006,0.032,-1.219,0.091,0.9853,0.0077,-0.0296,0.1683,0.296,-3.490,199.375,0.215,-1.564,-0.176,0.000,0.000,0.000,-0.438,6.613,2.111,-0.813,0.999,0.101,0.30,0.40,1,0
163414,0.061,0.005,1.007,0.010,-1.315,0.102,0.9853,0.0073,-0.0296,0.1683,0.253,-3.480,199.380,0.108,-1.564,1.760,0.000,0.000,0.000,-0.935,6.703,2.111,-0.819,0.999,-0.010,0.31,0.38,1,0
163426,0.062,0.005,1.007,0.032,-1.253,0.065,0.9852,0.0076,-0.0299,0.1683,0.286,-3.528,199.379,0.108,-1.564,1.760,0.000,0.000,0.000,-0.933,6.672,1.760,-0.840,0.999,0.051,0.31,0.38,1,0
163444,0.062,0.005,1.007,0.178,-1.551,-0.095,0.9852,0.0076,-0.0300,0.1683,0.279,-3.533,199.379,0.108,-1.564,1.408,0.000,0.000,0.000,-0.852,6.890,1.760,-0.864,0.999,0.083,0.31,0.31,1,0
163464,0.063,0.006,1.007,0.114,-1.550,-0.152,0.9852,0.0081,-0.0304,0.1683,0.325,-3.585,199.373,0.108,-1.564,1.408,0.000,0.000,0.000,-1.192,7.009,1.408,-0.877,0.999,0.082,0.31,-0.21,1,0
163480,0.063,0.006,1.007,-0.099,-1.269,0.214,0.9852,0.0082,-0.0303,0.1683,0.340,-3.584,199.373,0.108,-1.564,1.408,0.000,0.000,0.000,-1.369,7.065,1.408,-0.885,0.999,0.050,0.30,-0.20,1,0
163496,0.064,0.005,1.007,-0.035,-1.195,0.231,0.9852,0.0076,-0.0307,0.1683,0.261,-3.615,199.383,0.108,-1.564,1.408,0.000,0.000,0.000,-1.227,7.075,1.408,-0.887,0.998,0.018,0.30,-0.15,1,0
163514,0.063,0.004,1.007,0.037,-1.401,-0.074,0.9852,0.0074,-0.0307,0.1683,0.238,-3.612,199.385,0.108,-1.564,1.408,0.000,0.000,0.000,-0.601,7.122,1.408,-0.876,0.999,0.032,0.31,0.23,1,0
163532,0.064,0.005,1.007,0.019,-1.435,-0.033,0.9852,0.0080,-0.0310,0.1683,0.305,-3.657,199.379,0.108,-1.564,1.408,0.000,0.000,0.000,-1.107,7.283,1.408,-0.860,0.999,0.060,0.31,0.22,1,0
163554,0.064,0.005,1.006,0.076,-1.361,0.051,0.9852,0.0079,-0.0310,0.1683,0.293,-3.650,199.380,0.108,-1.564,1.760,0.000,0.000,0.000,-0.971,7.328,1.760,-0.866,0.999,0.071,0.31,0.22,1,0
163563,0.065,0.005,1.006,-0.049,-1.350,0.010,0.9852,0.0078,-0.0314,0.1683,0.280,-3.696,199.381,0.108,-1.564,2.111,0.000,0.000,0.000,-0.976,7.440,2.111,-0.864,0.999,0.094,0.32,0.21,1,0
163578,0.065,0.005,1.006,-0.066,-1.271,0.066,0.9852,0.0081,-0.0315,0.1683,0.305,-3.709,199.380,0.108,-1.564,2.111,0.000,0.000,0.000,-1.097,7.438,2.111,-0.865,0.999,0.140,0.32,0.22,1,0
163594,0.066,0.005,1.006,-0.142,-1.097,0.264,0.9852,0.0079,-0.0316,0.1683,0.277,-3.727,199.385,0.108,-1.564,2.111,0.000,0.000,0.000,-1.075,7.562,2.111,-0.870,0.999,0.138,0.32,0.21,1,0
163610,0.066,0.004,1.006,-0.212,-1.132,0.257,0.9852,0.0075,-0.0317,0.1684,0.234,-3.728,199.390,0.108,-1.564,2.111,0.000,0.000,0.000,-0.936,7.563,2.111,-0.861,0.999,0.131,0.33,0.21,1,0
164024,0.073,0.005,1.007,-0.000,-0.602,-0.049,0.9850,0.0088,-0.0353,0.1685,0.311,-4.153,199.405,0.215,-1.564,2.111,0.000,0.000,0.000,-0.476,9.124,2.111,-0.843,1.000,0.115,0.35,0.11,1,0
164040,0.073,0.005,1.007,0.032,-0.480,0.016,0.9850,0.0088,-0.0355,0.1685,0.303,-4.182,199.405,0.108,-1.564,2.111,0.000,0.000,0.000,-0.550,9.125,2.111,-0.829,1.000,0.117,0.35,-0.17,1,0
164056,0.074,0.005,1.006,0.137,-0.369,0.023,0.9850,0.0086,-0.0356,0.1685,0.280,-4.183,199.408,0.215,-1.564,2.111,0.000,0.000,0.000,-0.964,9.111,2.111,-0.855,1.000,0.112,0.35,-0.16,1,0
164072,0.074,0.005,1.006,0.122,-0.351,0.004,0.9850,0.0084,-0.0357,0.1685,0.260,-4.196,199.409,0.108,-1.564,2.111,0.000,0.000,0.000,-0.247,9.178,2.111,-0.854,1.000,0.113,0.35,-0.16,1,0
164084,0.074,0.004,1.007,0.014,-0.241,0.164,0.9850,0.0084,-0.0359,0.1686,0.259,-4.214,199.412,0.108,-1.564,2.111,0.000,0.000,0.000,-0.850,9.222,2.111,-0.845,1.000,0.100,0.34,-0.14,1,0
164104,0.074,0.004,1.007,0.127,-0.234,0.173,0.9850,0.0083,-0.0359,0.1686,0.240,-4.219,199.416,0.108,-1.564,2.111,0.000,0.000,0.000,-0.652,9.199,2.111,-0.852,1.000,0.091,0.34,-0.02,1,0
164123,0.074,0.005,1.007,0.010,-0.219,0.039,0.9850,0.0085,-0.0360,0.1686,0.264,-4.230,199.416,0.108,-1.564,2.111,0.000,0.000,0.000,-0.268,9.298,2.111,-0.842,1.000,0.099,0.34,-0.02,1,0
164343,0.074,0.006,1.006,0.040,0.477,-0.027,0.9850,0.0091,-0.0357,0.1686,0.333,-4.209,199.419,0.215,-1.564,2.111,0.000,0.000,0.000,-0.653,9.237,2.111,-0.828,0.998,0.122,0.32,-0.16,1,0
164366,0.074,0.006,1.006,0.019,0.584,-0.001,0.9850,0.0093,-0.0356,0.1686,0.363,-4.198,199.416,0.108,-1.564,2.111,0.000,0.000,0.000,-1.299,9.204,2.111,-0.848,0.995,0.118,0.32,-0.11,1,0
164387,0.074,0.006,1.006,0.032,0.608,0.001,0.9850,0.0090,-0.0355,0.1686,0.330,-4.179,199.418,0.108,-1.564,2.111,0.000,0.000,0.000,-1.254,9.157,2.111,-0.873,0.996,0.116,0.32,-0.11,1,0
164402,0.073,0.005,1.006,0.040,0.658,0.141,0.9850,0.0087,-0.0354,0.1687,0.300,-4.168,199.422,0.108,-1.564,2.111,0.000,0.000,0.000,-1.133,9.164,2.111,-0.879,0.996,0.107,0.32,-0.10,1,0
164422,0.073,0.005,1.006,-0.036,0.682,0.102,0.9850,0.0086,-0.0355,0.1687,0.287,-4.177,199.426,0.215,-1.564,2.111,0.000,0.000,0.000,-0.405,9.131,2.111,-0.824,0.997,0.091,0.32,-0.09,1,0
164442,0.073,0.005,1.006,0.013,0.797,0.098,0.9850,0.0088,-0.0353,0.1687,0.315,-4.158,199.426,0.215,-1.564,2.111,0.000,0.000,0.000,-0.430,9.071,2.111,-0.801,0.994,0.095,0.32,-0.00,1,0
164457,0.073,0.005,1.006,0.173,0.710,-0.027,0.9850,0.0089,-0.0353,0.1687,0.321,-4.161,199.427,0.215,-1.564,2.111,0.000,0.000,0.000,-0.452,9.084,2.111,-0.809,0.995,0.105,0.32,-0.00,1,0
164475,0.073,0.006,1.006,0.205,0.757,-0.029,0.9850,0.0091,-0.0353,0.1687,0.346,-4.159,199.424,0.215,-1.564,2.111,0.000,0.000,0.000,-0.605,9.103,2.111,-0.821,0.996,0.115,0.31,-0.06,1,0
164504,0.073,0.005,1.006,0.077,0.932,0.177,0.9850,0.0088,-0.0355,0.1687,0.308,-4.177,199.431,0.108,-1.564,2.111,0.000,0.000,0.000,-0.771,9.087,2.111,-0.854,0.997,0.090,0.30,-0.56,1,0
164522,0.073,0.005,1.006,0.036,0.858,0.057,0.9850,0.0084,-0.0354,0.1688,0.267,-4.158,199.436,0.215,-1.564,2.111,0.000,0.000,0.000,-0.290,9.066,2.111,-0.856,0.997,0.096,0.29,-0.53,1,0
164542,0.073,0.005,1.006,0.079,0.839,0.038,0.9850,0.0083,-0.0351,0.1688,0.258,-4.131,199.438,0.215,-1.564,2.111,0.000,0.000,0.000,-0.846,8.980,2.111,-0.844,0.998,0.103,0.28,-0.49,1,0
164567,0.072,0.006,1.006,0.049,1.004,-0.003,0.9850,0.0091,-0.0348,0.1688,0.352,-4.105,199.431,0.108,-1.564,2.111,0.000,0.000,0.000,-1.114,8.937,2.111,-0.868,0.997,0.113,0.27,-0.35,1,0
164583,0.072,0.006,1.006,0.073,1.045,0.122,0.9850,0.0092,-0.0349,0.1688,0.362,-4.116,199.432,0.215,-1.564,2.111,0.000,0.000,0.000,-0.852,8.838,2.111,-0.883,0.992,0.105,0.27,-0.33,1,0
164602,0.072,0.005,1.006,0.149,1.047,-0.020,0.9850,0.0086,-0.0347,0.1688,0.303,-4.090,199.437,0.108,-1.564,2.111,0.000,0.000,0.000,-0.999,8.766,2.111,-0.881,0.992,0.104,0.27,-0.28,1,0
164615,0.072,0.005,1.006,0.083,1.045,-0.031,0.9850,0.0086,-0.0346,0.1688,0.306,-4.073,199.437,0.215,-1.564,2.111,0.000,0.000,0.000,-1.088,8.791,2.111,-0.874,0.990,0.111,0.27,0.06,1,0
164634,0.071,0.005,1.006,0.070,1.128,0.092,0.9850,0.0082,-0.0344,0.1688,0.262,-4.046,199.441,0.108,-1.564,2.111,0.000,0.000,0.000,-0.965,8.630,2.111,-0.839,0.984,0.106,0.27,0.06,1,0
165074,0.063,0.005,1.006,-0.073,0.968,0.179,0.9851,0.0075,-0.0304,0.1690,0.260,-3.584,199.460,0.108,-1.564,2.111,0.000,0.000,0.000,-0.882,7.184,2.111,-0.869,0.957,0.081,0.24,-0.26,1,0
165094,0.063,0.004,1.006,0.015,0.710,-0.017,0.9851,0.0073,-0.0303,0.1690,0.232,-3.565,199.463,0.108,-1.564,2.111,0.000,0.000,0.000,-0.760,7.086,2.111,-0.841,0.965,0.095,0.23,-0.24,1,0
165113,0.062,0.005,1.007,0.115,0.648,0.002,0.9851,0.0075,-0.0301,0.1690,0.266,-3.548,199.461,0.108,-1.564,2.111,0.000,0.000,0.000,-0.957,6.866,2.111,-0.839,0.970,0.109,0.22,-0.28,1,0
165132,0.062,0.006,1.006,0.151,0.845,0.039,0.9851,0.0079,-0.0298,0.1690,0.315,-3.520,199.458,0.108,-1.564,2.111,0.000,0.000,0.000,-1.158,6.822,2.111,-0.859,0.964,0.109,0.21,-0.68,1,0
165146,0.062,0.006,1.006,0.102,0.826,0.092,0.9851,0.0081,-0.0296,0.1690,0.346,-3.504,199.457,0.215,-1.564,2.111,0.000,0.000,0.000,-0.688,6.824,2.111,-0.860,0.958,0.102,0.20,-0.68,1,0
165382,0.059,0.006,1.007,0.124,0.025,0.076,0.9852,0.0080,-0.0282,0.1691,0.360,-3.345,199.469,0.108,-1.564,2.111,0.000,0.000,0.000,-1.392,6.208,2.111,-0.866,0.989,0.107,0.16,-0.46,1,0
165403,0.059,0.006,1.006,0.127,-0.024,0.080,0.9852,0.0077,-0.0282,0.1691,0.326,-3.332,199.473,0.108,-1.564,2.111,0.000,0.000,0.000,-1.252,6.182,2.111,-0.887,0.991,0.100,0.17,-0.36,1,0
165428,0.058,0.005,1.006,0.027,-0.014,0.118,0.9852,0.0075,-0.0281,0.1691,0.302,-3.315,199.476,0.215,-1.564,2.111,0.000,0.000,0.000,-0.437,6.184,2.111,-0.851,0.993,0.096,0.17,0.33,1,0
165444,0.058,0.005,1.007,-0.026,-0.104,0.132,0.9852,0.0075,-0.0281,0.1692,0.301,-3.315,199.478,0.215,-1.564,2.111,0.000,0.000,0.000,-1.085,6.109,2.111,-0.830,0.994,0.093,0.18,0.32,1,0
165464,0.058,0.006,1.006,0.116,-0.407,0.111,0.9851,0.0076,-0.0282,0.1692,0.312,-3.327,199.481,0.108,-1.564,2.111,0.000,0.000,0.000,-1.216,6.078,2.111,-0.828,0.995,0.091,0.17,0.23,1,0
165480,0.059,0.006,1.006,0.106,-0.317,0.035,0.9851,0.0077,-0.0283,0.1692,0.320,-3.341,199.481,0.108,-1.564,2.111,0.000,0.000,0.000,-1.306,6.179,2.111,-0.853,0.996,0.098,0.17,-0.42,1,0
165496,0.059,0.006,1.006,0.116,-0.353,0.001,0.9851,0.0079,-0.0283,0.1692,0.342,-3.348,199.480,0.108,-1.564,2.111,0.000,0.000,0.000,-1.178,6.160,2.111,-0.870,0.997,0.106,0.16,-0.40,1,0
165512,0.059,0.006,1.006,0.125,-0.343,0.079,0.9851,0.0079,-0.0282,0.1692,0.340,-3.339,199.481,0.108,-1.564,2.111,0.000,0.000,0.000,-1.304,6.212,2.111,-0.879,0.997,0.104,0.16,-0.40,1,0
165526,0.059,0.006,1.007,-0.052,-0.315,0.199,0.9851,0.0077,-0.0283,0.1692,0.318,-3.351,199.484,0.108,-1.564,2.111,0.000,0.000,0.000,-1.293,6.199,2.111,-0.874,0.997,0.094,0.16,-0.29,1,0
165546,0.059,0.005,1.006,0.038,-0.384,0.042,0.9851,0.0072,-0.0282,0.1693,0.267,-3.322,199.490,0.215,-1.564,2.111,0.000,0.000,0.000,-0.904,6.128,2.111,-0.857,0.998,0.097,0.18,0.49,1,0
165566,0.059,0.006,1.006,0.047,-0.532,-0.153,0.9851,0.0077,-0.0281,0.1692,0.328,-3.325,199.484,0.215,-1.564,2.111,0.000,0.000,0.000,-0.412,6.165,2.111,-0.809,0.998,0.124,0.19,0.47,1,0
165578,0.059,0.006,1.006,0.092,-0.595,-0.012,0.9851,0.0081,-0.0284,0.1692,0.365,-3.369,199.481,0.108,-1.564,2.111,0.000,0.000,0.000,-0.679,6.223,2.111,-0.810,0.999,0.124,0.18,0.36,1,0
165600,0.059,0.007,1.007,0.048,-0.540,0.174,0.9851,0.0082,-0.0283,0.1692,0.377,-3.361,199.483,0.108,-1.564,2.111,0.000,0.000,0.000,-1.591,6.203,2.111,-0.843,0.999,0.099,0.17,-0.45,1,0
165622,0.059,0.005,1.006,0.076,-0.531,0.077,0.9851,0.0076,-0.0284,0.1693,0.305,-3.357,199.491,0.108,-1.564,2.111,0.000,0.000,0.000,-1.089,6.176,2.111,-0.870,0.998,0.088,0.16,-0.43,1,0
165640,0.059,0.005,1.006,-0.029,-0.690,0.046,0.9851,0.0075,-0.0283,0.1693,0.294,-3.345,199.492,0.108,-1.564,2.111,0.000,0.000,0.000,-1.180,6.208,2.111,-0.856,0.999,0.097,0.16,-0.41,1,0
165657,0.059,0.005,1.006,0.004,-0.747,0.153,0.9851,0.0074,-0.0286,0.1693,0.284,-3.373,199.495,0.108,-1.564,2.111,0.000,0.000,0.000,-0.293,6.258,2.111,-0.829,0.999,0.095,0.15,-0.37,1,0
166097,0.066,0.005,1.007,0.042,-1.205,0.026,0.9850,0.0080,-0.0317,0.1695,0.288,-3.740,199.522,0.108,-1.564,2.111,0.000,0.000,0.000,-1.006,7.625,2.111,-0.887,1.000,0.109,0.06,-0.50,1,0
166123,0.066,0.005,1.006,0.000,-1.133,0.117,0.9850,0.0078,-0.0320,0.1696,0.261,-3.772,199.526,0.108,-1.564,2.111,0.000,0.000,0.000,-0.857,7.699,2.111,-0.857,1.000,0.102,0.06,-0.16,1,0
166138,0.067,0.005,1.006,-0.051,-1.164,0.064,0.9850,0.0083,-0.0321,0.1696,0.311,-3.785,199.524,0.108,-1.564,2.111,0.000,0.000,0.000,-0.983,7.727,2.111,-0.854,1.000,0.102,0.05,-0.15,1,0
166155,0.067,0.006,1.006,0.053,-1.138,0.009,0.9850,0.0086,-0.0323,0.1695,0.339,-3.819,199.522,0.108,-1.564,2.111,0.000,0.000,0.000,-1.273,7.854,2.111,-0.868,1.000,0.108,0.05,-0.14,1,0
166174,0.067,0.006,1.007,0.167,-1.118,0.028,0.9850,0.0083,-0.0324,0.1696,0.313,-3.817,199.524,0.000,-1.564,2.111,0.000,0.000,0.000,-1.874,7.845,2.111,-0.891,1.000,0.111,0.05,-0.12,1,0
166392,0.071,0.005,1.007,0.014,-0.854,0.035,0.9849,0.0082,-0.0344,0.1696,0.254,-4.046,199.537,-21.183,-0.831,2.111,0.000,0.000,0.000,-90.000,11.067,2.111,-0.945,1.000,0.099,0.10,0.35,1,0
166422,0.071,0.006,1.007,-0.008,-0.612,0.085,0.9849,0.0088,-0.0345,0.1696,0.325,-4.070,199.533,-30.538,1.369,2.111,0.000,0.000,0.000,-90.000,18.535,2.111,-0.962,1.000,0.104,0.11,0.32,1,0
166443,0.072,0.004,1.007,0.102,-0.577,-0.036,0.9849,0.0084,-0.0348,0.1696,0.274,-4.094,199.537,-31.237,0.000,2.111,0.000,0.000,0.000,-90.000,16.064,2.111,-0.972,0.986,0.107,0.11,0.28,1,0
166463,0.072,0.004,1.007,0.074,-0.647,-0.037,0.9848,0.0083,-0.0349,0.1697,0.253,-4.107,199.539,-31.828,-0.587,2.111,0.000,0.000,0.000,-90.000,11.953,2.111,-0.976,0.823,0.111,0.11,0.04,1,0
166476,0.072,0.004,1.007,0.079,-0.631,-0.033,0.9848,0.0081,-0.0349,0.1697,0.231,-4.103,199.540,-31.828,-0.587,2.111,0.000,0.000,0.000,-90.000,11.953,2.111,-0.977,0.786,0.111,0.11,0.04,1,0
166505,0.073,0.006,1.006,0.001,-0.460,0.039,0.9848,0.0090,-0.0351,0.1696,0.334,-4.139,199.533,-35.484,-0.831,2.111,0.000,0.000,0.000,-90.000,11.135,2.111,-0.985,0.513,0.107,0.11,0.03,1,0
166521,0.073,0.006,1.006,-0.062,-0.490,0.049,0.9848,0.0088,-0.0351,0.1696,0.310,-4.137,199.535,-35.484,-0.831,2.111,0.000,0.000,0.000,-90.000,11.135,2.111,-0.985,0.515,0.106,0.11,0.03,1,0
166534,0.073,0.006,1.006,-0.107,-0.755,0.033,0.9848,0.0090,-0.0352,0.1696,0.338,-4.151,199.535,-36.828,-0.978,2.111,0.000,0.000,0.000,-90.000,10.798,2.111,-0.989,0.609,0.099,0.11,0.01,1,0
166554,0.073,0.004,1.007,0.151,-0.641,-0.165,0.9848,0.0083,-0.0355,0.1697,0.247,-4.166,199.540,-38.226,-0.978,2.111,0.000,0.000,0.000,-90.000,10.695,2.111,-0.991,0.681,0.115,0.12,0.04,1,0
166578,0.073,0.004,1.006,0.187,-0.349,-0.310,0.9848,0.0081,-0.0352,0.1696,0.228,-4.136,199.537,-40.054,-0.978,2.111,0.000,0.000,0.000,-90.000,10.642,2.111,-0.992,0.728,0.137,0.12,0.27,1,0
166598,0.074,0.005,1.006,0.369,-0.187,-0.264,0.9848,0.0086,-0.0356,0.1695,0.284,-4.191,199.525,-42.688,-0.782,2.111,0.000,0.000,0.000,-90.000,11.090,2.111,-0.994,0.789,0.153,0.13,0.26,1,0
166617,0.073,0.006,1.006,0.274,0.140,0.077,0.9849,0.0090,-0.0352,0.1695,0.330,-4.153,199.521,-42.796,-0.782,2.111,0.000,0.000,0.000,-90.000,11.302,2.111,-0.995,0.824,0.117,0.13,0.25,1,0
166636,0.074,0.006,1.007,0.168,0.319,0.106,0.9848,0.0091,-0.0353,0.1695,0.342,-4.168,199.522,-42.258,-0.782,2.111,0.000,0.000,0.000,-90.000,11.353,2.111,-0.996,0.853,0.096,0.14,0.21,1,0
166656,0.074,0.006,1.006,-0.058,0.178,0.366,0.9848,0.0092,-0.0356,0.1696,0.350,-4.201,199.525,-40.538,-1.320,2.111,0.000,0.000,0.000,-90.000,9.532,2.111,-0.996,0.875,0.069,0.13,-0.01,1,0
166667,0.074,0.005,1.006,-0.246,-0.032,0.525,0.9848,0.0087,-0.0357,0.1696,0.291,-4.208,199.537,-37.903,-1.320,2.111,0.000,0.000,0.000,-90.000,9.631,2.111,-0.997,0.781,0.042,0.13,-0.01,1,0
166698,0.074,0.005,1.007,-0.149,-0.075,0.240,0.9848,0.0085,-0.0359,0.1697,0.264,-4.218,199.549,-31.075,-1.369,2.111,0.000,0.000,0.000,-90.000,9.590,2.287,-0.998,0.798,0.066,0.13,-0.01,1,0
167154,0.070,0.005,1.005,0.215,0.948,0.178,0.9848,0.0084,-0.0338,0.1700,0.285,-3.982,199.573,0.215,-1.564,2.287,0.000,0.000,0.000,-0.413,8.462,2.287,-0.500,0.968,0.113,0.08,-0.35,1,0
167167,0.069,0.006,1.005,-0.331,0.928,0.136,0.9848,0.0087,-0.0334,0.1700,0.327,-3.942,199.574,2.957,-1.564,2.111,0.000,0.000,0.000,11.472,8.352,2.111,-0.441,0.975,0.118,0.09,0.73,1,0
167194,0.069,0.006,1.006,-0.207,1.076,0.202,0.9848,0.0085,-0.0333,0.1700,0.310,-3.930,199.579,6.398,-1.564,2.111,0.000,0.000,0.000,29.300,8.262,2.111,-0.154,0.970,0.093,0.11,0.70,1,0
167223,0.068,0.004,1.005,0.538,0.958,-0.344,0.9848,0.0080,-0.0331,0.1700,0.258,-3.894,199.580,11.237,-1.564,2.111,0.000,0.000,0.000,61.265,8.046,2.111,0.131,0.975,0.133,0.13,0.65,1,0
167460,0.065,0.007,1.004,-0.047,1.172,0.334,0.9849,0.0087,-0.0311,0.1700,0.380,-3.686,199.578,35.430,-1.564,2.111,0.000,0.000,0.000,90.000,7.238,2.111,0.921,0.920,0.092,0.12,-0.30,1,0
167476,0.064,0.005,1.004,0.169,0.953,0.274,0.9849,0.0078,-0.0309,0.1701,0.277,-3.643,199.592,36.129,-1.564,2.111,0.000,0.000,0.000,90.000,7.073,2.111,0.933,0.932,0.071,0.12,-0.24,1,0
167495,0.064,0.005,1.005,0.221,0.778,0.022,0.9849,0.0077,-0.0309,0.1702,0.268,-3.643,199.595,36.129,-1.564,2.111,0.000,0.000,0.000,90.000,7.123,2.111,0.944,0.943,0.094,0.12,0.15,1,0
167513,0.063,0.003,1.006,0.261,0.860,-0.026,0.9849,0.0070,-0.0308,0.1702,0.195,-3.612,199.600,36.183,-1.564,2.111,0.000,0.000,0.000,90.000,6.843,2.111,0.954,0.944,0.106,0.13,0.15,1,0
167544,0.063,0.005,1.006,0.032,0.772,-0.116,0.9849,0.0076,-0.0303,0.1701,0.266,-3.570,199.590,36.129,-1.564,2.111,0.000,0.000,0.000,90.000,6.775,2.111,0.966,0.955,0.137,0.12,0.04,1,0
167560,0.063,0.005,1.006,0.116,0.870,0.118,0.9849,0.0080,-0.0302,0.1701,0.309,-3.571,199.589,35.484,-1.564,2.111,0.000,0.000,0.000,90.000,6.716,2.111,0.971,0.959,0.111,0.10,-0.84,1,0
167576,0.062,0.005,1.006,0.090,0.909,0.060,0.9849,0.0079,-0.0300,0.1701,0.308,-3.541,199.590,34.624,-1.564,2.111,0.000,0.000,0.000,90.000,6.716,2.111,0.973,0.955,0.106,0.10,-0.84,1,0
167593,0.062,0.006,1.006,0.112,0.728,0.069,0.9849,0.0080,-0.0300,0.1701,0.314,-3.544,199.590,32.043,-1.564,2.111,0.000,0.000,0.000,90.000,6.658,2.111,0.979,0.961,0.105,0.08,-0.76,1,0
167624,0.061,0.005,1.006,0.110,0.631,0.018,0.9849,0.0073,-0.0296,0.1702,0.242,-3.490,199.596,27.688,-1.564,2.111,0.000,0.000,0.000,90.000,6.656,2.111,0.984,0.969,0.100,0.06,-0.68,1,0
167636,0.061,0.005,1.006,0.134,0.527,-0.004,0.9849,0.0075,-0.0295,0.1702,0.271,-3.478,199.594,25.538,-1.564,2.111,0.000,0.000,0.000,90.000,6.509,2.111,0.986,0.974,0.109,0.06,-0.25,1,0
167656,0.061,0.006,1.006,0.034,0.557,0.181,0.9849,0.0081,-0.0292,0.1702,0.340,-3.456,199.593,15.538,-1.564,2.111,0.000,0.000,0.000,90.000,6.569,2.111,0.989,0.979,0.096,0.05,-0.24,1,0
167686,0.060,0.006,1.006,0.052,0.521,0.112,0.9849,0.0080,-0.0291,0.1702,0.340,-3.444,199.596,9.570,-1.564,2.111,0.000,0.000,0.000,60.816,6.562,2.111,0.874,0.983,0.089,0.06,-0.13,1,0
167704,0.060,0.006,1.006,0.119,0.360,0.043,0.9850,0.0079,-0.0287,0.1702,0.337,-3.395,199.597,0.215,-0.391,2.111,0.000,0.000,0.000,3.020,8.670,2.111,0.412,0.987,0.104,0.08,0.70,1,0
167721,0.060,0.005,1.006,0.080,0.456,0.046,0.9850,0.0075,-0.0288,0.1702,0.286,-3.399,199.601,0.215,-0.440,2.111,0.000,0.000,0.000,-0.403,10.505,2.111,0.201,0.989,0.105,0.09,0.67,1,0
167734,0.060,0.005,1.006,0.039,0.445,0.063,0.9850,0.0075,-0.0288,0.1702,0.287,-3.397,199.602,0.215,-0.440,2.111,0.000,0.000,0.000,-0.403,10.505,2.111,0.131,0.990,0.105,0.09,0.67,1,0
168178,0.060,0.004,1.006,-0.065,-0.454,0.325,0.9849,0.0071,-0.0290,0.1705,0.235,-3.414,199.638,0.215,-1.564,2.111,0.000,0.000,0.000,-0.507,6.412,2.111,-0.800,0.951,0.088,0.07,0.06,1,0
168196,0.060,0.003,1.006,0.094,-0.833,0.057,0.9849,0.0065,-0.0291,0.1706,0.165,-3.409,199.645,0.215,-1.564,2.111,0.000,0.000,0.000,0.170,6.411,2.111,-0.743,0.960,0.097,0.08,0.07,1,0
168207,0.060,0.003,1.007,0.121,-0.820,0.072,0.9849,0.0066,-0.0290,0.1706,0.175,-3.409,199.645,0.215,-1.564,2.111,0.000,0.000,0.000,0.182,6.499,2.111,-0.727,0.963,0.105,0.08,0.07,1,0
168218,0.060,0.004,1.007,-0.057,-0.742,0.104,0.9849,0.0069,-0.0292,0.1706,0.212,-3.429,199.644,0.215,-1.564,2.111,0.000,0.000,0.000,0.000,6.517,2.111,-0.715,0.967,0.107,0.08,0.18,1,0
168242,0.061,0.004,1.006,0.183,-0.840,-0.150,0.9849,0.0073,-0.0292,0.1706,0.257,-3.445,199.641,0.108,-1.564,2.111,0.000,0.000,0.000,0.000,6.520,2.111,-0.717,0.973,0.123,0.08,0.17,1,0
168440,0.063,0.004,1.006,-0.010,-0.988,0.049,0.9848,0.0074,-0.0303,0.1707,0.246,-3.565,199.661,0.215,-1.564,-7.918,0.000,0.000,0.000,-0.843,6.913,2.111,-0.789,0.996,0.112,0.10,-0.42,1,0
168455,0.064,0.005,1.007,0.003,-1.088,0.075,0.9848,0.0080,-0.0306,0.1707,0.305,-3.610,199.659,0.108,-1.564,-68.798,0.000,0.000,0.000,-0.968,7.170,-68.798,-0.800,0.997,-0.091,0.09,-0.34,1,0
168472,0.064,0.005,1.007,-0.142,-1.097,0.046,0.9848,0.0080,-0.0307,0.1707,0.307,-3.625,199.660,0.108,-1.564,-83.402,0.000,0.000,0.000,-1.099,7.158,-76.540,-0.809,0.997,-0.195,0.09,-0.34,1,0
168492,0.064,0.005,1.006,0.170,-1.411,-0.143,0.9848,0.0081,-0.0311,0.1707,0.303,-3.670,199.659,0.108,-1.564,-101.349,0.000,0.000,0.000,-1.100,7.238,-90.088,-0.833,0.998,-0.329,0.09,0.02,1,0
168520,0.064,0.006,1.007,0.215,-1.246,0.263,0.9848,0.0084,-0.0307,0.1707,0.343,-3.632,199.655,0.108,-1.564,-134.604,0.000,0.000,0.000,-1.285,7.288,-131.789,-0.872,0.998,-0.534,0.09,-0.04,1,0
168543,0.065,0.004,1.007,0.298,-1.219,0.202,0.9848,0.0074,-0.0314,0.1708,0.219,-3.687,199.670,0.215,-1.564,-140.587,0.000,0.000,0.000,-0.514,7.438,-140.587,-0.867,0.998,-0.626,0.08,-0.51,1,0
168571,0.065,0.004,1.007,-0.036,-1.228,0.005,0.9848,0.0075,-0.0315,0.1708,0.233,-3.709,199.671,0.108,-1.564,-140.587,0.000,0.000,0.000,-0.680,7.557,-140.587,-0.769,0.998,-0.718,0.06,-0.46,1,0
168594,0.066,0.005,1.007,0.108,-1.044,-0.102,0.9848,0.0078,-0.0317,0.1708,0.265,-3.733,199.668,0.108,-1.564,-140.587,0.000,0.000,0.000,-0.273,7.540,-140.587,-0.777,0.998,-0.760,0.06,-0.46,1,0
168616,0.066,0.004,1.007,0.103,-1.063,-0.283,0.9848,0.0078,-0.0319,0.1707,0.257,-3.753,199.660,0.108,-1.564,-140.587,0.000,0.000,0.000,-0.948,7.644,-140.587,-0.811,0.999,-0.823,0.05,-0.37,1,0
168644,0.066,0.003,1.007,0.259,-0.930,-0.120,0.9848,0.0072,-0.0319,0.1707,0.193,-3.744,199.660,0.215,-1.564,-140.587,0.000,0.000,0.000,0.000,7.614,-140.587,-0.790,0.999,-0.858,0.04,-0.36,1,0
168664,0.066,0.002,1.006,0.148,-0.942,-0.018,0.9848,0.0067,-0.0321,0.1707,0.128,-3.760,199.664,0.215,-1.564,-140.587,0.000,0.000,0.000,0.413,7.581,-140.587,-0.758,0.999,-0.891,0.03,-0.32,1,0
168682,0.067,0.002,1.006,0.136,-0.878,0.035,0.9848,0.0068,-0.0323,0.1707,0.142,-3.779,199.663,0.215,-1.564,-140.587,0.000,0.000,0.000,0.504,7.777,-140.587,-0.732,0.999,-0.900,0.03,-0.16,1,0
168707,0.067,0.004,1.006,-0.104,-0.783,0.050,0.9848,0.0076,-0.0326,0.1707,0.217,-3.826,199.659,0.108,-1.564,-123.695,0.000,0.000,0.000,-0.610,7.788,-132.669,-0.733,1.000,-0.929,0.03,-0.15,1,0
168736,0.068,0.005,1.007,0.032,-0.656,0.011,0.9847,0.0081,-0.0329,0.1707,0.274,-3.875,199.656,0.108,-1.564,-93.783,0.000,0.000,0.000,-0.792,8.031,-109.091,-0.776,1.000,-0.522,0.03,0.29,1,0
168762,0.069,0.005,1.006,-0.090,-0.518,0.164,0.9847,0.0083,-0.0332,0.1707,0.294,-3.909,199.656,0.215,-1.564,-61.760,0.000,0.000,0.000,-0.946,8.108,-81.642,-0.804,1.000,-0.244,0.04,0.28,1,0
169212,0.067,0.005,1.007,-0.050,0.164,0.050,0.9847,0.0079,-0.0325,0.1710,0.258,-3.827,199.693,0.215,-1.564,138.475,0.000,0.000,0.000,-0.239,7.899,138.475,-0.777,0.964,0.965,0.16,0.42,1,0
169240,0.068,0.003,1.007,0.060,0.112,0.014,0.9847,0.0070,-0.0329,0.1711,0.141,-3.849,199.706,0.108,-1.564,138.475,0.000,0.000,0.000,-0.314,7.989,138.475,-0.771,0.973,0.974,0.16,0.32,1,0
169256,0.068,0.003,1.007,0.169,0.164,-0.102,0.9847,0.0072,-0.0329,0.1711,0.171,-3.856,199.703,0.215,-1.564,138.475,0.000,0.000,0.000,-0.314,7.989,138.475,-0.779,0.974,0.975,0.16,0.32,1,0
169272,0.069,0.004,1.007,0.337,0.027,-0.081,0.9847,0.0080,-0.0332,0.1710,0.257,-3.903,199.694,0.108,-1.564,138.475,0.000,0.000,0.000,-0.835,8.164,138.475,-0.802,0.980,0.981,0.15,-0.42,1,0
169480,0.069,0.004,1.007,0.253,0.027,-0.117,0.9847,0.0079,-0.0332,0.1710,0.238,-3.909,199.694,0.215,-1.564,138.475,0.000,0.000,0.000,-0.846,8.204,138.475,-0.824,0.983,0.983,0.15,-0.42,1,0
169496,0.069,0.005,1.006,-0.014,-0.059,0.112,0.9847,0.0084,-0.0334,0.1710,0.289,-3.934,199.695,0.108,-1.564,-6.686,0.000,0.000,0.000,-0.847,8.334,45.396,-0.808,0.998,0.699,0.06,-0.28,1,0
169510,0.069,0.005,1.006,-0.014,-0.059,0.112,0.9847,0.0084,-0.0334,0.1710,0.289,-3.934,199.695,0.108,-1.564,-6.686,0.000,0.000,0.000,-0.847,8.334,45.396,-0.808,0.998,0.699,0.06,-0.28,1,0
169532,0.069,0.005,1.006,0.026,-0.181,0.126,0.9847,0.0087,-0.0335,0.1710,0.331,-3.951,199.696,0.108,-1.564,-81.994,0.000,0.000,0.000,-1.123,8.328,-57.713,-0.835,0.998,0.307,0.07,0.28,1,0
169547,0.069,0.005,1.006,-0.028,-0.006,0.105,0.9847,0.0084,-0.0333,0.1711,0.300,-3.929,199.701,0.108,-1.564,-136.716,0.000,0.000,0.000,-1.168,8.228,-136.716,-0.830,0.998,-0.035,0.08,0.27,1,0
169566,0.069,0.004,1.006,0.358,-0.575,-0.163,0.9847,0.0079,-0.0334,0.1711,0.231,-3.931,199.707,0.108,-1.564,-140.587,0.000,0.000,0.000,-0.811,8.237,-140.587,-0.828,0.999,-0.211,0.08,0.25,1,0
169594,0.069,0.005,1.006,0.172,-0.434,0.390,0.9847,0.0082,-0.0334,0.1711,0.272,-3.927,199.704,0.215,-1.564,-140.587,0.000,0.000,0.000,-0.464,8.249,-140.587,-0.826,0.997,-0.429,0.08,-0.10,1,0
169612,0.069,0.004,1.006,0.171,-0.224,0.516,0.9846,0.0081,-0.0334,0.1711,0.257,-3.935,199.712,0.215,-1.564,-140.587,0.000,0.000,0.000,-0.304,8.322,-140.587,-0.809,0.991,-0.494,0.08,-0.09,1,0
169626,0.069,0.004,1.006,0.064,-0.255,0.252,0.9846,0.0078,-0.0332,0.1712,0.232,-3.905,199.719,0.108,-1.564,-140.587,0.000,0.000,0.000,-0.576,8.310,-140.587,-0.794,0.991,-0.578,0.08,-0.09,1,0
169646,0.066,0.002,1.006,-0.296,-0.056,0.070,0.9847,0.0070,-0.0323,0.1713,0.161,-3.790,199.727,0.215,-1.564,-140.587,0.000,0.000,0.000,-0.061,7.864,-140.587,-0.759,0.966,-0.656,0.08,-0.09,1,0
169667,0.063,0.000,1.006,-0.121,-0.067,-0.107,0.9847,0.0060,-0.0315,0.1713,0.059,-3.673,199.733,0.215,-1.564,-132.493,0.000,0.000,0.000,0.538,7.704,-139.003,-0.721,0.934,-0.701,0.08,-0.09,1,0
169692,0.063,-0.000,1.006,0.058,-0.268,-0.309,0.9847,0.0053,-0.0306,0.1713,-0.003,-3.555,199.732,0.108,-1.564,-117.537,0.000,0.000,0.000,0.588,7.022,-120.880,-0.684,0.907,-0.665,0.07,-0.08,1,0
169716,0.065,0.001,1.007,0.307,-0.065,0.009,0.9847,0.0059,-0.0316,0.1712,0.050,-3.680,199.724,0.108,-1.564,-83.050,0.000,0.000,0.000,0.456,7.300,-91.320,-0.735,0.915,-0.112,0.06,-0.41,1,0
169736,0.065,0.002,1.006,0.151,-0.259,0.044,0.9847,0.0066,-0.0316,0.1712,0.126,-3.694,199.720,0.108,-1.564,-73.724,0.000,0.000,0.000,0.070,7.355,-80.235,-0.744,0.923,-0.005,0.06,-0.41,1,0
169756,0.064,0.003,1.006,0.035,-0.062,0.061,0.9847,0.0069,-0.0312,0.1712,0.171,-3.657,199.721,0.108,-1.564,-49.795,0.000,0.000,0.000,-0.239,7.249,-54.370,-0.776,0.936,0.258,0.06,-0.28,1,0
169784,0.065,0.003,1.006,-0.183,0.413,0.273,0.9847,0.0071,-0.0315,0.1712,0.185,-3.700,199.723,0.108,-1.564,-5.630,0.000,0.000,0.000,-0.426,7.463,-11.261,-0.773,0.923,0.429,0.07,0.57,1,0
170026,0.068,0.004,1.006,0.179,-0.070,-0.169,0.9847,0.0077,-0.0328,0.1712,0.229,-3.856,199.719,0.215,-1.564,2.287,0.000,0.000,0.000,0.100,7.960,2.287,-0.799,0.992,0.352,0.04,-0.05,1,0
170044,0.068,0.004,1.006,0.131,0.242,0.373,0.9847,0.0079,-0.0326,0.1712,0.256,-3.843,199.721,0.215,-1.564,2.287,0.000,0.000,0.000,-0.356,7.890,2.287,-0.800,0.989,0.271,0.05,0.16,1,0
170064,0.068,0.003,1.006,0.041,0.254,0.242,0.9846,0.0074,-0.0329,0.1713,0.194,-3.861,199.731,0.108,-1.564,2.111,0.000,0.000,0.000,-0.499,7.941,2.111,-0.788,0.985,0.219,0.05,0.16,1,0
170092,0.068,0.005,1.006,0.007,0.121,0.113,0.9846,0.0082,-0.0327,0.1713,0.289,-3.855,199.727,0.215,-1.564,2.287,0.000,0.000,0.000,-0.400,7.996,2.287,-0.832,0.989,0.191,0.05,0.12,1,0
170120,0.068,0.004,1.006,-0.079,0.263,-0.089,0.9846,0.0078,-0.0326,0.1713,0.239,-3.838,199.731,0.108,-1.564,2.111,0.000,0.000,0.000,-0.830,7.996,2.111,-0.812,0.991,0.192,0.05,-0.09,1,0
170134,0.068,0.005,1.006,0.007,0.308,0.120,0.9846,0.0084,-0.0328,0.1713,0.298,-3.871,199.728,0.215,-1.564,2.287,0.000,0.000,0.000,-0.354,8.016,2.287,-0.818,0.993,0.175,0.05,-0.09,1,0
170152,0.068,0.004,1.006,0.169,0.351,0.266,0.9846,0.0076,-0.0329,0.1713,0.213,-3.869,199.736,0.215,-1.564,2.287,0.000,0.000,0.000,-0.229,8.000,2.287,-0.802,0.993,0.159,0.05,-0.09,1,0
170176,0.068,0.004,1.006,0.139,0.257,-0.017,0.9846,0.0077,-0.0328,0.1714,0.222,-3.859,199.739,0.215,-1.564,2.287,0.000,0.000,0.000,-0.567,8.126,2.287,-0.812,0.995,0.162,0.05,0.07,1,0
170194,0.068,0.005,1.006,0.248,0.336,0.037,0.9846,0.0083,-0.0329,0.1714,0.296,-3.877,199.735,0.215,-1.564,2.287,0.000,0.000,0.000,-0.315,8.049,2.287,-0.805,0.996,0.159,0.05,0.06,1,0
170214,0.068,0.005,1.006,-0.012,0.307,-0.130,0.9846,0.0083,-0.0327,0.1713,0.294,-3.855,199.734,0.215,-1.564,2.111,0.000,0.000,0.000,-0.359,8.071,2.111,-0.802,0.997,0.164,0.05,0.05,1,0
170232,0.068,0.005,1.006,-0.033,0.297,-0.121,0.9846,0.0083,-0.0329,0.1713,0.296,-3.883,199.732,0.108,-1.564,2.111,0.000,0.000,0.000,-0.471,8.006,2.111,-0.797,0.997,0.156,0.05,0.05,1,0
170256,0.068,0.005,1.006,0.030,0.346,0.156,0.9846,0.0080,-0.0328,0.1714,0.256,-3.857,199.736,0.108,-1.564,2.287,0.000,0.000,0.000,-0.958,8.067,2.287,-0.838,0.998,0.129,0.05,-0.06,1,0
170274,0.068,0.004,1.006,0.050,0.309,0.179,0.9846,0.0079,-0.0329,0.1714,0.243,-3.868,199.740,0.108,-1.564,2.287,0.000,0.000,0.000,-0.740,8.046,2.287,-0.835,0.998,0.124,0.05,-0.04,1,0
170291,0.068,0.005,1.006,0.028,0.403,0.277,0.9846,0.0081,-0.0327,0.1714,0.270,-3.853,199.742,0.215,-1.564,2.287,0.000,0.000,0.000,-0.172,8.114,2.287,-0.814,0.998,0.113,0.05,-0.04,1,0
170758,0.064,0.005,1.006,0.044,0.049,0.022,0.9847,0.0079,-0.0307,0.1715,0.291,-3.624,199.748,0.215,-1.564,-86.745,0.000,0.000,0.000,-0.553,7.318,-80.235,-0.817,0.986,-0.312,0.04,-0.63,1,0
170776,0.064,0.005,1.006,0.044,0.049,0.022,0.9847,0.0079,-0.0307,0.1715,0.291,-3.624,199.748,0.215,-1.564,-86.745,0.000,0.000,0.000,-0.553,7.318,-80.235,-0.817,0.986,-0.312,0.04,-0.63,1,0
170794,0.064,0.007,1.006,0.254,-0.097,-0.215,0.9847,0.0089,-0.0309,0.1714,0.396,-3.660,199.738,0.108,-1.564,-117.537,0.000,0.000,0.000,-0.627,7.487,-107.859,-0.827,0.989,-0.438,0.02,-0.59,1,0
171064,0.063,0.005,1.007,0.214,0.333,-0.078,0.9847,0.0080,-0.0303,0.1713,0.311,-3.579,199.723,0.108,-1.564,-140.587,0.000,0.000,0.000,-0.607,6.980,-140.587,-0.831,0.990,-0.969,0.07,-0.02,1,0
171081,0.063,0.006,1.006,0.129,0.204,-0.072,0.9847,0.0083,-0.0303,0.1713,0.339,-3.582,199.721,0.108,-1.564,-140.587,0.000,0.000,0.000,-1.049,7.089,-140.587,-0.833,0.991,-0.973,0.08,0.04,1,0
171095,0.063,0.006,1.006,0.084,0.261,0.074,0.9847,0.0083,-0.0303,0.1713,0.341,-3.585,199.721,0.108,-1.564,-140.587,0.000,0.000,0.000,-1.427,7.064,-140.587,-0.857,0.992,-0.977,0.09,0.55,1,0
171112,0.063,0.006,1.006,0.072,0.378,0.036,0.9847,0.0083,-0.0303,0.1713,0.342,-3.583,199.722,0.108,-1.564,-140.587,0.000,0.000,0.000,-1.303,7.055,-140.587,-0.870,0.992,-0.981,0.10,0.52,1,0
171131,0.063,0.007,1.007,-0.074,0.248,0.032,0.9847,0.0087,-0.0303,0.1713,0.386,-3.592,199.720,0.108,-1.564,-140.587,0.000,0.000,0.000,-1.556,7.077,-140.587,-0.884,0.993,-0.984,0.10,0.40,1,0
171146,0.063,0.007,1.007,0.036,0.218,0.092,0.9847,0.0089,-0.0303,0.1713,0.405,-3.599,199.719,0.108,-1.564,-140.587,0.000,0.000,0.000,-1.533,7.114,-140.587,-0.893,0.994,-0.986,0.10,0.40,1,0
171161,0.063,0.006,1.007,0.023,0.310,0.148,0.9847,0.0083,-0.0303,0.1713,0.342,-3.585,199.726,0.108,-1.564,-140.587,0.000,0.000,0.000,-1.306,7.054,-140.587,-0.907,0.995,-0.988,0.09,-0.44,1,0
171186,0.063,0.006,1.006,0.075,0.315,0.132,0.9847,0.0083,-0.0305,0.1713,0.334,-3.609,199.729,0.215,-1.564,-140.587,0.000,0.000,0.000,-0.630,7.063,-140.587,-0.895,0.995,-0.990,0.08,-0.42,1,0
171202,0.063,0.005,1.006,0.035,0.303,0.123,0.9847,0.0081,-0.0303,0.1714,0.314,-3.579,199.733,0.108,-1.564,-140.587,0.000,0.000,0.000,-1.175,7.053,-140.587,-0.865,0.996,-0.992,0.09,-0.28,1,0
171227,0.063,0.006,1.006,0.133,0.308,-0.051,0.9847,0.0083,-0.0303,0.1714,0.343,-3.580,199.732,0.215,-1.564,-140.587,0.000,0.000,0.000,-0.665,7.045,-140.587,-0.836,0.997,-0.994,0.11,0.71,1,0
171247,0.063,0.006,1.006,0.014,0.333,-0.111,0.9847,0.0084,-0.0301,0.1713,0.355,-3.560,199.730,0.108,-1.564,-140.587,0.000,0.000,0.000,-0.773,6.976,-140.587,-0.835,0.996,-0.995,0.12,0.67,1,0
171262,0.063,0.007,1.006,0.014,0.333,-0.110,0.9847,0.0085,-0.0300,0.1713,0.374,-3.559,199.727,0.108,-1.564,-140.587,0.000,0.000,0.000,-1.610,6.984,-140.587,-0.851,0.995,-0.996,0.12,0.57,1,0
171283,0.062,0.006,1.006,0.126,0.316,0.073,0.9847,0.0082,-0.0301,0.1713,0.341,-3.557,199.730,0.215,-1.564,-140.587,0.000,0.000,0.000,-0.759,6.887,-140.587,-0.878,0.996,-0.996,0.12,-0.09,1,0
171304,0.062,0.006,1.006,0.016,0.364,0.178,0.9847,0.0080,-0.0297,0.1714,0.326,-3.510,199.733,0.215,-1.564,-140.587,0.000,0.000,0.000,-0.625,6.800,-140.587,-0.828,0.994,-0.997,0.11,-0.09,1,0
171752,0.061,0.007,1.006,0.153,0.212,0.180,0.9847,0.0086,-0.0292,0.1715,0.393,-3.467,199.753,0.108,-1.564,-11.261,0.000,0.000,0.000,-1.610,6.650,-11.261,-0.863,0.991,0.211,0.08,-0.32,1,0
171772,0.058,0.004,1.006,-0.225,-0.156,0.128,0.9847,0.0068,-0.0279,0.1717,0.220,-3.288,199.773,0.215,-1.564,2.639,0.000,0.000,0.000,-0.260,5.943,2.639,-0.759,0.948,0.571,0.11,0.48,1,0
171787,0.054,0.004,1.006,-0.370,-0.239,0.102,0.9848,0.0065,-0.0268,0.1717,0.212,-3.150,199.775,0.215,-1.564,2.287,0.000,0.000,0.000,0.115,5.842,2.287,-0.731,0.955,0.596,0.11,0.48,1,0
171803,0.054,0.004,1.006,-0.468,-0.190,0.174,0.9848,0.0066,-0.0260,0.1717,0.237,-3.072,199.776,0.215,-1.564,2.287,0.000,0.000,0.000,-0.125,5.256,2.287,-0.706,0.929,0.552,0.12,0.43,1,0
171818,0.053,0.005,1.006,-0.064,-0.150,0.240,0.9848,0.0068,-0.0257,0.1717,0.264,-3.032,199.777,0.215,-1.564,2.287,0.000,0.000,0.000,-0.241,5.256,2.287,-0.735,0.904,0.498,0.12,0.19,1,0
172062,0.059,0.005,1.006,0.148,-0.960,0.024,0.9847,0.0074,-0.0286,0.1719,0.274,-3.378,199.797,0.108,-1.564,2.111,0.000,0.000,0.000,-1.061,6.301,2.111,-0.864,0.985,0.128,0.15,-0.01,1,0
172084,0.060,0.005,1.006,0.209,-0.960,-0.207,0.9847,0.0074,-0.0290,0.1719,0.261,-3.416,199.795,0.215,-1.564,2.111,0.000,0.000,0.000,-0.982,6.458,2.111,-0.857,0.989,0.160,0.16,0.14,1,0
172113,0.061,0.005,1.006,0.167,-0.897,-0.152,0.9847,0.0077,-0.0292,0.1718,0.288,-3.451,199.789,0.215,-1.564,2.111,0.000,0.000,0.000,-0.453,6.583,2.111,-0.843,0.992,0.161,0.16,0.10,1,0
172123,0.061,0.005,1.006,0.059,-0.789,0.043,0.9847,0.0078,-0.0293,0.1718,0.302,-3.464,199.788,0.215,-1.564,2.111,0.000,0.000,0.000,-0.407,6.615,2.111,-0.825,0.992,0.146,0.16,0.10,1,0
172146,0.062,0.005,1.006,-0.062,-0.916,0.367,0.9846,0.0078,-0.0296,0.1719,0.301,-3.493,199.793,0.215,-1.564,2.111,0.000,0.000,0.000,-0.661,6.715,2.111,-0.813,0.994,0.095,0.15,-0.16,1,0
172180,0.062,0.005,1.006,0.100,-1.356,-0.120,0.9846,0.0079,-0.0297,0.1719,0.310,-3.515,199.796,0.215,-1.564,2.111,0.000,0.000,0.000,-0.412,6.687,2.111,-0.814,0.996,0.119,0.15,-0.10,1,0
172194,0.062,0.007,1.006,-0.054,-1.210,0.036,0.9846,0.0088,-0.0298,0.1719,0.405,-3.537,199.789,0.215,-1.564,2.111,0.000,0.000,0.000,-0.910,6.843,2.111,-0.824,0.996,0.128,0.16,0.30,1,0
172217,0.063,0.006,1.006,-0.134,-0.951,0.336,0.9846,0.0081,-0.0301,0.1719,0.320,-3.553,199.799,0.215,-1.564,2.111,0.000,0.000,0.000,-0.880,7.069,2.111,-0.846,0.997,0.092,0.16,0.29,1,0
172233,0.063,0.005,1.006,-0.074,-1.022,0.183,0.9846,0.0075,-0.0304,0.1720,0.250,-3.585,199.807,0.108,-1.564,2.111,0.000,0.000,0.000,-0.843,7.048,2.111,-0.842,0.997,0.088,0.17,0.23,1,0
172252,0.063,0.004,1.006,0.080,-1.217,-0.081,0.9846,0.0075,-0.0304,0.1720,0.244,-3.578,199.807,0.108,-1.564,2.111,0.000,0.000,0.000,-0.851,7.095,2.111,-0.856,0.998,0.120,0.16,-0.17,1,0
172267,0.063,0.005,1.006,0.121,-1.093,-0.068,0.9846,0.0079,-0.0305,0.1719,0.295,-3.605,199.803,0.108,-1.564,2.111,0.000,0.000,0.000,-0.328,7.181,2.111,-0.852,0.998,0.128,0.16,-0.17,1,0
172283,0.064,0.006,1.006,0.184,-1.119,-0.041,0.9846,0.0084,-0.0309,0.1719,0.341,-3.652,199.799,0.215,-1.564,2.111,0.000,0.000,0.000,-1.092,7.257,2.111,-0.863,0.998,0.128,0.16,-0.16,1,0
172302,0.064,0.007,1.006,0.059,-0.988,0.014,0.9846,0.0087,-0.0310,0.1719,0.377,-3.668,199.796,0.215,-1.564,2.111,0.000,0.000,0.000,-1.525,7.330,2.111,-0.857,0.999,0.124,0.16,-0.15,1,0
172324,0.065,0.005,1.006,-0.129,-1.039,0.034,0.9846,0.0080,-0.0312,0.1719,0.290,-3.680,199.803,0.108,-1.564,2.111,0.000,0.000,0.000,-1.183,7.364,2.111,-0.866,0.999,0.109,0.15,-0.15,1,0
172806,0.071,0.004,1.006,0.017,-0.116,0.068,0.9845,0.0081,-0.0343,0.1719,0.238,-4.027,199.799,0.108,-1.564,-101.701,0.000,0.000,0.000,-0.123,8.664,-101.701,-0.812,0.997,-0.937,0.12,0.11,1,0
172824,0.071,0.004,1.006,0.009,-0.083,-0.022,0.9845,0.0080,-0.0348,0.1719,0.220,-4.083,199.802,0.215,-1.564,-101.173,0.000,0.000,0.000,0.089,8.705,-101.173,-0.810,0.997,-0.951,0.12,0.11,1,0
173051,0.072,0.006,1.006,0.083,0.940,0.066,0.9845,0.0089,-0.0347,0.1719,0.323,-4.090,199.800,0.108,-1.564,-46.452,0.000,0.000,0.000,-0.600,8.816,-56.305,-0.844,0.988,-0.354,0.10,0.13,1,0
173074,0.072,0.005,1.006,0.000,0.958,0.180,0.9845,0.0088,-0.0346,0.1719,0.316,-4.081,199.803,0.215,-1.564,-24.985,0.000,0.000,0.000,-0.562,8.822,-36.070,-0.836,0.990,-0.152,0.10,0.13,1,0
173093,0.071,0.005,1.007,0.289,0.936,0.237,0.9845,0.0087,-0.0341,0.1720,0.312,-4.017,199.809,0.215,-1.564,-11.437,0.000,0.000,0.000,-0.384,8.699,-11.437,-0.830,0.992,0.114,0.10,0.10,1,0
173107,0.071,0.006,1.006,0.173,1.194,0.409,0.9845,0.0092,-0.0342,0.1720,0.365,-4.037,199.809,0.215,-1.564,-11.437,0.000,0.000,0.000,-0.730,8.527,-11.437,-0.841,0.971,0.231,0.10,0.10,1,0
173123,0.071,0.006,1.006,-0.147,1.617,0.629,0.9844,0.0090,-0.0344,0.1721,0.334,-4.058,199.822,0.215,-1.564,-9.501,0.000,0.000,0.000,-0.736,8.644,-9.501,-0.854,0.929,0.346,0.10,-0.03,1,0
173144,0.070,0.006,1.007,-0.123,1.587,0.541,0.9844,0.0089,-0.0339,0.1722,0.336,-3.998,199.830,0.215,-1.564,-6.686,0.000,0.000,0.000,-0.731,8.544,-7.038,-0.842,0.923,0.432,0.10,-0.03,1,0
173158,0.070,0.005,1.007,-0.118,1.514,0.212,0.9844,0.0085,-0.0338,0.1723,0.291,-3.981,199.840,0.215,-1.564,-3.871,0.000,0.000,0.000,-0.536,8.341,-5.630,-0.826,0.932,0.536,0.10,-0.05,1,0
173178,0.069,0.005,1.008,-0.242,1.609,-0.029,0.9844,0.0082,-0.0332,0.1723,0.267,-3.910,199.843,0.108,-1.564,-1.408,0.000,0.000,0.000,-1.096,8.217,-1.408,-0.819,0.931,0.621,0.09,-0.21,1,0
173202,0.065,0.003,1.008,-0.029,1.448,-0.304,0.9845,0.0074,-0.0318,0.1723,0.208,-3.736,199.843,0.108,-1.564,0.880,0.000,0.000,0.000,-0.082,7.931,0.880,-0.810,0.930,0.690,0.09,-0.20,1,0
173216,0.062,0.003,1.008,0.236,1.388,-0.474,0.9846,0.0065,-0.0300,0.1722,0.142,-3.518,199.840,0.108,-1.564,1.232,0.000,0.000,0.000,-0.352,7.060,1.232,-0.818,0.879,0.742,0.08,-0.19,1,0
173235,0.062,0.004,1.007,0.250,1.161,-0.520,0.9846,0.0071,-0.0302,0.1721,0.208,-3.547,199.826,0.215,-1.564,1.232,0.000,0.000,0.000,0.287,6.973,1.232,-0.783,0.836,0.762,0.08,-0.20,1,0
173243,0.062,0.004,1.007,0.134,1.045,-0.358,0.9846,0.0075,-0.0300,0.1721,0.251,-3.532,199.820,0.108,-1.564,1.232,0.000,0.000,0.000,0.043,6.939,1.232,-0.774,0.846,0.742,0.08,-0.20,1,0
173258,0.061,0.004,1.007,0.124,1.138,0.008,0.9846,0.0074,-0.0296,0.1721,0.248,-3.487,199.818,0.108,-1.564,1.232,0.000,0.000,0.000,-0.757,6.749,1.232,-0.789,0.858,0.640,0.08,-0.19,1,0
173278,0.057,0.004,1.007,-0.057,1.246,0.204,0.9847,0.0070,-0.0279,0.1721,0.240,-3.293,199.821,0.108,-1.564,1.408,0.000,0.000,0.000,-0.781,6.388,1.408,-0.826,0.831,0.499,0.07,-0.18,1,0
173302,0.058,0.004,1.007,-0.404,1.168,0.377,0.9846,0.0069,-0.0279,0.1722,0.231,-3.281,199.829,0.215,-1.564,1.408,0.000,0.000,0.000,-0.122,5.924,1.408,-0.791,0.793,0.395,0.08,-0.10,1,0
173316,0.058,0.003,1.007,-0.602,1.231,0.419,0.9846,0.0066,-0.0282,0.1722,0.191,-3.309,199.836,0.215,-1.564,1.408,0.000,0.000,0.000,0.000,6.094,1.408,-0.753,0.801,0.337,0.09,0.52,1,0
173334,0.059,0.003,1.006,-0.062,1.034,0.013,0.9846,0.0066,-0.0287,0.1722,0.178,-3.375,199.841,0.215,-1.564,1.408,0.000,0.000,0.000,0.258,6.266,1.408,-0.740,0.835,0.308,0.10,0.50,1,0
173755,0.059,0.005,1.006,0.126,0.277,-0.047,0.9846,0.0077,-0.0283,0.1724,0.307,-3.343,199.856,0.108,-1.564,2.111,0.000,0.000,0.000,-0.569,6.299,2.111,-0.855,0.970,0.136,0.07,0.18,1,0
173776,0.058,0.004,1.006,0.143,0.261,0.053,0.9846,0.0070,-0.0282,0.1724,0.229,-3.321,199.861,0.215,-1.564,2.111,0.000,0.000,0.000,-0.815,6.135,2.111,-0.870,0.975,0.119,0.07,0.04,1,0
173796,0.058,0.004,1.006,-0.058,0.175,-0.067,0.9846,0.0070,-0.0282,0.1724,0.230,-3.321,199.860,0.215,-1.564,2.111,0.000,0.000,0.000,-0.073,6.105,2.111,-0.813,0.980,0.125,0.07,0.04,1,0
173814,0.058,0.005,1.005,0.002,0.058,0.168,0.9846,0.0073,-0.0279,0.1724,0.273,-3.297,199.859,0.108,-1.564,2.287,0.000,0.000,0.000,-0.336,6.121,2.287,-0.793,0.983,0.110,0.07,0.05,1,0
173833,0.058,0.005,1.006,-0.045,0.135,-0.031,0.9846,0.0075,-0.0281,0.1724,0.294,-3.316,199.859,0.215,-1.564,2.287,0.000,0.000,0.000,-0.322,6.091,2.287,-0.808,0.983,0.123,0.08,0.20,1,0
173850,0.058,0.006,1.006,0.079,0.048,-0.008,0.9846,0.0081,-0.0279,0.1724,0.361,-3.313,199.854,0.215,-1.564,2.287,0.000,0.000,0.000,-1.289,6.123,2.287,-0.821,0.986,0.140,0.08,0.19,1,0
174054,0.058,0.006,1.007,-0.031,-0.526,0.069,0.9846,0.0079,-0.0280,0.1725,0.340,-3.320,199.868,0.215,-1.564,2.287,0.000,0.000,0.000,-0.768,6.199,2.287,-0.866,0.997,0.106,0.06,-0.14,1,0
174066,0.059,0.007,1.007,0.068,-0.564,-0.023,0.9846,0.0082,-0.0280,0.1725,0.375,-3.325,199.868,0.108,-1.564,2.815,0.000,0.000,0.000,-1.408,6.155,2.815,-0.867,0.998,0.157,0.05,-0.21,1,0
174082,0.059,0.007,1.007,0.057,-0.562,-0.002,0.9846,0.0085,-0.0281,0.1725,0.399,-3.344,199.866,0.108,-1.564,2.815,0.000,0.000,0.000,-1.588,6.186,2.815,-0.886,0.999,0.170,0.05,-0.20,1,0
174106,0.059,0.006,1.007,-0.080,-0.526,0.178,0.9846,0.0077,-0.0285,0.1726,0.306,-3.365,199.874,0.108,-1.564,2.815,0.000,0.000,0.000,-1.450,6.322,2.815,-0.899,0.999,0.149,0.05,-0.23,1,0
174132,0.059,0.005,1.007,-0.059,-0.772,-0.041,0.9846,0.0077,-0.0283,0.1726,0.304,-3.349,199.875,0.108,-1.564,2.815,0.000,0.000,0.000,-1.035,6.207,2.815,-0.868,0.999,0.162,0.04,-0.17,1,0
174143,0.059,0.006,1.007,-0.092,-0.763,0.051,0.9846,0.0078,-0.0283,0.1726,0.322,-3.349,199.874,0.108,-1.564,2.815,0.000,0.000,0.000,-1.156,6.239,2.815,-0.861,0.999,0.161,0.04,-0.17,1,0
174166,0.059,0.006,1.006,0.079,-0.763,0.094,0.9845,0.0079,-0.0286,0.1726,0.327,-3.383,199.877,0.215,-1.564,2.815,0.000,0.000,0.000,-1.220,6.255,2.815,-0.877,0.999,0.139,0.05,0.21,1,0
174184,0.060,0.006,1.006,0.033,-0.886,-0.004,0.9845,0.0084,-0.0285,0.1726,0.382,-3.384,199.874,0.215,-1.564,2.815,0.000,0.000,0.000,-0.812,6.378,2.815,-0.856,1.000,0.150,0.05,0.20,1,0
174202,0.060,0.006,1.006,0.100,-0.825,0.086,0.9845,0.0082,-0.0288,0.1726,0.356,-3.417,199.878,0.215,-1.564,2.815,0.000,0.000,0.000,-0.800,6.447,2.815,-0.861,1.000,0.132,0.05,0.13,1,0
174222,0.060,0.005,1.006,-0.008,-0.975,0.034,0.9845,0.0077,-0.0289,0.1726,0.303,-3.414,199.882,0.108,-1.564,2.815,0.000,0.000,0.000,-1.121,6.454,2.815,-0.827,1.000,0.147,0.04,-0.39,1,0
174256,0.060,0.005,1.006,-0.004,-0.919,0.167,0.9845,0.0078,-0.0290,0.1727,0.302,-3.427,199.885,0.108,-1.564,2.815,0.000,0.000,0.000,-0.530,6.562,2.815,-0.807,1.000,0.141,0.03,-0.36,1,0
174274,0.061,0.006,1.006,-0.067,-1.020,0.107,0.9845,0.0080,-0.0293,0.1727,0.319,-3.459,199.886,0.108,-1.564,2.815,0.000,0.000,0.000,-1.108,6.525,2.815,-0.826,1.000,0.137,0.03,-0.29,1,0
174293,0.061,0.006,1.006,0.136,-1.130,-0.036,0.9845,0.0082,-0.0293,0.1727,0.342,-3.469,199.885,0.108,-1.564,2.815,0.000,0.000,0.000,-1.308,6.647,2.815,-0.853,1.000,0.147,0.03,0.17,1,0
174304,0.061,0.006,1.006,0.045,-1.136,-0.037,0.9845,0.0083,-0.0293,0.1727,0.355,-3.474,199.884,0.108,-1.564,2.815,0.000,0.000,0.000,-1.410,6.734,2.815,-0.870,1.000,0.155,0.03,0.17,1,0
174322,0.061,0.006,1.006,0.046,-1.093,0.076,0.9845,0.0081,-0.0295,0.1727,0.334,-3.491,199.885,0.108,-1.564,2.815,0.000,0.000,0.000,-1.268,6.731,2.815,-0.887,1.000,0.152,0.03,0.16,1,0
174342,0.061,0.005,1.006,0.187,-1.137,0.042,0.9845,0.0077,-0.0295,0.1727,0.287,-3.477,199.890,0.215,-1.564,2.815,0.000,0.000,0.000,-0.410,6.749,2.815,-0.878,1.000,0.144,0.03,0.09,1,0
174356,0.062,0.005,1.006,-0.009,-1.125,0.012,0.9845,0.0076,-0.0297,0.1727,0.271,-3.501,199.891,0.215,-1.564,2.815,0.000,0.000,0.000,-0.323,6.720,2.815,-0.826,1.000,0.149,0.02,-0.45,1,0
175163,0.076,0.005,1.006,0.250,-0.693,-0.140,0.9842,0.0088,-0.0368,0.1730,0.263,-4.332,199.934,0.108,-1.564,84.282,0.000,0.000,0.000,-0.879,9.647,89.912,-0.878,1.000,0.574,-0.09,0.33,1,0
175362,0.075,0.001,1.007,0.463,0.489,-0.424,0.9842,0.0068,-0.0362,0.1732,0.051,-4.227,199.954,0.215,-1.564,2.639,0.000,0.000,0.000,0.347,9.269,2.815,-0.731,0.939,-0.134,-0.08,0.16,1,0
175384,0.075,0.001,1.007,0.270,0.526,-0.167,0.9842,0.0073,-0.0366,0.1731,0.094,-4.278,199.945,0.108,-1.564,2.287,0.000,0.000,0.000,0.274,9.494,2.287,-0.773,0.954,-0.347,-0.08,0.15,1,0
175402,0.076,0.003,1.006,0.231,0.769,0.334,0.9842,0.0082,-0.0365,0.1731,0.203,-4.284,199.938,0.108,-1.564,2.287,0.000,0.000,0.000,-0.411,9.644,2.287,-0.799,0.961,-0.456,-0.07,0.11,1,0
175416,0.075,0.003,1.006,0.103,0.897,0.474,0.9842,0.0077,-0.0363,0.1731,0.143,-4.252,199.948,0.215,-1.564,2.287,0.000,0.000,0.000,0.052,9.397,2.287,-0.811,0.960,-0.509,-0.07,0.10,1,0
175427,0.075,0.002,1.006,0.093,0.895,0.376,0.9842,0.0075,-0.0364,0.1732,0.120,-4.254,199.953,0.108,-1.564,2.111,0.000,0.000,0.000,-0.147,9.382,2.111,-0.806,0.957,-0.512,-0.07,0.10,1,0
175446,0.074,0.002,1.006,0.031,0.786,0.330,0.9842,0.0075,-0.0362,0.1732,0.132,-4.235,199.959,0.108,-1.564,2.111,0.000,0.000,0.000,0.523,9.268,2.287,-0.780,0.965,-0.436,-0.06,0.13,1,0
175464,0.074,0.001,1.007,-0.064,0.820,0.273,0.9842,0.0070,-0.0361,0.1733,0.072,-4.215,199.969,0.215,-1.564,2.111,0.000,0.000,0.000,0.685,9.220,2.111,-0.759,0.971,-0.367,-0.06,0.40,1,0
175480,0.074,0.001,1.006,0.054,1.042,-0.138,0.9842,0.0066,-0.0362,0.1733,0.029,-4.217,199.973,0.108,-1.564,2.111,0.000,0.000,0.000,0.939,9.319,2.111,-0.712,0.975,-0.271,-0.05,0.38,1,0
175497,0.074,0.001,1.006,0.296,1.084,-0.216,0.9842,0.0071,-0.0363,0.1733,0.082,-4.244,199.966,0.215,-1.564,2.111,0.000,0.000,0.000,0.316,9.363,2.111,-0.719,0.979,-0.184,-0.04,0.36,1,0
175515,0.075,0.002,1.007,0.336,1.611,-0.097,0.9842,0.0077,-0.0361,0.1732,0.149,-4.227,199.959,0.215,-1.564,2.111,0.000,0.000,0.000,0.492,9.258,2.111,-0.740,0.959,-0.128,-0.04,0.31,1,0
175530,0.075,0.003,1.007,0.262,1.509,-0.107,0.9842,0.0077,-0.0364,0.1732,0.151,-4.260,199.958,0.215,-1.564,2.111,0.000,0.000,0.000,0.485,9.411,2.111,-0.757,0.946,-0.098,-0.04,-0.07,1,0
175553,0.075,0.005,1.006,-0.022,1.535,-0.018,0.9842,0.0087,-0.0360,0.1732,0.270,-4.243,199.947,0.215,-1.564,2.111,0.000,0.000,0.000,-0.101,9.274,2.111,-0.765,0.956,-0.052,-0.04,-0.06,1,0
175572,0.074,0.005,1.007,-0.199,1.936,0.377,0.9842,0.0088,-0.0358,0.1732,0.286,-4.222,199.950,0.215,-1.564,2.111,0.000,0.000,0.000,-0.333,9.225,2.111,-0.792,0.951,-0.065,-0.04,-0.00,1,0
175592,0.074,0.005,1.006,-0.115,1.760,0.132,0.9842,0.0086,-0.0359,0.1732,0.263,-4.225,199.956,0.215,-1.564,2.111,0.000,0.000,0.000,-0.220,9.228,2.111,-0.799,0.948,-0.048,-0.03,0.51,1,0
175604,0.074,0.005,1.006,-0.220,1.620,0.102,0.9842,0.0091,-0.0358,0.1732,0.314,-4.219,199.953,0.215,-1.564,2.111,0.000,0.000,0.000,-0.220,9.228,2.111,-0.795,0.952,-0.032,-0.03,0.51,1,0
175634,0.074,0.004,1.006,0.111,1.834,0.078,0.9842,0.0086,-0.0355,0.1733,0.264,-4.180,199.965,0.215,-1.564,2.111,0.000,0.000,0.000,-0.127,9.132,2.111,-0.835,0.961,-0.002,-0.02,0.39,1,0
175654,0.073,0.005,1.006,0.111,1.722,-0.163,0.9842,0.0086,-0.0353,0.1733,0.267,-4.161,199.964,0.215,-1.564,2.111,0.000,0.000,0.000,-0.156,9.099,2.111,-0.826,0.968,0.050,-0.02,-0.25,1,0
175666,0.073,0.004,1.006,0.299,1.855,-0.144,0.9842,0.0083,-0.0352,0.1733,0.244,-4.135,199.964,0.215,-1.564,2.111,0.000,0.000,0.000,-0.279,9.017,2.111,-0.831,0.968,0.067,-0.02,-0.25,1,0
175923,0.066,0.006,1.006,0.194,1.712,-0.201,0.9843,0.0085,-0.0316,0.1732,0.337,-3.734,199.952,0.215,-1.564,2.111,0.000,0.000,0.000,-0.544,7.621,2.111,-0.876,0.943,0.131,-0.10,0.07,1,0
175936,0.065,0.006,1.006,0.062,1.780,-0.054,0.9843,0.0086,-0.0313,0.1732,0.352,-3.708,199.950,0.215,-1.564,2.111,0.000,0.000,0.000,-0.697,7.440,2.111,-0.851,0.938,0.131,-0.10,0.07,1,0
175961,0.064,0.006,1.006,0.109,1.686,0.197,0.9844,0.0083,-0.0307,0.1733,0.326,-3.633,199.954,0.108,-1.564,2.111,0.000,0.000,0.000,-0.559,7.303,2.111,-0.844,0.936,0.098,-0.10,0.06,1,0
175984,0.063,0.005,1.006,0.055,1.542,0.071,0.9844,0.0079,-0.0305,0.1733,0.282,-3.600,199.960,0.215,-1.564,2.111,0.000,0.000,0.000,-0.365,7.041,2.111,-0.837,0.940,0.091,-0.10,0.06,1,0
176003,0.063,0.005,1.006,0.168,1.398,-0.037,0.9844,0.0076,-0.0302,0.1733,0.263,-3.560,199.962,0.108,-1.564,2.111,0.000,0.000,0.000,-0.264,6.994,2.111,-0.813,0.948,0.106,-0.10,0.04,1,0
176026,0.062,0.006,1.006,0.088,1.445,-0.113,0.9844,0.0081,-0.0300,0.1733,0.321,-3.542,199.957,0.215,-1.564,2.111,0.000,0.000,0.000,-0.537,6.929,2.111,-0.828,0.955,0.117,-0.10,0.04,1,0
176042,0.062,0.006,1.006,0.170,1.579,-0.064,0.9844,0.0082,-0.0296,0.1733,0.339,-3.501,199.955,0.215,-1.564,2.111,0.000,0.000,0.000,-0.691,6.798,2.111,-0.831,0.944,0.121,-0.10,0.02,1,0
176062,0.061,0.005,1.006,0.121,1.416,-0.104,0.9844,0.0078,-0.0294,0.1733,0.297,-3.472,199.956,0.108,-1.564,2.111,0.000,0.000,0.000,-1.079,6.684,2.111,-0.857,0.941,0.119,-0.10,-0.11,1,0
176083,0.061,0.005,1.006,0.131,1.402,-0.096,0.9844,0.0078,-0.0291,0.1733,0.302,-3.441,199.954,0.108,-1.564,2.111,0.000,0.000,0.000,-1.081,6.571,2.111,-0.863,0.950,0.121,-0.11,-0.11,1,0
176104,0.060,0.005,1.006,0.037,1.266,0.055,0.9844,0.0077,-0.0290,0.1733,0.292,-3.431,199.956,0.108,-1.564,2.111,0.000,0.000,0.000,-1.089,6.471,2.111,-0.866,0.956,0.106,-0.11,-0.14,1,0
176116,0.060,0.006,1.006,-0.063,1.201,0.052,0.9844,0.0079,-0.0289,0.1733,0.320,-3.420,199.955,0.108,-1.564,2.111,0.000,0.000,0.000,-1.069,6.511,2.111,-0.862,0.960,0.100,-0.12,-0.43,1,0
176134,0.059,0.006,1.006,0.064,1.212,0.077,0.9844,0.0080,-0.0284,0.1733,0.338,-3.365,199.955,0.000,-1.564,2.111,0.000,0.000,0.000,-1.895,6.395,2.111,-0.874,0.960,0.096,-0.13,-0.41,1,0
176146,0.059,0.006,1.006,0.120,1.131,-0.004,0.9844,0.0079,-0.0283,0.1733,0.333,-3.351,199.956,0.000,-1.564,2.111,0.000,0.000,0.000,-1.884,6.266,2.111,-0.889,0.958,0.099,-0.13,-0.41,1,0
176171,0.059,0.006,1.007,0.110,1.012,0.043,0.9844,0.0081,-0.0280,0.1733,0.359,-3.322,199.954,0.000,-1.564,2.111,0.000,0.000,0.000,-2.009,6.151,2.111,-0.913,0.966,0.108,-0.13,0.15,1,0
176680,0.055,0.004,1.005,-0.029,-1.228,0.152,0.9844,0.0069,-0.0266,0.1735,0.249,-3.142,199.983,0.000,-1.564,9.150,0.000,0.000,0.000,-1.423,5.410,14.956,-0.896,0.995,0.415,-0.22,-0.62,1,0
176946,0.059,0.004,1.005,0.351,-1.825,-0.286,0.9844,0.0073,-0.0288,0.1735,0.250,-3.390,199.989,0.108,-1.564,-114.897,0.000,0.000,0.000,-0.686,6.233,-112.786,-0.859,0.994,-0.674,-0.31,0.35,1,0
176967,0.061,0.005,1.005,0.209,-1.867,-0.100,0.9844,0.0076,-0.0295,0.1735,0.267,-3.483,199.984,0.108,-1.564,-122.287,0.000,0.000,0.000,-0.891,6.529,-119.824,-0.884,0.995,-0.749,-0.31,0.25,1,0
176983,0.061,0.004,1.005,0.006,-1.764,0.034,0.9844,0.0074,-0.0298,0.1735,0.245,-3.511,199.985,0.108,-1.564,-122.287,0.000,0.000,0.000,-0.847,6.708,-122.287,-0.878,0.996,-0.791,-0.32,-0.47,1,0
177002,0.062,0.004,1.005,-0.081,-1.766,0.168,0.9843,0.0071,-0.0299,0.1735,0.206,-3.514,199.988,0.108,-1.564,-119.824,0.000,0.000,0.000,-0.712,6.741,-122.287,-0.857,0.997,-0.822,-0.33,-0.44,1,0
177017,0.062,0.004,1.005,-0.276,-1.686,0.184,0.9843,0.0073,-0.0301,0.1735,0.223,-3.539,199.991,0.108,-1.564,-110.499,0.000,0.000,0.000,-0.594,6.831,-113.842,-0.825,0.997,-0.845,-0.33,-0.39,1,0
177032,0.063,0.004,1.006,-0.215,-1.661,0.153,0.9843,0.0072,-0.0304,0.1736,0.213,-3.571,199.994,0.108,-1.564,-105.396,0.000,0.000,0.000,-0.585,7.071,-105.396,-0.815,0.998,-0.764,-0.33,-0.08,1,0
177054,0.064,0.004,1.006,0.108,-1.630,-0.103,0.9843,0.0073,-0.0309,0.1736,0.207,-3.630,199.994,0.108,-1.564,-98.006,0.000,0.000,0.000,-0.637,7.115,-100.293,-0.829,0.998,-0.482,-0.34,-0.08,1,0
177076,0.065,0.005,1.005,-0.117,-1.329,0.144,0.9843,0.0082,-0.0312,0.1735,0.309,-3.681,199.987,0.108,-1.564,-97.830,0.000,0.000,0.000,-0.989,7.359,-97.830,-0.849,0.998,-0.473,-0.34,-0.11,1,0
177096,0.065,0.003,1.005,0.358,-1.437,0.048,0.9843,0.0072,-0.0315,0.1736,0.184,-3.696,199.999,0.108,-1.564,-93.783,0.000,0.000,0.000,-0.554,7.403,-95.718,-0.863,0.999,-0.578,-0.35,-0.40,1,0
177116,0.066,0.005,1.006,-0.040,-1.257,0.079,0.9843,0.0084,-0.0318,0.1736,0.310,-3.754,199.990,0.108,-1.564,-91.320,0.000,0.000,0.000,-0.697,7.610,-93.607,-0.857,0.999,-0.656,-0.36,-0.38,1,0
177136,0.066,0.006,1.006,-0.058,-1.237,0.587,0.9843,0.0085,-0.0318,0.1736,0.331,-3.764,199.997,0.108,-1.564,-82.170,0.000,0.000,0.000,-1.367,7.696,-87.273,-0.874,0.999,-0.666,-0.36,-0.32,1,0
177151,0.066,0.005,1.006,-0.031,-1.483,0.328,0.9842,0.0081,-0.0319,0.1737,0.280,-3.763,200.004,0.108,-1.564,-77.771,0.000,0.000,0.000,-1.157,7.748,-80.235,-0.881,0.999,-0.581,-0.36,-0.32,1,0
177176,0.067,0.006,1.007,-0.185,-1.586,0.167,0.9842,0.0089,-0.0325,0.1737,0.358,-3.849,200.001,0.108,-1.564,-53.138,0.000,0.000,0.000,-1.307,7.859,-53.138,-0.871,0.999,-0.191,-0.36,0.09,1,0
177198,0.068,0.006,1.006,-0.248,-1.024,0.328,0.9842,0.0087,-0.0329,0.1737,0.325,-3.889,200.009,0.108,-1.564,-5.630,0.000,0.000,0.000,-1.276,8.029,18.299,-0.880,0.998,0.046,-0.35,0.08,1,0
177642,0.074,0.005,1.006,0.064,0.272,-0.083,0.9841,0.0089,-0.0356,0.1737,0.292,-4.199,200.012,0.108,-1.564,2.111,0.000,0.000,0.000,-0.905,9.227,2.111,-0.871,0.990,0.094,-0.15,1.26,1,0
177655,0.074,0.005,1.006,-0.111,0.356,0.159,0.9841,0.0087,-0.0356,0.1737,0.269,-4.192,200.015,0.108,-1.564,2.111,0.000,0.000,0.000,-1.034,9.178,2.111,-0.865,0.991,0.072,-0.14,1.20,1,0
177673,0.074,0.004,1.006,-0.195,0.142,0.170,0.9841,0.0084,-0.0358,0.1738,0.234,-4.213,200.020,0.108,-1.564,2.111,0.000,0.000,0.000,-0.465,9.210,2.111,-0.848,0.992,0.053,-0.12,1.07,1,0
177696,0.074,0.005,1.006,-0.175,0.148,0.373,0.9841,0.0088,-0.0359,0.1738,0.275,-4.222,200.023,0.108,-1.564,2.111,0.000,0.000,0.000,-0.823,9.310,2.111,-0.835,0.994,0.040,-0.11,0.36,1,0
177714,0.074,0.005,1.006,-0.002,0.207,0.326,0.9841,0.0090,-0.0358,0.1738,0.298,-4.222,200.025,0.108,-1.564,2.287,0.000,0.000,0.000,-0.817,9.242,2.111,-0.841,0.995,0.035,-0.11,0.36,1,0
177946,0.073,0.005,1.006,0.263,0.481,0.022,0.9841,0.0087,-0.0350,0.1739,0.287,-4.121,200.034,0.215,-1.564,-53.842,0.000,0.000,0.000,-0.401,8.927,-51.202,-0.830,0.983,-0.425,-0.10,-0.10,1,0
177963,0.072,0.005,1.006,0.216,0.662,-0.190,0.9841,0.0087,-0.0348,0.1739,0.283,-4.104,200.034,0.108,-1.564,-81.642,0.000,0.000,0.000,-0.309,8.882,-77.243,-0.849,0.988,-0.584,-0.09,0.08,1,0
177996,0.072,0.005,1.006,0.183,0.903,0.080,0.9841,0.0087,-0.0347,0.1739,0.287,-4.095,200.032,0.215,-1.564,-112.082,0.000,0.000,0.000,-0.399,8.824,-109.267,-0.828,0.986,-0.699,-0.08,0.17,1,0
178015,0.072,0.004,1.006,0.026,1.047,-0.032,0.9841,0.0080,-0.0348,0.1739,0.213,-4.093,200.038,0.108,-1.564,-118.944,0.000,0.000,0.000,-0.080,8.842,-118.944,-0.801,0.965,-0.754,-0.06,0.99,1,0
178034,0.072,0.004,1.006,0.047,0.989,-0.093,0.9841,0.0081,-0.0347,0.1739,0.223,-4.075,200.037,0.108,-1.564,-124.223,0.000,0.000,0.000,-0.623,8.727,-121.760,-0.802,0.968,-0.782,-0.05,0.99,1,0
178058,0.071,0.003,1.006,-0.013,1.271,-0.068,0.9841,0.0077,-0.0345,0.1739,0.180,-4.042,200.039,0.108,-1.564,-131.613,0.000,0.000,0.000,0.277,8.692,-129.326,-0.774,0.958,-0.842,-0.03,0.85,1,0
178075,0.071,0.004,1.006,0.047,1.265,-0.153,0.9841,0.0083,-0.0342,0.1739,0.252,-4.026,200.032,0.108,-1.564,-136.716,0.000,0.000,0.000,-0.733,8.543,-134.428,-0.801,0.956,-0.866,-0.02,0.37,1,0
178096,0.070,0.004,1.006,0.192,1.239,-0.096,0.9841,0.0082,-0.0340,0.1739,0.251,-4.003,200.030,0.108,-1.564,-139.003,0.000,0.000,0.000,-0.849,8.465,-136.891,-0.837,0.961,-0.890,-0.02,0.35,1,0
178115,0.070,0.004,1.006,0.155,1.348,-0.277,0.9842,0.0079,-0.0339,0.1739,0.218,-3.983,200.029,0.108,-1.564,-140.587,0.000,0.000,0.000,-0.527,8.416,-140.587,-0.851,0.961,-0.912,-0.01,0.30,1,0
178134,0.070,0.004,1.006,0.095,1.389,-0.128,0.9842,0.0081,-0.0338,0.1738,0.237,-3.975,200.024,0.108,-1.564,-140.587,0.000,0.000,0.000,-0.612,8.396,-140.587,-0.842,0.962,-0.927,-0.01,-0.00,1,0
178152,0.070,0.004,1.006,0.071,1.464,-0.043,0.9842,0.0080,-0.0337,0.1738,0.231,-3.961,200.024,0.108,-1.564,-140.587,0.000,0.000,0.000,-0.705,8.403,-140.587,-0.844,0.963,-0.935,-0.01,-0.00,1,0
178170,0.069,0.005,1.006,-0.013,1.478,-0.038,0.9842,0.0084,-0.0334,0.1738,0.285,-3.936,200.019,0.108,-1.564,-140.587,0.000,0.000,0.000,-0.799,8.274,-140.587,-0.847,0.964,-0.947,-0.01,-0.00,1,0
178193,0.069,0.005,1.006,0.186,1.619,0.050,0.9842,0.0086,-0.0333,0.1738,0.303,-3.926,200.019,0.108,-1.564,-140.587,0.000,0.000,0.000,-1.178,8.215,-140.587,-0.877,0.960,-0.960,-0.02,-0.04,1,0
178202,0.069,0.005,1.006,0.177,1.607,-0.018,0.9842,0.0086,-0.0330,0.1738,0.314,-3.895,200.019,0.108,-1.564,-140.587,0.000,0.000,0.000,-1.092,8.220,-140.587,-0.886,0.959,-0.963,-0.02,-0.04,1,0
178222,0.068,0.006,1.005,-0.018,1.539,0.048,0.9842,0.0090,-0.0328,0.1738,0.361,-3.877,200.016,0.108,-1.564,-140.587,0.000,0.000,0.000,-1.235,8.144,-140.587,-0.888,0.964,-0.968,-0.02,-0.31,1,0
178655,0.056,0.005,1.006,0.221,0.761,-0.738,0.9843,0.0075,-0.0269,0.1741,0.311,-3.185,200.050,0.108,-1.564,7.742,0.000,0.000,0.000,-1.102,5.587,17.771,-0.881,0.917,-0.498,-0.02,0.60,1,0
178676,0.055,0.008,1.005,0.160,0.957,-0.124,0.9844,0.0089,-0.0265,0.1740,0.475,-3.167,200.032,0.108,-1.564,3.519,0.000,0.000,0.000,-1.986,5.523,3.519,-0.899,0.919,-0.200,-0.03,-0.43,1,0
178695,0.055,0.007,1.004,-0.054,1.409,0.142,0.9844,0.0082,-0.0260,0.1740,0.403,-3.100,200.037,0.108,-1.564,2.111,0.000,0.000,0.000,-1.650,5.496,2.111,-0.911,0.887,0.020,-0.04,-0.41,1,0
178713,0.055,0.006,1.005,-0.000,1.192,0.361,0.9844,0.0074,-0.0263,0.1741,0.309,-3.115,200.047,0.000,-1.564,2.111,0.000,0.000,0.000,-1.725,5.412,2.111,-0.888,0.860,0.166,-0.05,-0.35,1,0
178724,0.054,0.005,1.005,-0.023,1.220,0.293,0.9844,0.0071,-0.0256,0.1741,0.294,-3.035,200.050,0.000,-1.564,2.111,0.000,0.000,0.000,-1.725,5.412,2.111,-0.888,0.866,0.231,-0.05,-0.35,1,0
178962,0.049,0.004,1.006,0.122,-0.333,-0.162,0.9844,0.0063,-0.0235,0.1744,0.237,-2.780,200.084,0.000,-1.564,2.111,0.000,0.000,0.000,-1.289,4.260,2.111,-0.858,0.930,0.154,-0.06,0.45,1,0
178976,0.050,0.005,1.006,0.350,-0.292,-0.219,0.9844,0.0066,-0.0239,0.1743,0.266,-2.833,200.080,0.000,-1.564,2.111,0.000,0.000,0.000,-1.372,4.347,2.111,-0.872,0.926,0.165,-0.05,0.39,1,0
178993,0.050,0.006,1.006,0.294,-0.255,0.187,0.9844,0.0073,-0.0238,0.1743,0.350,-2.827,200.076,0.000,-1.564,2.111,0.000,0.000,0.000,-1.927,4.396,2.111,-0.891,0.932,0.139,-0.05,0.03,1,0
179016,0.050,0.005,1.005,0.018,-0.541,-0.104,0.9844,0.0065,-0.0240,0.1744,0.256,-2.834,200.084,0.000,-1.564,2.111,0.000,0.000,0.000,-1.529,4.473,2.111,-0.892,0.946,0.119,-0.05,0.02,1,0
179026,0.050,0.005,1.005,0.032,-0.561,-0.132,0.9844,0.0067,-0.0241,0.1744,0.275,-2.849,200.083,0.000,-1.564,2.111,0.000,0.000,0.000,-1.529,4.473,2.111,-0.890,0.947,0.122,-0.05,0.02,1,0
179044,0.050,0.006,1.005,-0.223,-0.671,0.104,0.9844,0.0072,-0.0241,0.1743,0.331,-2.860,200.078,0.000,-1.564,2.111,0.000,0.000,0.000,-1.748,4.567,2.111,-0.877,0.958,0.124,-0.04,0.08,1,0
179064,0.050,0.005,1.006,-0.029,-0.952,0.137,0.9843,0.0068,-0.0244,0.1744,0.278,-2.890,200.083,0.000,-1.564,2.111,0.000,0.000,0.000,-1.609,4.537,2.111,-0.879,0.967,0.105,-0.03,0.56,1,0
179080,0.051,0.006,1.006,0.136,-1.068,0.186,0.9843,0.0072,-0.0245,0.1744,0.327,-2.907,200.083,0.000,-1.564,2.111,0.000,0.000,0.000,-1.729,4.628,2.111,-0.893,0.972,0.098,-0.02,0.53,1,0
179101,0.051,0.005,1.006,0.179,-1.046,0.246,0.9843,0.0070,-0.0244,0.1744,0.304,-2.894,200.089,0.000,-1.564,2.111,0.000,0.000,0.000,-1.808,4.672,2.111,-0.913,0.977,0.084,-0.01,0.53,1,0
179124,0.051,0.005,1.006,0.170,-1.157,0.046,0.9843,0.0069,-0.0245,0.1744,0.293,-2.902,200.092,0.000,-1.564,2.111,0.000,0.000,0.000,-1.640,4.643,2.111,-0.920,0.982,0.098,0.00,0.70,1,0
179138,0.051,0.005,1.006,0.053,-1.290,-0.004,0.9843,0.0070,-0.0246,0.1745,0.295,-2.918,200.092,0.000,-1.564,2.111,0.000,0.000,0.000,-1.643,4.690,2.111,-0.908,0.984,0.110,0.02,0.67,1,0
179154,0.051,0.005,1.006,-0.102,-1.331,0.012,0.9843,0.0068,-0.0247,0.1745,0.267,-2.927,200.094,0.000,-1.564,2.111,0.000,0.000,0.000,-1.515,4.809,2.111,-0.896,0.987,0.115,0.02,0.63,1,0
179163,0.052,0.005,1.006,-0.102,-1.315,-0.050,0.9843,0.0068,-0.0248,0.1745,0.269,-2.937,200.093,0.000,-1.564,2.111,0.000,0.000,0.000,-1.493,4.776,2.111,-0.889,0.988,0.119,0.03,0.63,1,0
179178,0.052,0.005,1.006,-0.149,-1.283,0.036,0.9843,0.0072,-0.0250,0.1744,0.316,-2.963,200.090,0.000,-1.564,2.287,0.000,0.000,0.000,-1.626,4.838,2.111,-0.882,0.990,0.118,0.03,0.54,1,0
179194,0.052,0.005,1.006,0.008,-1.310,0.089,0.9843,0.0070,-0.0251,0.1745,0.287,-2.972,200.093,0.000,-1.564,2.287,0.000,0.000,0.000,-1.640,4.834,2.111,-0.896,0.991,0.120,0.03,-0.03,1,0
179216,0.053,0.006,1.006,0.007,-1.604,0.183,0.9843,0.0076,-0.0253,0.1745,0.350,-3.011,200.092,0.000,-1.564,2.111,0.000,0.000,0.000,-1.746,5.030,2.111,-0.909,0.993,0.114,0.03,-0.03,1,0
179234,0.053,0.006,1.006,0.087,-1.661,0.363,0.9843,0.0075,-0.0255,0.1745,0.334,-3.023,200.098,0.000,-1.564,2.111,0.000,0.000,0.000,-1.979,5.103,2.111,-0.923,0.994,0.091,0.03,-0.03,1,0
179672,0.066,0.004,1.005,0.192,-2.330,-0.046,0.9841,0.0077,-0.0322,0.1746,0.228,-3.788,200.115,0.108,-1.564,138.475,0.000,0.000,0.000,-0.623,7.675,138.475,-0.821,0.999,0.953,-0.02,0.13,1,0
179692,0.067,0.005,1.005,0.100,-2.477,-0.162,0.9841,0.0081,-0.0323,0.1746,0.269,-3.810,200.110,0.000,-1.564,138.475,0.000,0.000,0.000,-1.415,7.885,138.475,-0.831,0.999,0.961,-0.02,0.10,1,0
179712,0.068,0.005,1.005,0.068,-2.424,-0.051,0.9841,0.0084,-0.0328,0.1746,0.287,-3.870,200.107,0.108,-1.564,138.475,0.000,0.000,0.000,-1.532,7.925,138.475,-0.856,1.000,0.967,-0.02,0.10,1,0
179736,0.069,0.005,1.005,-0.109,-2.422,0.131,0.9840,0.0086,-0.0335,0.1746,0.297,-3.947,200.108,0.000,-1.564,138.475,0.000,0.000,0.000,-1.617,8.177,138.475,-0.856,1.000,0.976,-0.03,-0.09,1,0
179944,0.077,0.005,1.006,-0.001,-0.645,0.099,0.9839,0.0090,-0.0373,0.1747,0.267,-4.391,200.126,0.108,-1.564,138.475,0.000,0.000,0.000,-0.850,9.931,138.475,-0.849,0.996,0.997,0.03,0.16,1,0
179960,0.078,0.005,1.006,-0.048,-0.268,0.073,0.9839,0.0091,-0.0375,0.1747,0.273,-4.413,200.127,0.108,-1.564,138.475,0.000,0.000,0.000,-0.807,9.978,138.475,-0.842,0.990,0.997,0.03,0.15,1,0
179977,0.078,0.005,1.006,0.158,0.006,0.084,0.9839,0.0091,-0.0376,0.1747,0.278,-4.431,200.128,0.108,-1.564,138.475,0.000,0.000,0.000,-0.808,9.984,138.475,-0.843,0.983,0.998,0.03,0.15,1,0
180002,0.078,0.005,1.006,0.204,0.372,-0.058,0.9838,0.0092,-0.0379,0.1747,0.280,-4.462,200.128,0.108,-1.564,138.475,0.000,0.000,0.000,-0.925,10.138,138.475,-0.855,0.980,0.998,0.04,0.14,1,0
180022,0.078,0.005,1.006,0.133,0.553,-0.047,0.9838,0.0094,-0.0379,0.1747,0.302,-4.460,200.125,0.108,-1.564,130.381,0.000,0.000,0.000,-0.951,10.107,133.900,-0.859,0.976,0.999,0.04,0.12,1,0
180034,0.078,0.005,1.006,0.107,0.687,0.023,0.9838,0.0091,-0.0380,0.1747,0.263,-4.470,200.129,0.000,-1.564,111.730,0.000,0.000,0.000,-1.078,10.128,122.111,-0.869,0.977,0.881,0.04,0.12,1,0
180042,0.078,0.005,1.006,0.107,0.687,0.023,0.9838,0.0091,-0.0380,0.1747,0.263,-4.470,200.129,0.000,-1.564,111.730,0.000,0.000,0.000,-1.078,10.128,122.111,-0.869,0.977,0.881,0.04,0.12,1,0
180066,0.079,0.005,1.006,0.140,1.091,0.060,0.9838,0.0091,-0.0379,0.1747,0.268,-4.464,200.130,0.000,-1.564,55.073,0.000,0.000,0.000,-1.381,10.131,65.982,-0.879,0.968,0.289,0.04,0.04,1,0
180102,0.078,0.005,1.006,0.127,1.292,0.039,0.9838,0.0094,-0.0378,0.1747,0.302,-4.449,200.129,0.000,-1.564,23.754,0.000,0.000,0.000,-1.600,10.156,30.440,-0.910,0.968,-0.067,0.04,0.01,1,0
180121,0.079,0.004,1.006,0.308,0.875,-0.209,0.9838,0.0086,-0.0380,0.1747,0.207,-4.463,200.135,0.000,-1.564,2.287,0.000,0.000,0.000,-1.278,10.110,2.287,-0.920,0.975,-0.268,0.04,0.01,1,0
180142,0.079,0.006,1.007,0.023,1.062,0.173,0.9838,0.0096,-0.0377,0.1747,0.327,-4.452,200.126,0.000,-1.564,2.287,0.000,0.000,0.000,-1.382,10.179,2.287,-0.897,0.979,-0.389,0.04,0.00,1,0
180156,0.078,0.005,1.006,0.122,1.468,0.466,0.9838,0.0090,-0.0376,0.1748,0.261,-4.424,200.137,0.000,-1.564,2.287,0.000,0.000,0.000,-1.602,9.964,2.287,-0.906,0.958,-0.481,0.04,-0.01,1,0
180175,0.078,0.004,1.005,0.198,1.496,0.132,0.9838,0.0089,-0.0375,0.1748,0.257,-4.407,200.144,0.000,-1.564,2.111,0.000,0.000,0.000,-1.212,10.023,2.111,-0.901,0.947,-0.576,0.04,-0.16,1,0
180192,0.075,0.004,1.006,-0.133,1.532,0.120,0.9839,0.0087,-0.0364,0.1749,0.248,-4.281,200.146,0.000,-1.564,2.111,0.000,0.000,0.000,-1.560,9.778,2.111,-0.883,0.946,-0.605,0.03,-0.16,1,0
180216,0.071,-0.001,1.005,0.355,1.685,-0.355,0.9839,0.0059,-0.0348,0.1750,-0.029,-4.049,200.168,0.000,-1.564,2.111,0.000,0.000,0.000,-0.190,8.784,2.111,-0.834,0.861,-0.487,0.03,-0.12,1,0
180234,0.072,0.001,1.006,0.247,1.562,-0.416,0.9839,0.0066,-0.0348,0.1749,0.043,-4.062,200.154,0.000,-1.564,2.111,0.000,0.000,0.000,0.120,8.796,2.111,-0.772,0.851,-0.354,0.04,0.16,1,0
180252,0.072,0.001,1.005,0.496,1.566,-0.024,0.9839,0.0068,-0.0350,0.1748,0.069,-4.089,200.149,0.000,-1.564,2.111,0.000,0.000,0.000,-0.393,8.677,2.111,-0.782,0.867,-0.299,0.04,0.15,1,0
180684,0.061,0.004,1.006,0.253,1.964,-0.242,0.9841,0.0073,-0.0295,0.1751,0.235,-3.470,200.176,0.108,-1.564,2.111,0.000,0.000,0.000,-0.705,6.613,2.111,-0.877,0.889,0.096,0.00,0.04,1,0
180702,0.060,0.005,1.006,-0.056,1.817,-0.182,0.9841,0.0078,-0.0291,0.1751,0.294,-3.439,200.168,0.108,-1.564,2.111,0.000,0.000,0.000,-0.995,6.552,2.111,-0.866,0.901,0.134,-0.01,-0.39,1,0
180720,0.060,0.005,1.006,0.117,1.832,0.023,0.9841,0.0075,-0.0288,0.1751,0.264,-3.394,200.169,0.108,-1.564,2.111,0.000,0.000,0.000,-1.119,6.427,2.111,-0.881,0.905,0.121,-0.01,-0.38,1,0
180734,0.059,0.004,1.006,0.227,1.949,0.030,0.9841,0.0072,-0.0286,0.1751,0.241,-3.372,200.171,0.108,-1.564,2.111,0.000,0.000,0.000,-0.968,6.431,2.111,-0.891,0.903,0.112,-0.02,-0.38,1,0
180754,0.059,0.005,1.006,0.039,1.936,-0.005,0.9841,0.0076,-0.0282,0.1751,0.290,-3.335,200.168,0.108,-1.564,2.111,0.000,0.000,0.000,-1.071,6.247,2.111,-0.887,0.883,0.111,-0.01,-0.27,1,0
180954,0.053,0.005,1.006,-0.073,0.843,0.061,0.9842,0.0073,-0.0252,0.1752,0.317,-2.994,200.174,0.108,-1.564,40.997,0.000,0.000,0.000,-1.047,5.009,33.959,-0.886,0.909,0.477,-0.00,-0.59,1,0
180984,0.051,0.005,1.006,0.046,0.604,0.017,0.9842,0.0068,-0.0249,0.1752,0.271,-2.942,200.181,0.108,-1.564,63.695,0.000,0.000,0.000,-0.867,4.747,61.760,-0.877,0.908,0.614,-0.02,-0.56,1,0
181004,0.051,0.005,1.006,-0.091,0.369,-0.267,0.9842,0.0070,-0.0245,0.1752,0.302,-2.909,200.176,0.000,-1.564,73.021,0.000,0.000,0.000,-1.584,4.708,71.085,-0.864,0.922,0.678,-0.03,-0.54,1,0
181024,0.048,0.005,1.006,0.127,0.323,-0.095,0.9842,0.0068,-0.0234,0.1751,0.297,-2.774,200.173,0.108,-1.564,87.977,0.000,0.000,0.000,-1.081,4.233,83.226,-0.885,0.915,0.737,-0.04,-0.55,1,0
181046,0.047,0.004,1.005,0.383,0.286,-0.268,0.9843,0.0062,-0.0224,0.1751,0.248,-2.648,200.173,0.108,-1.564,92.199,0.000,0.000,0.000,-0.915,3.998,89.912,-0.885,0.898,0.767,-0.04,-0.52,1,0
181074,0.044,0.004,1.005,0.208,0.033,0.116,0.9843,0.0060,-0.0209,0.1751,0.253,-2.478,200.168,0.000,-1.564,109.795,0.000,0.000,0.000,-0.645,3.192,106.979,-0.887,0.811,0.844,-0.05,0.06,1,0
181094,0.044,0.004,1.004,-0.142,-0.104,0.115,0.9843,0.0060,-0.0213,0.1751,0.250,-2.527,200.169,0.000,-1.564,111.906,0.000,0.000,0.000,-1.464,3.220,109.795,-0.869,0.818,0.859,-0.05,0.06,1,0
181114,0.046,0.005,1.005,-0.012,-0.306,0.079,0.9843,0.0065,-0.0222,0.1751,0.287,-2.634,200.170,0.108,-1.564,114.194,0.000,0.000,0.000,-0.870,3.597,114.194,-0.834,0.864,0.896,-0.05,0.05,1,0
181138,0.046,0.004,1.005,-0.064,-0.476,0.048,0.9843,0.0061,-0.0223,0.1751,0.239,-2.635,200.174,0.108,-1.564,116.129,0.000,0.000,0.000,-0.917,3.687,116.129,-0.836,0.891,0.917,-0.04,0.09,1,0
181152,0.047,0.004,1.005,0.094,-0.484,-0.166,0.9843,0.0061,-0.0224,0.1751,0.239,-2.654,200.173,0.000,-1.564,116.481,0.000,0.000,0.000,-0.720,3.822,116.129,-0.839,0.902,0.925,-0.04,0.09,1,0
181167,0.047,0.005,1.006,0.050,-0.591,-0.099,0.9843,0.0065,-0.0227,0.1751,0.283,-2.696,200.168,0.000,-1.564,117.009,0.000,0.000,0.000,-1.450,3.876,116.481,-0.863,0.920,0.939,-0.03,0.42,1,0
181184,0.048,0.004,1.005,0.069,-0.938,0.118,0.9843,0.0063,-0.0229,0.1751,0.248,-2.711,200.170,0.000,-1.564,117.009,0.000,0.000,0.000,-1.576,3.972,117.009,-0.886,0.933,0.949,-0.02,0.40,1,0
181206,0.048,0.004,1.005,0.075,-0.803,-0.039,0.9842,0.0059,-0.0232,0.1751,0.203,-2.741,200.173,0.000,-1.564,116.833,0.000,0.000,0.000,-1.054,4.132,117.009,-0.882,0.946,0.959,-0.02,0.34,1,0
181226,0.049,0.005,1.005,-0.091,-0.960,0.231,0.9842,0.0068,-0.0237,0.1751,0.292,-2.813,200.170,0.108,-1.564,114.721,0.000,0.000,0.000,-0.942,4.345,116.833,-0.859,0.956,0.966,-0.02,-0.07,1,0
181243,0.050,0.005,1.005,0.055,-1.226,0.322,0.9842,0.0064,-0.0240,0.1752,0.241,-2.838,200.178,0.108,-1.564,114.545,0.000,0.000,0.000,-1.000,4.425,114.545,-0.855,0.963,0.971,-0.02,-0.07,1,0
181272,0.050,0.005,1.005,-0.183,-1.196,0.014,0.9842,0.0067,-0.0242,0.1752,0.268,-2.867,200.179,0.108,-1.564,108.915,0.000,0.000,0.000,-0.795,4.507,111.730,-0.828,0.971,0.978,-0.03,-0.09,1,0
181707,0.063,0.001,1.006,0.189,-2.834,-0.069,0.9840,0.0058,-0.0308,0.1753,0.031,-3.589,200.199,0.108,-1.564,2.111,0.000,0.000,0.000,0.679,6.978,2.111,-0.732,1.000,-0.011,-0.06,-0.52,1,0
181724,0.064,0.001,1.006,-0.086,-2.868,0.282,0.9840,0.0062,-0.0314,0.1753,0.070,-3.665,200.198,0.108,-1.564,2.111,0.000,0.000,0.000,0.215,7.288,2.111,-0.739,1.000,-0.039,-0.05,-0.38,1,0
181736,0.065,0.002,1.006,-0.196,-2.820,0.540,0.9840,0.0068,-0.0317,0.1753,0.133,-3.718,200.200,0.108,-1.564,2.111,0.000,0.000,0.000,0.000,7.332,2.111,-0.748,1.000,-0.067,-0.04,0.72,1,0
181752,0.066,0.003,1.006,-0.492,-2.697,0.746,0.9840,0.0070,-0.0321,0.1754,0.146,-3.760,200.206,0.108,-1.564,2.111,0.000,0.000,0.000,-0.155,7.758,2.111,-0.753,1.000,-0.094,-0.03,0.68,1,0
181772,0.067,0.002,1.006,-0.443,-2.686,0.608,0.9839,0.0066,-0.0329,0.1755,0.089,-3.841,200.226,0.108,-1.564,2.111,0.000,0.000,0.000,0.106,7.947,2.111,-0.741,1.000,-0.089,-0.02,0.56,1,0
181977,0.077,0.004,1.006,0.159,-0.100,-0.055,0.9837,0.0088,-0.0371,0.1757,0.244,-4.367,200.244,0.108,-1.564,1.760,0.000,0.000,0.000,-1.269,9.800,1.760,-0.879,0.969,0.042,-0.02,-0.06,1,0
182003,0.077,0.004,1.006,0.102,0.350,-0.421,0.9837,0.0086,-0.0376,0.1756,0.213,-4.413,200.239,0.108,-1.564,2.111,0.000,0.000,0.000,-0.529,9.944,2.111,-0.857,0.958,0.125,-0.01,0.43,1,0
182016,0.078,0.004,1.006,0.004,0.654,-0.242,0.9837,0.0090,-0.0375,0.1756,0.261,-4.418,200.231,0.108,-1.564,2.111,0.000,0.000,0.000,-0.711,9.992,2.111,-0.840,0.953,0.147,-0.00,0.41,1,0
182034,0.078,0.005,1.006,0.166,1.087,-0.039,0.9837,0.0093,-0.0375,0.1756,0.295,-4.415,200.227,0.108,-1.564,2.111,0.000,0.000,0.000,-0.893,9.893,2.111,-0.859,0.934,0.130,0.00,0.34,1,0
182047,0.078,0.006,1.006,-0.097,1.201,0.049,0.9837,0.0096,-0.0376,0.1756,0.323,-4.441,200.225,0.108,-1.564,2.111,0.000,0.000,0.000,-1.018,9.965,2.111,-0.861,0.915,0.117,0.00,0.34,1,0
182066,0.078,0.006,1.006,-0.065,1.298,0.338,0.9837,0.0099,-0.0376,0.1756,0.362,-4.438,200.226,0.108,-1.564,2.111,0.000,0.000,0.000,-1.458,10.062,2.111,-0.872,0.921,0.081,-0.00,-0.08,1,0
182083,0.078,0.005,1.006,-0.005,1.092,0.224,0.9837,0.0092,-0.0374,0.1757,0.279,-4.410,200.238,0.108,-1.564,2.111,0.000,0.000,0.000,-1.197,10.005,2.111,-0.887,0.933,0.069,-0.00,-0.08,1,0
182102,0.078,0.005,1.006,0.011,1.122,-0.071,0.9837,0.0091,-0.0377,0.1757,0.271,-4.436,200.239,0.108,-1.564,2.111,0.000,0.000,0.000,-0.910,10.040,2.111,-0.863,0.945,0.096,-0.00,-0.07,1,0
182118,0.078,0.005,1.006,0.103,1.446,0.078,0.9837,0.0092,-0.0374,0.1757,0.287,-4.406,200.238,0.108,-1.564,2.111,0.000,0.000,0.000,-0.903,9.910,2.111,-0.858,0.945,0.107,-0.00,-0.04,1,0
182141,0.077,0.004,1.006,0.055,1.554,-0.113,0.9837,0.0088,-0.0372,0.1757,0.243,-4.379,200.242,0.108,-1.564,2.111,0.000,0.000,0.000,-0.798,9.852,2.111,-0.855,0.940,0.113,0.00,0.24,1,0
182156,0.077,0.005,1.006,0.179,1.607,-0.080,0.9837,0.0091,-0.0373,0.1757,0.270,-4.394,200.238,0.108,-1.564,2.111,0.000,0.000,0.000,-0.823,9.850,2.111,-0.854,0.944,0.122,0.01,0.23,1,0
182175,0.077,0.005,1.006,0.175,1.654,-0.047,0.9837,0.0094,-0.0371,0.1756,0.318,-4.379,200.234,0.108,-1.564,2.111,0.000,0.000,0.000,-1.075,9.796,2.111,-0.873,0.953,0.118,0.01,0.18,1,0
182192,0.077,0.005,1.006,0.179,1.740,-0.142,0.9837,0.0091,-0.0370,0.1756,0.276,-4.360,200.236,0.108,-1.564,2.111,0.000,0.000,0.000,-0.939,9.758,2.111,-0.883,0.959,0.120,0.01,-0.19,1,0
182206,0.077,0.005,1.006,0.229,1.866,-0.106,0.9837,0.0091,-0.0369,0.1756,0.284,-4.347,200.234,0.108,-1.564,2.111,0.000,0.000,0.000,-0.965,9.747,2.111,-0.882,0.959,0.125,0.00,-0.19,1,0
182221,0.076,0.005,1.006,0.110,1.891,-0.009,0.9837,0.0090,-0.0368,0.1756,0.269,-4.336,200.235,0.108,-1.564,2.111,0.000,0.000,0.000,-0.983,9.628,2.111,-0.879,0.963,0.116,0.00,-0.18,1,0
182247,0.076,0.005,1.005,0.119,1.893,0.211,0.9837,0.0090,-0.0363,0.1757,0.288,-4.273,200.237,0.000,-1.564,2.111,0.000,0.000,0.000,-1.060,9.534,2.111,-0.875,0.966,0.088,-0.00,-0.16,1,0
182264,0.075,0.005,1.005,-0.012,1.945,0.206,0.9837,0.0087,-0.0362,0.1757,0.256,-4.260,200.242,0.108,-1.564,2.111,0.000,0.000,0.000,-1.494,9.427,2.111,-0.886,0.964,0.077,-0.00,-0.09,1,0
182282,0.075,0.005,1.005,0.158,1.945,0.082,0.9837,0.0089,-0.0358,0.1757,0.280,-4.219,200.243,0.108,-1.564,2.111,0.000,0.000,0.000,-0.878,9.298,2.111,-0.876,0.968,0.089,-0.00,-0.08,1,0
182722,0.059,0.005,1.006,0.136,1.742,-0.195,0.9840,0.0079,-0.0285,0.1755,0.317,-3.369,200.219,0.108,-1.564,-54.018,0.000,0.000,0.000,-1.003,6.288,-54.897,-0.885,0.848,-0.902,-0.07,0.08,1,0
182743,0.058,0.004,1.006,0.101,1.677,-0.128,0.9840,0.0072,-0.0280,0.1755,0.251,-3.303,200.221,0.108,-1.564,-53.490,0.000,0.000,0.000,-0.921,6.062,-53.490,-0.875,0.868,-0.923,-0.07,0.08,1,0
182761,0.058,0.006,1.005,-0.056,1.812,-0.163,0.9841,0.0076,-0.0277,0.1755,0.303,-3.281,200.215,0.108,-1.564,-53.490,0.000,0.000,0.000,-1.211,5.979,-53.490,-0.860,0.861,-0.937,-0.07,0.06,1,0
182776,0.057,0.006,1.006,0.001,1.808,0.058,0.9841,0.0078,-0.0274,0.1755,0.327,-3.243,200.213,0.108,-1.564,-53.138,0.000,0.000,0.000,-1.332,5.947,-53.490,-0.875,0.856,-0.947,-0.07,-0.06,1,0
182793,0.057,0.006,1.006,0.070,1.688,0.114,0.9841,0.0079,-0.0274,0.1755,0.335,-3.249,200.215,0.108,-1.564,-53.138,0.000,0.000,0.000,-1.271,5.880,-53.138,-0.884,0.859,-0.954,-0.07,-0.06,1,0
183026,0.051,0.006,1.005,-0.032,0.832,-0.075,0.9841,0.0076,-0.0242,0.1757,0.367,-2.886,200.233,0.108,-1.564,-53.842,0.000,0.000,0.000,-1.447,4.638,-53.842,-0.888,0.887,-0.996,-0.03,0.47,1,0
183054,0.050,0.006,1.005,0.345,0.796,-0.171,0.9841,0.0073,-0.0240,0.1757,0.345,-2.852,200.232,0.108,-1.564,-53.490,0.000,0.000,0.000,-1.280,4.596,-53.490,-0.910,0.895,-0.997,-0.02,0.21,1,0
183067,0.050,0.006,1.005,0.152,0.713,-0.131,0.9841,0.0074,-0.0241,0.1756,0.347,-2.868,200.230,0.108,-1.564,-53.490,0.000,0.000,0.000,-1.307,4.488,-53.490,-0.905,0.901,-0.997,-0.02,0.21,1,0
183092,0.050,0.006,1.005,0.232,0.551,-0.030,0.9841,0.0071,-0.0239,0.1756,0.324,-2.840,200.230,0.108,-1.564,-53.490,0.000,0.000,0.000,-1.208,4.454,-53.490,-0.896,0.921,-0.998,-0.02,0.16,1,0
183113,0.050,0.006,1.005,-0.131,0.519,0.010,0.9841,0.0074,-0.0237,0.1756,0.358,-2.819,200.228,0.108,-1.564,-53.490,0.000,0.000,0.000,-1.388,4.379,-53.490,-0.885,0.927,-0.998,-0.02,-0.09,1,0
183131,0.049,0.006,1.005,-0.005,0.349,0.201,0.9841,0.0075,-0.0238,0.1756,0.371,-2.831,200.229,0.108,-1.564,-53.490,0.000,0.000,0.000,-1.525,4.401,-53.490,-0.887,0.936,-0.998,-0.02,-0.09,1,0
183146,0.049,0.006,1.005,-0.056,0.231,0.218,0.9841,0.0074,-0.0236,0.1757,0.355,-2.809,200.234,0.108,-1.564,-53.490,0.000,0.000,0.000,-1.339,4.276,-53.490,-0.890,0.946,-0.999,-0.02,-0.09,1,0
183160,0.049,0.006,1.005,-0.121,0.175,0.207,0.9841,0.0074,-0.0235,0.1757,0.362,-2.802,200.237,0.108,-1.564,-53.490,0.000,0.000,0.000,-1.354,4.254,-53.490,-0.881,0.954,-0.999,-0.02,-0.06,1,0
183174,0.049,0.006,1.005,0.106,0.145,0.110,0.9841,0.0072,-0.0234,0.1757,0.347,-2.782,200.240,0.108,-1.564,-53.490,0.000,0.000,0.000,-1.354,4.164,-53.490,-0.884,0.956,-0.999,-0.02,0.17,1,0
183194,0.048,0.006,1.005,0.205,0.054,-0.027,0.9841,0.0069,-0.0231,0.1758,0.315,-2.746,200.243,0.108,-1.564,-53.490,0.000,0.000,0.000,-1.264,4.169,-53.490,-0.904,0.959,-0.999,-0.01,0.16,1,0
183222,0.048,0.006,1.005,0.205,-0.096,-0.051,0.9841,0.0072,-0.0233,0.1757,0.348,-2.776,200.240,0.108,-1.564,-53.490,0.000,0.000,0.000,-1.210,4.098,-53.490,-0.894,0.967,-0.999,-0.01,0.16,1,0
183234,0.048,0.006,1.005,0.220,-0.119,-0.045,0.9841,0.0070,-0.0231,0.1757,0.320,-2.749,200.242,0.108,-1.564,-53.490,0.000,0.000,0.000,-1.343,4.232,-53.490,-0.901,0.970,-0.999,-0.01,0.16,1,0
183247,0.048,0.006,1.005,0.038,-0.186,-0.100,0.9841,0.0074,-0.0230,0.1757,0.370,-2.749,200.238,0.108,-1.564,-53.490,0.000,0.000,0.000,-1.458,4.125,-53.490,-0.902,0.975,-1.000,-0.00,0.26,1,0
183266,0.048,0.007,1.005,0.095,-0.259,0.014,0.9841,0.0076,-0.0230,0.1757,0.398,-2.745,200.235,0.108,-1.564,-53.490,0.000,0.000,0.000,-1.497,4.146,-53.490,-0.904,0.979,-1.000,0.00,0.25,1,0
183282,0.048,0.007,1.005,0.001,-0.427,0.158,0.9841,0.0075,-0.0229,0.1757,0.383,-2.734,200.238,0.108,-1.564,-53.138,0.000,0.000,0.000,-1.551,4.074,-53.138,-0.911,0.983,-1.000,0.01,0.23,1,0
183313,0.048,0.007,1.006,0.002,-0.514,0.115,0.9841,0.0075,-0.0230,0.1757,0.380,-2.744,200.241,0.108,-1.564,-49.267,0.000,0.000,0.000,-1.440,4.061,-49.267,-0.906,0.986,-0.999,0.01,0.25,1,0
183764,0.054,0.005,1.005,-0.140,-2.153,0.086,0.9840,0.0070,-0.0263,0.1760,0.257,-3.107,200.279,0.108,-1.564,1.408,0.000,0.000,0.000,-0.956,5.310,1.408,-0.856,0.999,0.130,0.03,-0.10,1,0
183782,0.056,0.005,1.006,-0.178,-2.216,0.350,0.9840,0.0075,-0.0267,0.1761,0.306,-3.167,200.281,0.108,-1.564,1.408,0.000,0.000,0.000,-0.859,5.564,1.408,-0.839,0.999,0.184,0.03,-0.09,1,0
183794,0.056,0.005,1.006,-0.153,-2.217,0.493,0.9840,0.0075,-0.0269,0.1761,0.305,-3.189,200.286,0.108,-1.564,1.408,0.000,0.000,0.000,-1.022,5.560,1.408,-0.837,0.999,0.165,0.03,-0.09,1,0
183814,0.056,0.005,1.005,-0.231,-2.249,0.410,0.9840,0.0075,-0.0271,0.1762,0.301,-3.214,200.292,0.108,-1.564,1.408,0.000,0.000,0.000,-1.097,5.698,1.408,-0.843,1.000,0.148,0.03,-0.09,1,0
183996,0.064,0.005,1.005,0.069,-2.579,0.029,0.9838,0.0082,-0.0311,0.1763,0.295,-3.670,200.307,0.108,-1.564,4.223,0.000,0.000,0.000,-0.959,7.217,2.111,-0.876,1.000,0.146,-0.04,-0.12,1,0
184025,0.065,0.005,1.005,-0.009,-2.468,0.146,0.9838,0.0085,-0.0316,0.1763,0.317,-3.734,200.306,0.108,-1.564,16.364,0.000,0.000,0.000,-1.064,7.501,9.326,-0.865,1.000,0.286,-0.04,0.05,1,0
184040,0.066,0.005,1.006,-0.148,-2.180,0.275,0.9838,0.0083,-0.0321,0.1763,0.292,-3.785,200.312,0.000,-1.564,32.551,0.000,0.000,0.000,-1.728,7.666,22.346,-0.868,1.000,0.416,-0.03,0.05,1,0
184055,0.066,0.005,1.005,-0.301,-2.086,0.075,0.9838,0.0084,-0.0322,0.1763,0.299,-3.798,200.314,0.000,-1.564,45.220,0.000,0.000,0.000,-1.531,7.759,32.551,-0.879,1.000,0.513,-0.03,0.04,1,0
184082,0.068,0.004,1.005,0.044,-2.120,-0.045,0.9837,0.0080,-0.0330,0.1764,0.232,-3.882,200.320,0.000,-1.564,58.416,0.000,0.000,0.000,-1.496,8.089,56.129,-0.892,1.000,0.610,-0.04,0.01,1,0
184105,0.066,0.005,1.005,0.043,-2.379,-0.349,0.9838,0.0083,-0.0320,0.1763,0.287,-3.777,200.307,0.000,-1.564,68.798,0.000,0.000,0.000,-1.366,7.846,68.798,-0.881,1.000,0.706,-0.04,-0.30,1,0
184128,0.067,0.005,1.005,-0.010,-2.181,0.072,0.9838,0.0084,-0.0322,0.1763,0.292,-3.799,200.304,0.000,-1.564,70.557,0.000,0.000,0.000,-1.875,7.747,70.557,-0.899,1.000,0.755,-0.05,-0.29,1,0
184144,0.066,0.004,1.005,-0.074,-2.145,0.091,0.9838,0.0074,-0.0321,0.1763,0.183,-3.773,200.313,0.000,-1.564,75.308,0.000,0.000,0.000,-1.145,7.686,72.845,-0.881,1.000,0.804,-0.05,-0.24,1,0
184166,0.067,0.003,1.006,-0.050,-2.063,0.260,0.9838,0.0076,-0.0324,0.1763,0.206,-3.810,200.315,0.000,-1.564,75.660,0.000,0.000,0.000,-1.054,7.851,75.660,-0.858,1.000,0.837,-0.05,0.04,1,0
184186,0.068,0.003,1.005,-0.337,-2.040,0.231,0.9837,0.0074,-0.0331,0.1764,0.165,-3.878,200.323,0.000,-1.564,75.836,0.000,0.000,0.000,-1.075,8.040,75.836,-0.844,1.000,0.869,-0.05,0.04,1,0
184200,0.069,0.003,1.005,-0.093,-2.090,0.057,0.9837,0.0075,-0.0334,0.1764,0.172,-3.918,200.324,0.000,-1.564,76.188,0.000,0.000,0.000,-0.890,8.132,75.836,-0.834,1.000,0.884,-0.05,0.05,1,0
184214,0.070,0.004,1.005,-0.084,-2.010,0.023,0.9837,0.0081,-0.0337,0.1764,0.231,-3.965,200.320,0.000,-1.564,76.540,0.000,0.000,0.000,-1.043,8.290,76.540,-0.837,1.000,0.895,-0.05,0.09,1,0
184230,0.070,0.004,1.005,-0.218,-1.986,0.048,0.9837,0.0080,-0.0340,0.1764,0.211,-3.998,200.321,0.000,-1.564,76.540,0.000,0.000,0.000,-1.163,8.383,76.540,-0.840,1.000,0.905,-0.05,0.09,1,0
184242,0.071,0.004,1.005,0.076,-1.890,-0.155,0.9837,0.0079,-0.0345,0.1764,0.189,-4.055,200.322,0.000,-1.564,76.540,0.000,0.000,0.000,-1.052,8.665,76.540,-0.864,1.000,0.927,-0.04,0.09,1,0
184272,0.072,0.004,1.005,-0.059,-1.806,-0.088,0.9837,0.0083,-0.0349,0.1763,0.229,-4.105,200.315,0.000,-1.564,73.900,0.000,0.000,0.000,-1.229,8.805,74.252,-0.869,1.000,0.943,-0.04,0.08,1,0
184292,0.074,0.004,1.005,0.084,-1.493,0.087,0.9836,0.0083,-0.0358,0.1763,0.211,-4.204,200.317,0.000,-1.564,71.613,0.000,0.000,0.000,-1.131,9.136,71.613,-0.872,1.000,0.956,-0.05,-0.22,1,0
184307,0.074,0.004,1.005,-0.136,-1.259,0.082,0.9836,0.0086,-0.0358,0.1763,0.246,-4.216,200.315,0.000,-1.564,71.613,0.000,0.000,0.000,-1.279,9.185,71.613,-0.871,1.000,0.962,-0.05,-0.22,1,0
184324,0.075,0.005,1.005,-0.083,-1.051,0.125,0.9836,0.0089,-0.0361,0.1763,0.278,-4.256,200.314,0.000,-1.564,71.613,0.000,0.000,0.000,-1.398,9.345,71.613,-0.876,1.000,0.966,-0.05,-0.21,1,0
184746,0.071,0.003,1.005,-0.075,1.677,0.040,0.9837,0.0077,-0.0344,0.1762,0.175,-4.034,200.306,0.000,-1.564,2.639,0.000,0.000,0.000,-0.734,8.547,2.815,-0.804,0.846,0.071,-0.13,0.15,1,0
184774,0.070,0.003,1.006,0.118,2.003,0.213,0.9837,0.0073,-0.0342,0.1763,0.138,-4.004,200.314,0.000,-1.564,2.639,0.000,0.000,0.000,-0.770,8.518,2.639,-0.829,0.877,-0.176,-0.12,0.14,1,0
184783,0.071,0.003,1.005,-0.166,1.941,-0.169,0.9837,0.0074,-0.0343,0.1763,0.139,-4.015,200.314,0.000,-1.564,2.639,0.000,0.000,0.000,-0.788,8.496,2.639,-0.833,0.883,-0.270,-0.12,0.14,1,0
184806,0.071,0.004,1.005,0.305,1.528,-0.103,0.9837,0.0083,-0.0341,0.1762,0.241,-4.018,200.302,0.108,-1.564,2.287,0.000,0.000,0.000,-1.075,8.528,2.639,-0.830,0.909,-0.336,-0.13,0.06,1,0
184826,0.070,0.005,1.006,0.087,1.883,0.245,0.9837,0.0086,-0.0338,0.1762,0.289,-3.989,200.301,0.000,-1.564,2.287,0.000,0.000,0.000,-1.719,8.456,2.287,-0.841,0.916,-0.369,-0.14,-0.57,1,0
185051,0.064,0.006,1.005,0.042,2.273,-0.349,0.9838,0.0085,-0.0307,0.1763,0.333,-3.637,200.312,0.108,-1.564,2.287,0.000,0.000,0.000,-1.264,7.173,2.287,-0.855,0.862,0.099,-0.19,-0.33,1,0
185064,0.064,0.006,1.005,0.223,2.191,-0.261,0.9838,0.0083,-0.0307,0.1763,0.312,-3.629,200.310,0.108,-1.564,2.111,0.000,0.000,0.000,-1.239,7.171,2.111,-0.860,0.863,0.105,-0.19,-0.33,1,0
185080,0.063,0.006,1.005,0.236,1.987,-0.067,0.9838,0.0085,-0.0302,0.1763,0.346,-3.574,200.306,0.108,-1.564,2.287,0.000,0.000,0.000,-1.231,7.060,2.287,-0.871,0.885,0.086,-0.19,0.03,1,0
185100,0.062,0.006,1.005,0.163,2.012,0.331,0.9838,0.0084,-0.0300,0.1763,0.345,-3.553,200.309,0.108,-1.564,2.287,0.000,0.000,0.000,-1.460,6.972,2.287,-0.885,0.897,0.053,-0.19,0.03,1,0
185113,0.062,0.006,1.005,0.084,2.055,0.285,0.9838,0.0082,-0.0297,0.1764,0.320,-3.515,200.316,0.108,-1.564,2.111,0.000,0.000,0.000,-1.219,6.851,2.111,-0.887,0.902,0.036,-0.19,-0.02,1,0
185132,0.061,0.006,1.005,-0.043,1.936,-0.012,0.9838,0.0083,-0.0293,0.1764,0.344,-3.475,200.316,0.108,-1.564,2.111,0.000,0.000,0.000,-1.228,6.736,2.111,-0.871,0.898,0.063,-0.20,-0.42,1,0
185146,0.061,0.006,1.005,-0.013,1.715,0.017,0.9839,0.0083,-0.0292,0.1764,0.346,-3.459,200.316,0.108,-1.564,2.111,0.000,0.000,0.000,-1.438,6.607,2.111,-0.870,0.910,0.067,-0.20,-0.42,1,0
185173,0.060,0.006,1.006,0.023,1.710,0.012,0.9839,0.0082,-0.0286,0.1764,0.347,-3.391,200.317,0.108,-1.564,2.287,0.000,0.000,0.000,-1.346,6.371,2.287,-0.888,0.924,0.075,-0.21,-0.39,1,0
185186,0.059,0.006,1.005,0.089,1.759,0.091,0.9839,0.0080,-0.0282,0.1764,0.334,-3.343,200.318,0.108,-1.564,2.287,0.000,0.000,0.000,-1.449,6.380,2.287,-0.891,0.908,0.089,-0.22,-0.39,1,0
185204,0.059,0.006,1.005,0.230,1.600,0.117,0.9839,0.0078,-0.0280,0.1764,0.315,-3.318,200.321,0.108,-1.564,2.287,0.000,0.000,0.000,-1.169,6.143,2.287,-0.894,0.901,0.094,-0.23,-0.51,1,0
185223,0.058,0.006,1.006,0.094,1.656,0.113,0.9839,0.0081,-0.0278,0.1764,0.349,-3.303,200.321,0.000,-1.564,2.287,0.000,0.000,0.000,-1.892,6.010,2.287,-0.903,0.905,0.096,-0.24,-0.49,1,0
185236,0.057,0.005,1.006,0.101,1.696,0.067,0.9839,0.0076,-0.0275,0.1764,0.301,-3.255,200.326,0.000,-1.564,2.287,0.000,0.000,0.000,-1.771,6.031,2.287,-0.915,0.892,0.098,-0.24,-0.47,1,0
185244,0.057,0.005,1.006,0.160,1.565,-0.100,0.9839,0.0075,-0.0274,0.1765,0.291,-3.238,200.326,0.108,-1.564,2.287,0.000,0.000,0.000,-1.003,5.857,2.287,-0.905,0.895,0.110,-0.25,-0.47,1,0
185273,0.057,0.006,1.006,0.108,1.329,-0.313,0.9839,0.0078,-0.0271,0.1764,0.334,-3.219,200.317,0.108,-1.564,2.111,0.000,0.000,0.000,-1.138,5.835,2.111,-0.874,0.911,0.137,-0.24,-0.38,1,0
185291,0.056,0.007,1.006,0.115,1.399,-0.001,0.9839,0.0080,-0.0267,0.1763,0.360,-3.178,200.312,0.108,-1.564,2.111,0.000,0.000,0.000,-1.474,5.726,2.111,-0.889,0.908,0.109,-0.24,0.20,1,0
185312,0.055,0.007,1.006,0.016,1.175,0.125,0.9839,0.0081,-0.0263,0.1764,0.376,-3.134,200.312,0.108,-1.564,2.287,0.000,0.000,0.000,-1.385,5.519,2.287,-0.893,0.914,0.088,-0.24,0.13,1,0
185324,0.055,0.006,1.006,0.070,1.103,0.253,0.9839,0.0078,-0.0262,0.1764,0.355,-3.110,200.315,0.108,-1.564,2.111,0.000,0.000,0.000,-1.404,5.398,2.287,-0.891,0.921,0.083,-0.24,0.13,1,0
185343,0.054,0.006,1.005,0.010,1.044,0.186,0.9839,0.0074,-0.0262,0.1764,0.306,-3.102,200.324,0.000,-1.564,2.111,0.000,0.000,0.000,-1.707,5.377,2.111,-0.887,0.928,0.062,-0.25,-0.29,1,0
185800,0.053,0.005,1.005,-0.098,-1.455,-0.002,0.9839,0.0073,-0.0254,0.1766,0.305,-3.013,200.346,-16.505,-1.320,2.111,0.000,0.000,0.000,-85.758,5.570,2.111,-0.993,0.997,0.098,-0.18,-0.07,1,0
185814,0.053,0.005,1.005,-0.098,-1.455,-0.002,0.9839,0.0073,-0.0254,0.1766,0.305,-3.013,200.346,-16.505,-1.320,2.111,0.000,0.000,0.000,-85.758,5.570,2.111,-0.993,0.997,0.098,-0.18,-0.07,1,0
185827,0.053,0.006,1.006,-0.083,-1.485,0.113,0.9839,0.0077,-0.0254,0.1766,0.349,-3.021,200.346,-20.054,-1.173,2.111,0.000,0.000,0.000,-90.000,6.357,2.111,-0.995,0.997,0.096,-0.18,-0.07,1,0
185844,0.053,0.006,1.006,-0.083,-1.518,0.111,0.9839,0.0079,-0.0256,0.1766,0.372,-3.044,200.347,-20.054,-1.173,2.111,0.000,0.000,0.000,-90.000,6.440,2.111,-0.996,0.998,0.095,-0.17,-0.02,1,0
186057,0.059,0.006,1.006,-0.101,-2.141,0.018,0.9838,0.0081,-0.0284,0.1767,0.337,-3.368,200.352,-29.086,-0.978,2.111,0.000,0.000,0.000,-90.000,8.085,2.111,-1.000,1.000,0.109,-0.20,-0.11,1,0
186082,0.059,0.006,1.006,-0.104,-2.110,0.077,0.9838,0.0082,-0.0284,0.1767,0.355,-3.370,200.351,-33.065,-0.929,2.111,0.000,0.000,0.000,-90.000,8.117,2.111,-1.000,1.000,0.107,-0.20,-0.11,1,0
186104,0.061,0.006,1.006,0.049,-2.179,0.070,0.9838,0.0083,-0.0292,0.1767,0.349,-3.465,200.353,-37.473,-0.782,2.111,0.000,0.000,0.000,-90.000,8.969,2.111,-1.000,1.000,0.106,-0.21,-0.10,1,0
186122,0.061,0.006,1.006,0.137,-2.160,0.067,0.9838,0.0083,-0.0293,0.1767,0.341,-3.469,200.355,-37.957,-0.782,2.111,0.000,0.000,0.000,-90.000,8.994,2.111,-1.000,1.000,0.103,-0.21,-0.13,1,0
186143,0.062,0.005,1.006,-0.046,-2.210,-0.038,0.9838,0.0079,-0.0298,0.1767,0.287,-3.525,200.359,-39.247,-0.782,2.111,0.000,0.000,0.000,-90.000,9.169,2.111,-1.000,1.000,0.108,-0.21,-0.13,1,0
186162,0.062,0.006,1.006,-0.055,-2.235,0.103,0.9838,0.0081,-0.0299,0.1767,0.313,-3.535,200.358,-39.839,-0.782,2.111,0.000,0.000,0.000,-90.000,9.229,2.111,-1.000,1.000,0.104,-0.21,-0.11,1,0
186182,0.063,0.006,1.006,-0.124,-2.178,0.035,0.9838,0.0085,-0.0301,0.1767,0.351,-3.568,200.357,-40.645,-0.782,2.111,0.000,0.000,0.000,-90.000,9.358,2.111,-1.000,1.000,0.101,-0.22,-0.05,1,0
186196,0.063,0.006,1.006,-0.046,-2.186,0.095,0.9837,0.0088,-0.0304,0.1767,0.376,-3.610,200.356,-40.645,-0.782,2.111,0.000,0.000,0.000,-90.000,9.375,2.111,-1.000,1.000,0.100,-0.22,-0.05,1,0
186206,0.064,0.006,1.006,-0.069,-2.201,0.059,0.9837,0.0086,-0.0305,0.1767,0.356,-3.619,200.358,-41.344,-0.782,2.111,0.000,0.000,0.000,-90.000,9.472,2.111,-1.000,1.000,0.100,-0.22,-0.05,1,0
186234,0.065,0.006,1.006,0.028,-2.160,0.099,0.9837,0.0085,-0.0312,0.1768,0.333,-3.690,200.361,-42.043,-0.782,2.111,0.000,0.000,0.000,-90.000,9.654,2.111,-1.000,1.000,0.099,-0.22,-0.07,1,0
186251,0.065,0.005,1.006,0.033,-2.146,0.079,0.9837,0.0082,-0.0316,0.1768,0.290,-3.728,200.365,-42.043,-0.782,2.111,0.000,0.000,0.000,-90.000,9.726,2.111,-1.000,1.000,0.099,-0.22,-0.07,1,0
186272,0.066,0.005,1.006,0.032,-2.177,-0.006,0.9837,0.0082,-0.0319,0.1768,0.277,-3.761,200.367,-41.344,-0.782,2.111,0.000,0.000,0.000,-90.000,9.882,2.111,-1.000,1.000,0.103,-0.23,-0.33,1,0
186294,0.067,0.006,1.006,-0.044,-2.117,0.090,0.9837,0.0088,-0.0322,0.1768,0.345,-3.817,200.361,-37.688,-0.782,2.111,0.000,0.000,0.000,-90.000,10.092,2.111,-1.000,1.000,0.112,-0.23,-0.23,1,0
186326,0.068,0.005,1.006,0.001,-2.187,-0.053,0.9837,0.0084,-0.0330,0.1768,0.285,-3.889,200.369,-28.602,-0.978,2.111,0.000,0.000,0.000,-90.000,10.021,2.111,-1.000,1.000,0.097,-0.22,0.35,1,0
186345,0.069,0.006,1.006,0.039,-2.095,0.000,0.9836,0.0091,-0.0332,0.1768,0.353,-3.924,200.363,-22.742,-1.564,2.111,0.000,0.000,0.000,-90.000,9.419,2.111,-1.000,0.987,0.114,-0.22,0.33,1,0
186802,0.076,0.003,1.007,0.164,1.409,0.071,0.9835,0.0082,-0.0367,0.1772,0.185,-4.302,200.418,0.430,-1.564,2.111,0.000,0.000,0.000,1.131,9.565,2.111,-0.261,0.937,0.111,-0.10,0.36,1,0
186816,0.076,0.004,1.007,-0.149,1.528,-0.005,0.9835,0.0086,-0.0365,0.1772,0.225,-4.290,200.415,0.430,-1.564,2.111,0.000,0.000,0.000,1.337,9.520,2.111,-0.345,0.936,0.115,-0.10,0.28,1,0
186834,0.076,0.004,1.006,-0.021,1.574,0.054,0.9835,0.0088,-0.0365,0.1772,0.252,-4.299,200.414,0.430,-1.564,2.111,0.000,0.000,0.000,0.908,9.636,2.111,-0.454,0.935,0.113,-0.10,-0.24,1,0
186852,0.075,0.005,1.006,0.356,1.608,-0.027,0.9835,0.0090,-0.0363,0.1772,0.279,-4.276,200.412,0.430,-1.564,2.111,0.000,0.000,0.000,1.024,9.508,2.111,-0.517,0.943,0.116,-0.11,-0.24,1,0
187060,0.071,0.005,1.003,-0.042,1.958,0.206,0.9835,0.0087,-0.0344,0.1773,0.286,-4.055,200.430,23.387,-1.466,2.111,0.000,0.000,0.000,90.000,8.945,2.111,0.759,0.945,0.072,-0.14,0.23,1,0
187094,0.069,0.006,1.004,0.062,2.201,0.026,0.9836,0.0089,-0.0332,0.1773,0.334,-3.923,200.422,32.312,-1.564,2.111,0.000,0.000,0.000,90.000,8.074,2.111,0.863,0.868,0.116,-0.13,0.04,1,0
187106,0.068,0.005,1.005,0.187,2.205,-0.115,0.9836,0.0087,-0.0329,0.1773,0.313,-3.888,200.423,32.903,-1.564,2.111,0.000,0.000,0.000,90.000,7.843,2.111,0.881,0.845,0.119,-0.13,0.04,1,0
187122,0.069,0.006,1.003,0.115,2.188,0.149,0.9836,0.0093,-0.0330,0.1772,0.374,-3.910,200.418,33.602,-1.564,2.111,0.000,0.000,0.000,90.000,7.939,2.111,0.899,0.844,0.112,-0.13,0.04,1,0
187144,0.068,0.005,1.003,0.107,2.094,0.316,0.9836,0.0086,-0.0327,0.1773,0.310,-3.863,200.426,33.710,-1.564,2.111,0.000,0.000,0.000,90.000,7.739,2.111,0.910,0.859,0.085,-0.13,0.01,1,0
187160,0.067,0.004,1.005,0.002,2.040,-0.228,0.9836,0.0077,-0.0324,0.1773,0.213,-3.817,200.435,36.183,-1.564,2.111,0.000,0.000,0.000,90.000,7.556,2.111,0.931,0.877,0.106,-0.14,-0.20,1,0
187176,0.067,0.005,1.005,-0.006,1.901,-0.154,0.9836,0.0084,-0.0320,0.1773,0.303,-3.778,200.426,36.989,-1.564,2.111,0.000,0.000,0.000,90.000,7.548,2.111,0.941,0.894,0.128,-0.14,-0.19,1,0
187191,0.067,0.005,1.005,-0.006,1.942,-0.130,0.9836,0.0084,-0.0321,0.1773,0.293,-3.795,200.426,36.989,-1.564,2.111,0.000,0.000,0.000,90.000,7.548,2.111,0.943,0.896,0.128,-0.14,-0.19,1,0
187207,0.065,0.006,1.005,0.006,2.124,0.012,0.9836,0.0087,-0.0313,0.1773,0.350,-3.706,200.422,38.280,-1.564,2.111,0.000,0.000,0.000,90.000,7.287,2.111,0.957,0.880,0.115,-0.14,-0.18,1,0
187226,0.064,0.006,1.005,0.236,2.052,0.320,0.9836,0.0086,-0.0309,0.1773,0.337,-3.659,200.427,38.333,-1.564,2.111,0.000,0.000,0.000,90.000,7.057,2.111,0.965,0.867,0.081,-0.15,-0.17,1,0
187242,0.063,0.005,1.006,0.280,1.868,0.121,0.9836,0.0079,-0.0306,0.1774,0.268,-3.609,200.436,38.441,-1.564,2.111,0.000,0.000,0.000,90.000,6.948,2.111,0.969,0.874,0.077,-0.15,-0.12,1,0
187258,0.063,0.004,1.006,0.219,1.791,-0.017,0.9836,0.0076,-0.0305,0.1774,0.240,-3.597,200.438,38.441,-1.564,2.111,0.000,0.000,0.000,90.000,6.948,2.111,0.973,0.888,0.098,-0.15,-0.12,1,0
187273,0.062,0.005,1.005,0.191,1.704,-0.129,0.9837,0.0078,-0.0301,0.1774,0.265,-3.550,200.433,38.548,-1.564,2.111,0.000,0.000,0.000,90.000,6.715,2.111,0.978,0.905,0.126,-0.15,-0.14,1,0
187292,0.062,0.005,1.006,0.084,1.760,-0.110,0.9837,0.0079,-0.0299,0.1773,0.289,-3.530,200.430,38.548,-1.564,2.111,0.000,0.000,0.000,90.000,6.644,2.111,0.981,0.905,0.127,-0.16,-0.14,1,0
187315,0.061,0.005,1.005,0.125,1.940,0.056,0.9837,0.0079,-0.0295,0.1773,0.294,-3.483,200.429,38.333,-1.564,2.111,0.000,0.000,0.000,90.000,6.465,2.111,0.985,0.884,0.112,-0.17,-0.32,1,0
187334,0.061,0.006,1.005,0.194,1.808,0.137,0.9837,0.0082,-0.0294,0.1773,0.323,-3.481,200.429,37.742,-1.564,2.111,0.000,0.000,0.000,90.000,6.484,2.111,0.987,0.882,0.099,-0.17,-0.32,1,0
187352,0.060,0.005,1.005,0.157,1.593,0.103,0.9837,0.0076,-0.0289,0.1774,0.265,-3.414,200.436,36.452,-1.564,2.111,0.000,0.000,0.000,90.000,6.273,2.111,0.990,0.904,0.088,-0.17,0.16,1,0
187766,0.052,0.006,1.007,0.234,-0.167,-0.324,0.9838,0.0073,-0.0248,0.1775,0.318,-2.942,200.450,6.022,-1.369,2.111,0.000,0.000,0.000,32.421,5.480,2.111,0.661,0.978,0.150,-0.23,-0.00,1,0
187782,0.052,0.006,1.007,0.156,-0.261,-0.190,0.9838,0.0073,-0.0248,0.1775,0.319,-2.942,200.446,6.022,-1.369,2.111,0.000,0.000,0.000,31.842,5.485,2.111,0.625,0.981,0.149,-0.23,-0.00,1,0
187794,0.052,0.006,1.007,0.056,-0.182,0.067,0.9838,0.0075,-0.0248,0.1775,0.341,-2.952,200.444,6.022,-1.369,2.111,0.000,0.000,0.000,31.784,5.719,2.111,0.661,0.983,0.135,-0.23,0.01,1,0
187814,0.052,0.006,1.007,-0.242,-0.218,0.389,0.9838,0.0074,-0.0246,0.1775,0.336,-2.921,200.450,6.022,-1.369,2.111,0.000,0.000,0.000,31.768,5.482,2.111,0.729,0.973,0.079,-0.22,0.09,1,0
187834,0.051,0.006,1.007,-0.150,-0.684,0.109,0.9838,0.0075,-0.0243,0.1776,0.348,-2.894,200.454,5.860,-1.369,2.111,0.000,0.000,0.000,31.021,5.414,2.111,0.778,0.978,0.071,-0.22,0.09,1,0
187844,0.051,0.006,1.007,-0.148,-0.802,0.048,0.9838,0.0076,-0.0243,0.1776,0.363,-2.900,200.454,5.860,-1.369,2.111,0.000,0.000,0.000,31.021,5.414,2.111,0.787,0.979,0.077,-0.22,0.09,1,0
187866,0.052,0.008,1.007,-0.159,-0.891,0.322,0.9838,0.0084,-0.0246,0.1776,0.452,-2.950,200.452,6.022,-1.369,2.111,0.000,0.000,0.000,31.071,5.474,2.111,0.839,0.984,0.079,-0.23,0.05,1,0
188058,0.054,0.007,1.006,-0.084,-1.661,0.140,0.9837,0.0079,-0.0260,0.1776,0.366,-3.099,200.461,2.097,-1.369,2.111,0.000,0.000,0.000,13.375,5.972,2.111,0.485,0.997,0.086,-0.18,0.33,1,0
188074,0.055,0.007,1.005,0.046,-1.671,-0.099,0.9837,0.0082,-0.0260,0.1776,0.399,-3.098,200.459,1.505,-1.369,2.111,0.000,0.000,0.000,9.567,6.044,2.111,0.263,0.998,0.102,-0.18,0.09,1,0
188090,0.055,0.007,1.005,0.066,-1.669,-0.132,0.9837,0.0081,-0.0262,0.1776,0.385,-3.120,200.460,1.505,-1.369,2.111,0.000,0.000,0.000,9.567,6.044,2.111,0.238,0.998,0.106,-0.18,0.09,1,0
188104,0.055,0.008,1.006,0.133,-1.686,0.123,0.9837,0.0086,-0.0265,0.1776,0.428,-3.162,200.457,0.806,-1.320,2.111,0.000,0.000,0.000,2.281,6.391,2.111,-0.067,0.998,0.104,-0.18,0.09,1,0
188120,0.056,0.007,1.005,0.178,-1.779,0.007,0.9837,0.0083,-0.0268,0.1776,0.390,-3.190,200.460,0.699,-1.320,2.111,0.000,0.000,0.000,1.725,6.529,2.111,-0.206,0.998,0.104,-0.18,0.08,1,0
188138,0.056,0.007,1.006,-0.071,-1.776,0.088,0.9837,0.0082,-0.0267,0.1776,0.383,-3.177,200.461,0.645,-1.320,2.111,0.000,0.000,0.000,1.466,6.272,2.111,-0.322,0.999,0.103,-0.18,-0.02,1,0
188152,0.055,0.006,1.008,0.008,-1.887,0.191,0.9837,0.0078,-0.0267,0.1777,0.340,-3.166,200.465,0.645,-1.320,2.111,0.000,0.000,0.000,1.643,6.361,2.111,-0.373,0.999,0.093,-0.18,-0.02,1,0
188166,0.057,0.006,1.005,0.036,-1.871,0.142,0.9837,0.0077,-0.0274,0.1777,0.309,-3.247,200.469,0.645,-1.320,2.111,0.000,0.000,0.000,1.792,6.653,2.111,-0.382,0.999,0.090,-0.18,-0.02,1,0
188184,0.057,0.007,1.006,-0.169,-1.953,0.120,0.9837,0.0083,-0.0273,0.1777,0.375,-3.271,200.467,0.430,-1.369,2.111,0.000,0.000,0.000,0.231,6.366,2.111,-0.440,0.999,0.095,-0.18,-0.02,1,0
188200,0.057,0.007,1.007,0.024,-1.990,0.107,0.9837,0.0084,-0.0274,0.1777,0.376,-3.285,200.468,0.430,-1.369,2.111,0.000,0.000,0.000,0.169,6.767,2.111,-0.481,0.999,0.095,-0.18,0.01,1,0
188214,0.058,0.007,1.008,0.066,-2.073,0.035,0.9837,0.0085,-0.0277,0.1777,0.398,-3.295,200.467,0.376,-1.369,2.111,0.000,0.000,0.000,-0.089,6.787,2.111,-0.505,0.999,0.104,-0.17,0.25,1,0
188227,0.059,0.007,1.007,0.003,-2.048,0.027,0.9836,0.0083,-0.0281,0.1777,0.361,-3.343,200.470,0.376,-1.369,2.111,0.000,0.000,0.000,0.000,6.806,2.111,-0.510,0.999,0.106,-0.17,0.25,1,0
188252,0.059,0.005,1.007,0.020,-2.005,0.001,0.9836,0.0079,-0.0286,0.1777,0.310,-3.385,200.473,0.215,-1.466,2.111,0.000,0.000,0.000,-0.469,6.825,2.111,-0.504,0.989,0.109,-0.16,0.24,1,0
188267,0.060,0.005,1.007,-0.071,-2.033,-0.001,0.9836,0.0076,-0.0288,0.1777,0.274,-3.402,200.475,0.215,-1.466,2.111,0.000,0.000,0.000,-0.498,6.626,2.111,-0.515,0.990,0.110,-0.16,0.24,1,0
188282,0.061,0.004,1.006,-0.108,-1.950,0.036,0.9836,0.0075,-0.0291,0.1777,0.250,-3.435,200.477,0.215,-1.564,2.111,0.000,0.000,0.000,-0.245,6.936,2.111,-0.502,0.991,0.109,-0.15,0.39,1,0
188304,0.060,0.006,1.007,-0.184,-2.024,0.050,0.9836,0.0082,-0.0289,0.1777,0.338,-3.433,200.472,0.215,-1.564,2.111,0.000,0.000,0.000,-0.749,6.709,2.111,-0.478,0.993,0.102,-0.14,0.37,1,0
188331,0.062,0.006,1.006,0.322,-1.953,-0.094,0.9836,0.0086,-0.0296,0.1777,0.365,-3.513,200.469,0.215,-1.564,2.111,0.000,0.000,0.000,-0.894,6.720,2.111,-0.507,0.995,0.118,-0.12,0.87,1,0
188354,0.062,0.006,1.006,0.008,-2.016,0.090,0.9836,0.0086,-0.0299,0.1777,0.366,-3.544,200.469,0.215,-1.564,2.111,0.000,0.000,0.000,-0.860,6.866,2.111,-0.511,0.996,0.110,-0.11,0.87,1,0
188364,0.063,0.006,1.006,-0.005,-2.015,0.058,0.9836,0.0083,-0.0304,0.1777,0.321,-3.593,200.473,0.215,-1.564,2.111,0.000,0.000,0.000,-0.583,7.055,2.111,-0.500,0.996,0.099,-0.10,0.82,1,0
188382,0.063,0.005,1.006,-0.204,-1.999,0.233,0.9836,0.0081,-0.0305,0.1777,0.298,-3.604,200.477,0.215,-1.564,2.111,0.000,0.000,0.000,-0.552,7.063,2.111,-0.470,0.997,0.086,-0.09,0.73,1,0
188804,0.075,0.005,1.005,0.067,-0.426,0.189,0.9833,0.0092,-0.0364,0.1779,0.299,-4.290,200.501,0.108,-1.564,2.111,0.000,0.000,0.000,-0.570,9.507,2.111,-0.453,1.000,0.082,-0.18,0.08,1,0
188826,0.076,0.005,1.005,0.062,-0.258,-0.007,0.9833,0.0088,-0.0367,0.1780,0.246,-4.319,200.507,0.108,-1.564,2.111,0.000,0.000,0.000,-0.873,9.559,2.111,-0.426,1.000,0.097,-0.18,0.07,1,0
188844,0.076,0.005,1.006,0.075,-0.149,-0.025,0.9833,0.0090,-0.0366,0.1779,0.264,-4.309,200.505,0.108,-1.564,2.111,0.000,0.000,0.000,-0.856,9.575,2.111,-0.443,1.000,0.110,-0.18,0.02,1,0
188858,0.076,0.005,1.006,0.181,-0.026,-0.089,0.9833,0.0092,-0.0369,0.1779,0.287,-4.351,200.503,0.108,-1.564,2.111,0.000,0.000,0.000,-0.869,9.667,2.111,-0.460,1.000,0.120,-0.19,-0.40,1,0
188875,0.076,0.005,1.006,0.093,0.126,-0.074,0.9833,0.0093,-0.0369,0.1779,0.298,-4.350,200.501,0.108,-1.564,2.111,0.000,0.000,0.000,-1.062,9.723,2.111,-0.473,1.000,0.124,-0.20,-0.38,1,0
188884,0.076,0.006,1.006,0.082,0.150,-0.065,0.9833,0.0095,-0.0368,0.1779,0.321,-4.347,200.499,0.108,-1.564,2.111,0.000,0.000,0.000,-1.062,9.723,2.111,-0.473,1.000,0.124,-0.20,-0.38,1,0
189116,0.075,0.006,1.005,0.105,1.281,0.058,0.9833,0.0095,-0.0363,0.1779,0.328,-4.291,200.502,0.000,-1.564,2.111,0.000,0.000,0.000,-1.933,9.546,2.111,-0.552,0.996,0.096,-0.19,-0.24,1,0
189136,0.075,0.005,1.004,0.050,1.248,0.009,0.9833,0.0092,-0.0360,0.1780,0.306,-4.246,200.505,0.000,-1.564,2.111,0.000,0.000,0.000,-1.707,9.473,2.111,-0.556,0.996,0.099,-0.19,-0.23,1,0
189156,0.075,0.006,1.004,0.118,1.290,-0.112,0.9833,0.0095,-0.0361,0.1779,0.340,-4.263,200.500,0.108,-1.564,2.111,0.000,0.000,0.000,-1.739,9.398,2.111,-0.550,0.996,0.121,-0.20,-0.22,1,0
189172,0.075,0.005,1.004,0.043,1.483,0.130,0.9833,0.0090,-0.0359,0.1780,0.284,-4.231,200.505,0.108,-1.564,2.111,0.000,0.000,0.000,-1.054,9.380,2.111,-0.526,0.992,0.104,-0.20,-0.18,1,0
189184,0.074,0.005,1.004,0.164,1.482,0.120,0.9833,0.0087,-0.0360,0.1780,0.249,-4.241,200.509,0.108,-1.564,2.111,0.000,0.000,0.000,-0.912,9.387,2.111,-0.506,0.993,0.096,-0.20,-0.18,1,0
189207,0.074,0.005,1.005,0.089,1.506,-0.121,0.9833,0.0089,-0.0357,0.1780,0.279,-4.209,200.507,0.108,-1.564,2.111,0.000,0.000,0.000,-0.993,9.263,2.111,-0.477,0.990,0.110,-0.20,0.08,1,0
189224,0.073,0.005,1.005,0.067,1.562,-0.110,0.9834,0.0089,-0.0352,0.1780,0.288,-4.151,200.505,0.108,-1.564,2.111,0.000,0.000,0.000,-1.099,9.096,2.111,-0.471,0.984,0.120,-0.20,0.08,1,0
189240,0.073,0.006,1.005,-0.027,1.590,-0.011,0.9834,0.0092,-0.0350,0.1779,0.326,-4.134,200.501,0.108,-1.564,2.111,0.000,0.000,0.000,-1.093,8.985,2.111,-0.478,0.977,0.116,-0.19,0.11,1,0
189254,0.073,0.006,1.005,0.053,1.583,0.105,0.9834,0.0092,-0.0351,0.1779,0.325,-4.141,200.502,0.108,-1.564,2.111,0.000,0.000,0.000,-1.277,8.952,2.111,-0.484,0.978,0.102,-0.18,0.39,1,0
189272,0.072,0.005,1.005,0.076,1.609,0.173,0.9834,0.0088,-0.0349,0.1780,0.277,-4.111,200.508,0.108,-1.564,2.111,0.000,0.000,0.000,-1.174,8.994,2.111,-0.493,0.980,0.091,-0.18,0.39,1,0
189286,0.072,0.005,1.005,0.050,1.660,0.051,0.9834,0.0087,-0.0347,0.1780,0.277,-4.088,200.510,0.108,-1.564,2.111,0.000,0.000,0.000,-0.941,8.857,2.111,-0.490,0.977,0.092,-0.17,0.37,1,0
189304,0.071,0.005,1.005,0.102,1.671,0.130,0.9834,0.0088,-0.0345,0.1780,0.293,-4.075,200.511,0.215,-1.564,2.111,0.000,0.000,0.000,-0.960,8.731,2.111,-0.480,0.977,0.092,-0.17,0.35,1,0
189321,0.071,0.004,1.005,0.093,1.750,0.061,0.9834,0.0084,-0.0343,0.1780,0.249,-4.041,200.516,0.215,-1.564,2.111,0.000,0.000,0.000,-0.284,8.603,2.111,-0.453,0.976,0.094,-0.16,0.27,1,0
189336,0.070,0.005,1.005,0.028,1.811,-0.097,0.9834,0.0084,-0.0341,0.1780,0.255,-4.016,200.515,0.215,-1.564,2.111,0.000,0.000,0.000,-0.214,8.608,2.111,-0.424,0.968,0.107,-0.16,0.26,1,0
189354,0.070,0.005,1.005,0.204,1.794,-0.160,0.9834,0.0085,-0.0339,0.1780,0.267,-3.992,200.512,3.280,-1.564,2.111,0.000,0.000,0.000,4.426,8.438,2.111,-0.393,0.958,0.122,-0.15,0.26,1,0
189372,0.070,0.005,1.005,0.142,1.815,-0.114,0.9834,0.0089,-0.0335,0.1780,0.316,-3.964,200.507,6.022,-1.564,2.111,0.000,0.000,0.000,16.677,8.418,2.111,-0.210,0.957,0.127,-0.15,0.26,1,0
189394,0.069,0.005,1.005,0.313,1.757,0.006,0.9834,0.0087,-0.0335,0.1780,0.302,-3.951,200.508,10.376,-1.564,2.111,0.000,0.000,0.000,56.245,8.278,2.111,0.088,0.959,0.112,-0.14,0.33,1,0
189866,0.055,0.005,1.005,0.129,0.640,-0.044,0.9836,0.0075,-0.0264,0.1783,0.302,-3.130,200.544,0.000,-1.564,2.111,0.000,0.000,0.000,-1.640,5.556,2.111,0.594,0.935,0.119,-0.05,-0.19,1,0
189880,0.055,0.005,1.005,0.148,0.638,-0.008,0.9836,0.0072,-0.0264,0.1783,0.275,-3.125,200.545,0.000,-1.564,2.111,0.000,0.000,0.000,-1.638,5.536,2.111,0.412,0.943,0.121,-0.05,-0.19,1,0
189894,0.055,0.005,1.005,0.238,0.576,0.020,0.9836,0.0072,-0.0265,0.1783,0.267,-3.136,200.546,0.000,-1.564,2.111,0.000,0.000,0.000,-1.537,5.448,2.111,0.302,0.945,0.119,-0.05,-0.19,1,0
190106,0.054,0.005,1.003,0.123,-0.407,-0.030,0.9836,0.0073,-0.0257,0.1784,0.292,-3.051,200.558,0.108,-1.564,2.111,0.000,0.000,0.000,-1.041,5.162,2.111,-0.476,0.983,0.122,-0.05,0.21,1,0
190124,0.052,0.005,1.006,0.080,-0.498,-0.078,0.9836,0.0072,-0.0250,0.1784,0.305,-2.965,200.556,0.108,-1.564,2.111,0.000,0.000,0.000,-1.107,4.880,2.111,-0.480,0.981,0.125,-0.05,0.20,1,0
190136,0.054,0.005,1.003,0.053,-0.502,0.022,0.9836,0.0073,-0.0260,0.1784,0.289,-3.084,200.556,0.108,-1.564,2.111,0.000,0.000,0.000,-1.057,5.222,2.111,-0.482,0.977,0.119,-0.04,0.19,1,0
190154,0.054,0.006,1.004,0.050,-0.571,0.037,0.9836,0.0077,-0.0259,0.1784,0.337,-3.076,200.554,0.108,-1.564,2.111,0.000,0.000,0.000,-1.158,5.196,2.111,-0.490,0.981,0.109,-0.04,0.15,1,0
190174,0.053,0.006,1.004,-0.042,-0.674,0.114,0.9836,0.0077,-0.0257,0.1784,0.338,-3.052,200.556,0.108,-1.564,2.111,0.000,0.000,0.000,-1.232,5.085,2.111,-0.501,0.984,0.097,-0.05,-0.13,1,0
190190,0.053,0.006,1.004,0.137,-0.713,0.071,0.9836,0.0077,-0.0257,0.1784,0.346,-3.051,200.557,0.108,-1.564,2.111,0.000,0.000,0.000,-1.283,5.208,2.111,-0.508,0.986,0.097,-0.05,-0.13,1,0
190202,0.054,0.006,1.004,0.110,-0.827,0.122,0.9836,0.0078,-0.0258,0.1785,0.347,-3.069,200.558,0.215,-1.564,2.111,0.000,0.000,0.000,-0.712,5.257,2.111,-0.509,0.988,0.095,-0.05,-0.12,1,0
190218,0.054,0.005,1.004,0.007,-0.897,0.044,0.9836,0.0076,-0.0256,0.1785,0.330,-3.042,200.560,0.215,-1.564,2.111,0.000,0.000,0.000,-0.628,5.226,2.111,-0.472,0.990,0.097,-0.05,-0.13,1,0
190234,0.054,0.006,1.005,-0.050,-0.871,0.089,0.9836,0.0076,-0.0258,0.1785,0.333,-3.070,200.561,0.108,-1.564,2.111,0.000,0.000,0.000,-1.270,5.256,2.111,-0.446,0.991,0.101,-0.06,-0.25,1,0
190251,0.054,0.006,1.005,-0.013,-0.883,0.196,0.9836,0.0078,-0.0259,0.1785,0.355,-3.082,200.562,0.215,-1.564,2.111,0.000,0.000,0.000,-0.783,5.298,2.111,-0.484,0.993,0.091,-0.06,-0.24,1,0
190281,0.054,0.005,1.005,-0.024,-1.118,-0.006,0.9836,0.0075,-0.0260,0.1785,0.312,-3.080,200.569,0.108,-1.564,2.111,0.000,0.000,0.000,-1.108,5.362,2.111,-0.464,0.995,0.094,-0.06,-0.19,1,0
190295,0.055,0.006,1.005,-0.004,-1.126,-0.031,0.9835,0.0078,-0.0264,0.1785,0.336,-3.134,200.567,0.215,-1.564,2.111,0.000,0.000,0.000,-1.312,5.365,2.111,-0.486,0.995,0.110,-0.06,0.15,1,0
190313,0.055,0.006,1.004,0.135,-1.179,0.024,0.9835,0.0075,-0.0266,0.1785,0.303,-3.150,200.569,0.108,-1.564,2.111,0.000,0.000,0.000,-0.589,5.480,2.111,-0.476,0.996,0.111,-0.06,0.14,1,0
190324,0.055,0.006,1.004,0.152,-1.160,-0.002,0.9835,0.0076,-0.0264,0.1785,0.320,-3.137,200.568,0.108,-1.564,2.111,0.000,0.000,0.000,-0.589,5.480,2.111,-0.473,0.996,0.112,-0.06,0.14,1,0
190344,0.055,0.005,1.004,0.070,-1.202,0.013,0.9835,0.0075,-0.0265,0.1785,0.304,-3.141,200.569,0.215,-1.564,2.111,0.000,0.000,0.000,-0.558,5.564,2.111,-0.465,0.997,0.113,-0.06,0.13,1,0
190358,0.055,0.006,1.004,0.086,-1.289,0.063,0.9835,0.0078,-0.0266,0.1785,0.336,-3.160,200.568,0.215,-1.564,2.111,0.000,0.000,0.000,-0.529,5.525,2.111,-0.457,0.998,0.106,-0.06,0.04,1,0
190377,0.055,0.006,1.004,0.003,-1.378,0.061,0.9835,0.0077,-0.0268,0.1785,0.321,-3.175,200.570,0.215,-1.564,2.111,0.000,0.000,0.000,-0.490,5.537,2.111,-0.460,0.998,0.105,-0.06,-0.11,1,0
190396,0.056,0.006,1.004,0.006,-1.452,0.054,0.9835,0.0076,-0.0268,0.1786,0.310,-3.182,200.571,0.215,-1.564,2.111,0.000,0.000,0.000,-0.627,5.680,2.111,-0.459,0.998,0.104,-0.06,-0.11,1,0
191241,0.073,0.005,1.005,0.052,0.861,0.145,0.9832,0.0088,-0.0351,0.1789,0.277,-4.139,200.614,0.108,-1.564,2.111,0.000,0.000,0.000,-1.092,9.003,2.111,-0.540,0.995,0.114,-0.01,0.10,1,0
191456,0.069,0.005,1.005,-0.057,1.705,0.068,0.9832,0.0086,-0.0334,0.1790,0.281,-3.939,200.625,0.108,-1.564,2.111,0.000,0.000,0.000,-0.949,8.309,2.111,-0.538,0.937,0.097,-0.05,0.20,1,0
191475,0.069,0.005,1.005,0.050,1.781,0.095,0.9832,0.0087,-0.0332,0.1790,0.304,-3.920,200.625,0.108,-1.564,2.111,0.000,0.000,0.000,-1.134,8.181,2.111,-0.550,0.934,0.098,-0.04,0.21,1,0
191484,0.069,0.006,1.005,0.066,1.805,0.086,0.9832,0.0088,-0.0331,0.1790,0.311,-3.915,200.625,0.108,-1.564,2.111,0.000,0.000,0.000,-1.133,8.207,2.111,-0.558,0.932,0.097,-0.04,0.21,1,0
191498,0.068,0.006,1.005,0.125,1.822,-0.030,0.9833,0.0088,-0.0328,0.1790,0.323,-3.884,200.625,0.108,-1.564,2.111,0.000,0.000,0.000,-1.233,8.082,2.111,-0.576,0.934,0.105,-0.04,0.20,1,0
191506,0.068,0.006,1.005,0.198,1.862,-0.089,0.9833,0.0088,-0.0327,0.1790,0.323,-3.869,200.624,0.108,-1.564,2.111,0.000,0.000,0.000,-1.203,8.099,2.111,-0.583,0.934,0.111,-0.04,0.20,1,0
191531,0.067,0.005,1.005,0.178,1.897,-0.120,0.9833,0.0086,-0.0325,0.1790,0.308,-3.837,200.623,0.108,-1.564,2.111,0.000,0.000,0.000,-1.069,7.873,2.111,-0.589,0.933,0.124,-0.04,-0.04,1,0
191546,0.067,0.005,1.006,0.172,1.927,-0.066,0.9833,0.0085,-0.0323,0.1790,0.300,-3.813,200.623,0.108,-1.564,2.111,0.000,0.000,0.000,-1.076,7.900,2.111,-0.583,0.928,0.122,-0.04,-0.04,1,0
191564,0.067,0.005,1.006,0.076,1.976,-0.029,0.9833,0.0083,-0.0320,0.1790,0.280,-3.777,200.623,0.108,-1.564,2.111,0.000,0.000,0.000,-1.095,7.769,2.111,-0.574,0.924,0.116,-0.04,-0.04,1,0
191578,0.066,0.005,1.006,0.054,2.008,-0.007,0.9833,0.0085,-0.0318,0.1790,0.307,-3.759,200.622,0.108,-1.564,2.111,0.000,0.000,0.000,-1.095,7.702,2.111,-0.572,0.922,0.110,-0.04,-0.04,1,0
191593,0.066,0.006,1.006,0.054,2.058,0.020,0.9833,0.0085,-0.0316,0.1790,0.308,-3.740,200.622,0.108,-1.564,2.111,0.000,0.000,0.000,-1.243,7.593,2.111,-0.572,0.918,0.106,-0.04,-0.06,1,0
191607,0.065,0.006,1.006,0.028,2.098,0.079,0.9833,0.0085,-0.0315,0.1790,0.315,-3.727,200.622,0.108,-1.564,2.111,0.000,0.000,0.000,-1.138,7.585,2.111,-0.577,0.912,0.099,-0.04,-0.06,1,0
191632,0.064,0.006,1.005,0.117,2.082,0.084,0.9833,0.0086,-0.0309,0.1790,0.333,-3.661,200.624,0.215,-1.564,2.111,0.000,0.000,0.000,-0.551,7.371,2.111,-0.576,0.906,0.093,-0.05,-0.22,1,0
191646,0.064,0.005,1.005,0.173,2.037,0.006,0.9833,0.0083,-0.0306,0.1790,0.311,-3.621,200.626,0.215,-1.564,2.111,0.000,0.000,0.000,-0.550,7.314,2.111,-0.554,0.907,0.097,-0.05,-0.22,1,0
191656,0.064,0.005,1.005,0.163,2.092,-0.055,0.9833,0.0081,-0.0305,0.1790,0.290,-3.601,200.627,0.215,-1.564,2.111,0.000,0.000,0.000,-0.468,7.152,2.111,-0.541,0.900,0.105,-0.05,-0.21,1,0
191684,0.062,0.005,1.005,0.109,2.079,-0.057,0.9834,0.0081,-0.0300,0.1790,0.293,-3.547,200.625,0.108,-1.564,2.111,0.000,0.000,0.000,-1.084,6.890,2.111,-0.536,0.887,0.115,-0.06,-0.24,1,0
191703,0.062,0.006,1.005,0.123,2.084,-0.044,0.9834,0.0082,-0.0296,0.1790,0.320,-3.504,200.623,0.108,-1.564,2.111,0.000,0.000,0.000,-1.181,6.808,2.111,-0.577,0.882,0.112,-0.07,-0.23,1,0
191720,0.061,0.006,1.005,0.143,2.096,-0.021,0.9834,0.0082,-0.0292,0.1790,0.323,-3.461,200.623,0.108,-1.564,2.111,0.000,0.000,0.000,-1.199,6.652,2.111,-0.596,0.869,0.108,-0.07,-0.21,1,0
191738,0.060,0.006,1.005,0.181,2.057,0.007,0.9834,0.0081,-0.0289,0.1790,0.323,-3.427,200.623,0.108,-1.564,2.111,0.000,0.000,0.000,-1.301,6.634,2.111,-0.607,0.874,0.107,-0.07,-0.13,1,0
191752,0.060,0.006,1.005,0.079,2.095,0.069,0.9834,0.0082,-0.0289,0.1790,0.327,-3.423,200.624,0.108,-1.564,2.111,0.000,0.000,0.000,-1.179,6.431,2.111,-0.603,0.870,0.103,-0.07,-0.12,1,0
192164,0.048,0.006,1.005,0.083,0.706,-0.054,0.9835,0.0071,-0.0227,0.1791,0.340,-2.707,200.635,0.215,-1.564,2.111,0.000,0.000,0.000,-0.561,4.036,2.111,-0.581,0.909,0.108,-0.11,-0.01,1,0
192176,0.048,0.006,1.005,0.127,0.689,-0.011,0.9835,0.0072,-0.0227,0.1791,0.342,-2.703,200.635,0.215,-1.564,2.111,0.000,0.000,0.000,-0.596,4.021,2.111,-0.568,0.915,0.110,-0.11,-0.03,1,0
192186,0.047,0.006,1.005,0.104,0.716,-0.024,0.9835,0.0071,-0.0226,0.1791,0.341,-2.692,200.635,0.215,-1.564,2.111,0.000,0.000,0.000,-0.608,4.012,2.111,-0.560,0.917,0.111,-0.11,-0.03,1,0
192202,0.047,0.006,1.005,0.121,0.595,0.006,0.9835,0.0071,-0.0225,0.1791,0.345,-2.679,200.635,0.215,-1.564,2.111,0.000,0.000,0.000,-0.733,3.815,2.111,-0.562,0.917,0.109,-0.11,-0.18,1,0
192222,0.047,0.006,1.005,0.055,0.520,-0.012,0.9835,0.0071,-0.0221,0.1791,0.343,-2.641,200.635,0.215,-1.564,2.111,0.000,0.000,0.000,-0.734,3.770,2.111,-0.567,0.923,0.110,-0.12,-0.17,1,0
192236,0.046,0.006,1.005,0.072,0.482,0.100,0.9835,0.0069,-0.0222,0.1791,0.320,-2.645,200.636,0.215,-1.564,2.111,0.000,0.000,0.000,-0.702,3.740,2.111,-0.568,0.920,0.105,-0.11,-0.09,1,0
192251,0.046,0.006,1.005,0.067,0.364,0.057,0.9835,0.0070,-0.0220,0.1791,0.314,-2.631,200.637,0.215,-1.564,2.111,0.000,0.000,0.000,-0.673,3.711,2.111,-0.567,0.925,0.100,-0.11,0.57,1,0
192267,0.046,0.006,1.005,0.002,0.260,0.092,0.9836,0.0069,-0.0218,0.1792,0.329,-2.597,200.638,0.215,-1.564,2.111,0.000,0.000,0.000,-0.662,3.660,2.111,-0.559,0.936,0.095,-0.10,0.57,1,0
192561,0.046,0.006,1.005,-0.027,-1.238,0.061,0.9835,0.0070,-0.0220,0.1792,0.341,-2.626,200.648,0.215,-1.564,2.111,0.000,0.000,0.000,-1.369,3.708,2.111,-0.602,0.995,0.105,-0.11,-0.22,1,0
192582,0.046,0.006,1.006,0.005,-1.258,0.090,0.9835,0.0068,-0.0221,0.1793,0.317,-2.636,200.650,0.108,-1.564,2.111,0.000,0.000,0.000,-0.711,3.733,2.111,-0.580,0.996,0.099,-0.11,-0.23,1,0
192596,0.047,0.006,1.006,0.020,-1.301,0.070,0.9835,0.0071,-0.0223,0.1793,0.339,-2.654,200.650,0.108,-1.564,2.111,0.000,0.000,0.000,-1.183,3.740,2.111,-0.610,0.996,0.100,-0.12,-0.38,1,0
192616,0.047,0.006,1.005,-0.020,-1.346,0.076,0.9835,0.0070,-0.0223,0.1793,0.333,-2.656,200.652,0.215,-1.564,2.111,0.000,0.000,0.000,-1.289,3.860,2.111,-0.628,0.997,0.097,-0.13,-0.37,1,0
192632,0.047,0.006,1.005,-0.025,-1.389,0.044,0.9835,0.0072,-0.0226,0.1793,0.349,-2.695,200.652,0.215,-1.564,2.111,0.000,0.000,0.000,-0.735,3.941,2.111,-0.606,0.998,0.103,-0.13,-0.34,1,0
192656,0.047,0.006,1.005,-0.031,-1.540,0.007,0.9835,0.0073,-0.0227,0.1793,0.362,-2.705,200.652,0.108,-1.564,2.111,0.000,0.000,0.000,-0.685,3.965,2.111,-0.588,0.998,0.106,-0.14,-0.26,1,0
192665,0.048,0.006,1.005,-0.042,-1.575,0.062,0.9835,0.0073,-0.0226,0.1793,0.355,-2.701,200.653,0.108,-1.564,2.111,0.000,0.000,0.000,-1.289,3.991,2.111,-0.601,0.998,0.105,-0.14,-0.26,1,0
192681,0.048,0.006,1.005,0.014,-1.639,0.038,0.9835,0.0071,-0.0228,0.1793,0.336,-2.720,200.655,0.108,-1.564,2.111,0.000,0.000,0.000,-1.286,4.105,2.111,-0.644,0.998,0.103,-0.15,-0.24,1,0
192698,0.048,0.006,1.005,-0.011,-1.673,0.087,0.9835,0.0072,-0.0233,0.1793,0.339,-2.774,200.656,0.108,-1.564,2.111,0.000,0.000,0.000,-1.306,4.082,2.111,-0.656,0.999,0.101,-0.15,-0.22,1,0
192718,0.049,0.006,1.005,0.030,-1.679,0.094,0.9835,0.0072,-0.0231,0.1793,0.337,-2.757,200.657,0.108,-1.564,2.111,0.000,0.000,0.000,-0.582,4.285,2.111,-0.645,0.999,0.099,-0.15,-0.09,1,0
192734,0.049,0.006,1.005,0.033,-1.702,0.132,0.9835,0.0072,-0.0235,0.1793,0.328,-2.795,200.659,0.215,-1.564,2.111,0.000,0.000,0.000,-0.638,4.324,2.111,-0.651,0.999,0.095,-0.15,-0.08,1,0
192747,0.049,0.006,1.006,-0.020,-1.816,0.125,0.9835,0.0073,-0.0236,0.1793,0.340,-2.814,200.661,0.215,-1.564,2.111,0.000,0.000,0.000,-1.303,4.315,2.111,-0.637,0.999,0.095,-0.15,-0.08,1,0
192772,0.050,0.006,1.005,-0.096,-1.857,0.066,0.9835,0.0074,-0.0239,0.1794,0.341,-2.848,200.662,0.215,-1.564,2.111,0.000,0.000,0.000,-0.704,4.431,2.111,-0.610,0.999,0.097,-0.15,0.15,1,0
193192,0.064,0.005,1.005,-0.004,-1.658,-0.030,0.9833,0.0083,-0.0305,0.1794,0.302,-3.638,200.676,0.108,-1.564,2.111,0.000,0.000,0.000,-0.511,7.159,2.111,-0.592,1.000,0.112,-0.10,-0.24,1,0
193206,0.064,0.005,1.006,0.014,-1.629,0.009,0.9832,0.0083,-0.0309,0.1794,0.305,-3.657,200.676,0.108,-1.564,2.111,0.000,0.000,0.000,-1.054,7.196,2.111,-0.618,1.000,0.110,-0.10,-0.24,1,0
193224,0.065,0.005,1.005,-0.017,-1.569,0.002,0.9832,0.0086,-0.0312,0.1794,0.326,-3.695,200.675,0.215,-1.564,2.111,0.000,0.000,0.000,-1.221,7.412,2.111,-0.650,1.000,0.108,-0.10,-0.20,1,0
193241,0.065,0.005,1.005,-0.027,-1.539,0.055,0.9832,0.0084,-0.0314,0.1794,0.304,-3.713,200.676,0.108,-1.564,2.111,0.000,0.000,0.000,-0.499,7.441,2.111,-0.652,1.000,0.105,-0.10,0.07,1,0
193256,0.066,0.005,1.005,-0.040,-1.413,0.073,0.9832,0.0085,-0.0316,0.1795,0.307,-3.742,200.677,0.215,-1.564,2.111,0.000,0.000,0.000,-0.543,7.650,2.111,-0.648,1.000,0.100,-0.10,0.06,1,0
193276,0.066,0.005,1.005,-0.078,-1.349,0.039,0.9832,0.0086,-0.0320,0.1795,0.316,-3.789,200.677,0.108,-1.564,2.111,0.000,0.000,0.000,-1.119,7.663,2.111,-0.639,1.000,0.100,-0.09,0.06,1,0
193484,0.071,0.005,1.005,0.041,-0.545,0.047,0.9831,0.0088,-0.0340,0.1796,0.292,-4.019,200.693,0.108,-1.564,2.111,0.000,0.000,0.000,-1.078,8.630,2.111,-0.654,1.000,0.102,-0.10,0.02,1,0
193498,0.071,0.005,1.005,0.113,-0.445,0.093,0.9831,0.0088,-0.0341,0.1796,0.296,-4.025,200.694,0.108,-1.564,2.111,0.000,0.000,0.000,-1.100,8.651,2.111,-0.665,1.000,0.101,-0.10,-0.24,1,0
193514,0.071,0.005,1.004,0.047,-0.323,0.081,0.9831,0.0089,-0.0343,0.1796,0.294,-4.056,200.696,0.108,-1.564,2.111,0.000,0.000,0.000,-1.033,8.608,2.111,-0.667,1.000,0.097,-0.11,-0.23,1,0
193531,0.071,0.005,1.005,0.065,-0.238,0.040,0.9831,0.0089,-0.0344,0.1796,0.296,-4.059,200.696,0.108,-1.564,2.111,0.000,0.000,0.000,-1.056,8.704,2.111,-0.666,1.000,0.101,-0.11,-0.23,1,0
193550,0.071,0.005,1.005,0.052,-0.146,0.097,0.9831,0.0088,-0.0342,0.1796,0.287,-4.036,200.699,0.108,-1.564,2.111,0.000,0.000,0.000,-1.013,8.707,2.111,-0.665,0.998,0.099,-0.11,-0.22,1,0
193573,0.071,0.005,1.005,0.056,0.044,0.049,0.9831,0.0088,-0.0344,0.1796,0.287,-4.062,200.700,0.108,-1.564,2.111,0.000,0.000,0.000,-0.987,8.720,2.111,-0.659,0.999,0.103,-0.12,-0.22,1,0
193584,0.071,0.005,1.005,0.068,0.020,0.051,0.9831,0.0089,-0.0345,0.1796,0.289,-4.067,200.701,0.108,-1.564,2.111,0.000,0.000,0.000,-1.019,8.732,2.111,-0.665,0.999,0.106,-0.12,-0.33,1,0
193594,0.072,0.005,1.005,0.039,0.006,0.056,0.9831,0.0088,-0.0344,0.1796,0.288,-4.066,200.702,0.108,-1.564,2.111,0.000,0.000,0.000,-0.982,8.815,2.111,-0.663,0.999,0.104,-0.13,-0.31,1,0
193612,0.071,0.005,1.005,-0.003,0.126,0.001,0.9831,0.0086,-0.0345,0.1797,0.264,-4.069,200.703,0.108,-1.564,2.111,0.000,0.000,0.000,-0.997,8.741,2.111,-0.658,0.999,0.111,-0.13,-0.29,1,0
193626,0.071,0.005,1.005,0.074,0.234,-0.004,0.9831,0.0088,-0.0345,0.1796,0.288,-4.068,200.702,0.108,-1.564,2.111,0.000,0.000,0.000,-1.000,8.740,2.111,-0.658,0.999,0.112,-0.13,-0.29,1,0
193642,0.072,0.005,1.005,0.132,0.272,0.054,0.9831,0.0088,-0.0344,0.1797,0.288,-4.063,200.703,0.108,-1.564,2.111,0.000,0.000,0.000,-1.006,8.729,2.111,-0.661,0.999,0.106,-0.14,-0.17,1,0
193663,0.072,0.005,1.005,0.119,0.361,-0.001,0.9831,0.0088,-0.0347,0.1797,0.276,-4.090,200.704,0.108,-1.564,2.111,0.000,0.000,0.000,-0.943,8.787,2.111,-0.664,0.999,0.108,-0.14,-0.17,1,0
193682,0.072,0.005,1.005,0.051,0.433,0.005,0.9831,0.0090,-0.0345,0.1797,0.301,-4.080,200.703,0.108,-1.564,2.111,0.000,0.000,0.000,-1.057,8.795,2.111,-0.658,0.999,0.108,-0.14,-0.12,1,0
193702,0.071,0.005,1.005,0.046,0.636,0.031,0.9831,0.0088,-0.0343,0.1797,0.290,-4.050,200.704,0.108,-1.564,2.111,0.000,0.000,0.000,-1.058,8.759,2.111,-0.663,0.993,0.109,-0.13,0.21,1,0
193714,0.071,0.005,1.005,0.072,0.745,0.048,0.9831,0.0089,-0.0344,0.1797,0.291,-4.066,200.704,0.108,-1.564,2.111,0.000,0.000,0.000,-0.998,8.664,2.111,-0.668,0.990,0.105,-0.13,0.20,1,0
193732,0.071,0.005,1.005,0.083,0.723,0.130,0.9831,0.0088,-0.0344,0.1797,0.284,-4.057,200.707,0.108,-1.564,2.111,0.000,0.000,0.000,-0.984,8.703,2.111,-0.669,0.988,0.099,-0.12,0.25,1,0
193746,0.071,0.005,1.005,0.092,0.804,0.086,0.9831,0.0088,-0.0343,0.1797,0.289,-4.046,200.708,0.108,-1.564,2.111,0.000,0.000,0.000,-1.008,8.685,2.111,-0.668,0.990,0.096,-0.11,0.25,1,0
193764,0.071,0.005,1.005,0.020,0.780,0.019,0.9831,0.0090,-0.0340,0.1797,0.309,-4.023,200.707,0.108,-1.564,2.111,0.000,0.000,0.000,-1.006,8.620,2.111,-0.670,0.991,0.100,-0.11,0.71,1,0
193782,0.071,0.005,1.005,0.033,0.937,0.039,0.9831,0.0090,-0.0341,0.1797,0.310,-4.027,200.708,0.215,-1.564,2.111,0.000,0.000,0.000,-1.138,8.592,2.111,-0.672,0.988,0.103,-0.09,0.67,1,0
194212,0.061,0.006,1.005,0.029,1.865,0.021,0.9832,0.0084,-0.0294,0.1798,0.338,-3.491,200.715,0.215,-1.564,2.111,0.000,0.000,0.000,-0.597,6.637,2.111,-0.703,0.876,0.102,-0.10,0.16,1,0
194223,0.061,0.006,1.005,0.079,1.825,-0.011,0.9832,0.0081,-0.0290,0.1798,0.321,-3.436,200.717,0.108,-1.564,2.111,0.000,0.000,0.000,-1.207,6.551,2.111,-0.699,0.879,0.105,-0.10,-0.31,1,0
194242,0.060,0.006,1.005,0.073,1.866,-0.024,0.9832,0.0080,-0.0287,0.1798,0.316,-3.404,200.716,0.108,-1.564,2.111,0.000,0.000,0.000,-1.150,6.452,2.111,-0.710,0.886,0.112,-0.11,-0.29,1,0
194264,0.059,0.006,1.005,0.168,1.818,0.062,0.9833,0.0082,-0.0285,0.1798,0.335,-3.379,200.716,0.108,-1.564,2.111,0.000,0.000,0.000,-1.171,6.318,2.111,-0.718,0.887,0.103,-0.12,-0.28,1,0
194282,0.059,0.006,1.005,0.089,1.793,-0.012,0.9833,0.0082,-0.0282,0.1798,0.341,-3.343,200.717,0.108,-1.564,2.111,0.000,0.000,0.000,-1.253,6.149,2.111,-0.719,0.882,0.105,-0.11,-0.20,1,0
194486,0.052,0.006,1.005,0.107,1.387,0.077,0.9833,0.0074,-0.0252,0.1799,0.320,-2.990,200.726,0.215,-1.564,2.111,0.000,0.000,0.000,-0.711,4.931,2.111,-0.665,0.871,0.096,-0.12,-0.04,1,0
194504,0.052,0.006,1.005,0.124,1.280,0.020,0.9833,0.0074,-0.0250,0.1799,0.321,-2.972,200.727,0.215,-1.564,2.111,0.000,0.000,0.000,-0.588,4.938,2.111,-0.667,0.879,0.102,-0.12,-0.03,1,0
194521,0.052,0.006,1.005,0.134,1.229,0.023,0.9833,0.0075,-0.0246,0.1799,0.342,-2.933,200.726,0.215,-1.564,2.111,0.000,0.000,0.000,-0.587,4.817,2.111,-0.665,0.894,0.103,-0.12,-0.03,1,0
194536,0.051,0.006,1.005,0.157,1.164,0.008,0.9833,0.0073,-0.0246,0.1799,0.320,-2.922,200.728,0.215,-1.564,2.111,0.000,0.000,0.000,-0.546,4.688,2.111,-0.665,0.894,0.105,-0.12,-0.04,1,0
194555,0.051,0.006,1.005,0.143,1.104,0.072,0.9833,0.0074,-0.0244,0.1799,0.326,-2.899,200.729,0.215,-1.564,2.111,0.000,0.000,0.000,-0.536,4.615,2.111,-0.667,0.899,0.097,-0.12,-0.10,1,0
194576,0.050,0.006,1.004,0.123,0.991,0.038,0.9834,0.0073,-0.0239,0.1799,0.331,-2.846,200.730,0.215,-1.564,2.111,0.000,0.000,0.000,-0.652,4.608,2.111,-0.672,0.910,0.101,-0.12,-0.10,1,0
194586,0.050,0.006,1.004,0.082,0.930,0.031,0.9834,0.0073,-0.0238,0.1799,0.336,-2.837,200.730,0.215,-1.564,2.111,0.000,0.000,0.000,-0.659,4.466,2.111,-0.675,0.910,0.101,-0.12,-0.10,1,0
194600,0.050,0.006,1.004,0.097,0.913,-0.027,0.9834,0.0073,-0.0237,0.1799,0.335,-2.825,200.730,0.215,-1.564,2.111,0.000,0.000,0.000,-0.672,4.401,2.111,-0.675,0.913,0.107,-0.12,-0.04,1,0
194617,0.049,0.006,1.004,0.109,0.882,0.011,0.9834,0.0073,-0.0236,0.1799,0.335,-2.811,200.730,0.215,-1.564,2.111,0.000,0.000,0.000,-0.571,4.321,2.111,-0.676,0.908,0.109,-0.11,0.38,1,0
194631,0.049,0.006,1.004,0.110,0.870,-0.004,0.9834,0.0072,-0.0236,0.1799,0.324,-2.812,200.731,0.215,-1.564,2.111,0.000,0.000,0.000,-0.668,4.352,2.111,-0.678,0.907,0.109,-0.11,0.36,1,0
194650,0.049,0.005,1.004,0.078,0.779,0.021,0.9834,0.0069,-0.0235,0.1799,0.292,-2.789,200.732,0.215,-1.564,2.111,0.000,0.000,0.000,-0.441,4.309,2.111,-0.668,0.915,0.109,-0.10,0.36,1,0
194666,0.048,0.005,1.004,0.081,0.638,-0.001,0.9834,0.0069,-0.0230,0.1799,0.304,-2.741,200.732,0.215,-1.564,2.111,0.000,0.000,0.000,-0.477,4.131,2.111,-0.666,0.918,0.106,-0.10,0.30,1,0
194684,0.048,0.005,1.004,0.093,0.523,-0.006,0.9834,0.0070,-0.0231,0.1799,0.315,-2.754,200.732,0.215,-1.564,2.111,0.000,0.000,0.000,-0.500,4.091,2.111,-0.669,0.926,0.109,-0.11,-0.15,1,0
194702,0.048,0.005,1.004,0.084,0.470,0.050,0.9834,0.0069,-0.0229,0.1799,0.305,-2.722,200.732,0.215,-1.564,2.111,0.000,0.000,0.000,-0.497,4.051,2.111,-0.668,0.935,0.108,-0.11,-0.14,1,0
194720,0.048,0.006,1.004,0.110,0.378,0.074,0.9834,0.0069,-0.0228,0.1800,0.307,-2.716,200.733,0.215,-1.564,2.111,0.000,0.000,0.000,-0.631,4.022,2.111,-0.677,0.939,0.099,-0.11,-0.14,1,0
194735,0.047,0.006,1.005,0.085,0.363,0.091,0.9834,0.0069,-0.0227,0.1800,0.306,-2.701,200.735,0.215,-1.564,2.111,0.000,0.000,0.000,-0.635,3.970,2.111,-0.680,0.944,0.097,-0.11,-0.12,1,0
194754,0.047,0.006,1.005,0.107,0.216,0.066,0.9834,0.0069,-0.0225,0.1800,0.309,-2.678,200.736,0.215,-1.564,2.111,0.000,0.000,0.000,-0.507,3.932,2.111,-0.682,0.949,0.096,-0.11,-0.12,1,0
194764,0.047,0.006,1.004,0.040,0.211,0.023,0.9834,0.0069,-0.0225,0.1800,0.310,-2.674,200.736,0.215,-1.564,2.111,0.000,0.000,0.000,-0.531,3.874,2.111,-0.680,0.950,0.101,-0.11,0.01,1,0
194786,0.047,0.006,1.004,0.086,0.040,0.058,0.9834,0.0068,-0.0223,0.1800,0.310,-2.657,200.738,0.215,-1.564,2.111,0.000,0.000,0.000,-0.529,3.817,2.111,-0.683,0.959,0.100,-0.11,0.01,1,0
195202,0.046,0.006,1.005,0.021,-0.699,0.059,0.9834,0.0072,-0.0220,0.1801,0.354,-2.623,200.746,0.215,-1.564,2.111,0.000,0.000,0.000,-0.728,3.757,2.111,-0.710,0.987,0.109,-0.08,-0.05,1,0
195224,0.050,0.006,1.005,-0.017,-1.626,0.115,0.9833,0.0071,-0.0238,0.1802,0.311,-2.832,200.764,0.215,-1.564,2.111,0.000,0.000,0.000,-0.662,4.416,2.111,-0.643,0.999,0.221,-0.07,0.03,1,0
195240,0.050,0.006,1.005,0.007,-1.546,0.015,0.9833,0.0072,-0.0240,0.1802,0.319,-2.860,200.764,0.215,-1.564,0.000,0.000,0.000,0.000,-0.589,4.594,0.000,-0.554,0.999,0.275,-0.06,0.03,1,0
195254,0.051,0.006,1.006,-0.264,-1.266,0.247,0.9833,0.0076,-0.0242,0.1802,0.352,-2.889,200.764,0.215,-1.564,0.352,0.000,0.000,0.000,-0.706,4.531,0.352,-0.486,0.971,0.121,-0.07,-0.00,1,0
195267,0.051,0.005,1.004,-0.341,-1.044,0.341,0.9833,0.0071,-0.0244,0.1803,0.292,-2.900,200.771,0.215,-1.564,-0.176,0.000,0.000,0.000,-0.680,4.664,2.111,-0.429,0.913,0.130,-0.07,-0.00,1,0
195287,0.052,0.005,1.005,-0.219,-1.067,0.169,0.9833,0.0071,-0.0249,0.1803,0.289,-2.949,200.775,0.215,-1.564,0.000,0.000,0.000,0.000,-0.390,4.633,2.111,-0.330,0.794,0.130,-0.08,-0.27,1,0
195524,0.058,0.005,1.004,0.021,-2.223,0.024,0.9831,0.0079,-0.0280,0.1805,0.316,-3.315,200.793,0.215,-1.564,2.111,0.000,0.000,0.000,-0.502,5.916,2.111,-0.066,0.513,0.181,-0.02,0.21,1,0
195543,0.059,0.005,1.004,0.012,-2.167,0.239,0.9831,0.0079,-0.0282,0.1805,0.305,-3.347,200.797,0.215,-1.564,2.111,0.000,0.000,0.000,-0.459,6.285,2.111,-0.067,0.513,0.134,-0.02,-0.04,1,0
195561,0.060,0.006,1.004,-0.366,-2.019,0.290,0.9831,0.0081,-0.0287,0.1805,0.319,-3.401,200.800,0.215,-1.564,2.111,0.000,0.000,0.000,-0.691,6.357,2.111,-0.051,0.491,0.106,-0.02,-0.04,1,0
195583,0.060,0.005,1.004,-0.096,-2.415,0.149,0.9831,0.0078,-0.0288,0.1806,0.287,-3.404,200.807,0.215,-1.564,2.111,0.000,0.000,0.000,-0.531,6.396,2.111,-0.052,0.505,0.096,-0.03,-0.10,1,0
195596,0.060,0.006,1.005,0.006,-2.349,-0.003,0.9831,0.0081,-0.0290,0.1806,0.317,-3.438,200.805,0.215,-1.564,2.111,0.000,0.000,0.000,-0.594,6.558,2.111,-0.055,0.519,0.119,-0.04,-0.62,1,0
195611,0.061,0.006,1.004,-0.117,-2.237,0.095,0.9831,0.0083,-0.0295,0.1806,0.326,-3.497,200.805,0.215,-1.564,2.111,0.000,0.000,0.000,-0.698,6.669,2.111,-0.057,0.502,0.120,-0.04,-0.59,1,0
195627,0.062,0.005,1.004,0.076,-2.296,0.009,0.9831,0.0080,-0.0297,0.1806,0.282,-3.512,200.808,0.215,-1.564,2.111,0.000,0.000,0.000,-0.408,6.723,2.111,-0.059,0.499,0.120,-0.05,-0.59,1,0
195647,0.062,0.005,1.005,-0.057,-2.243,0.159,0.9831,0.0082,-0.0299,0.1806,0.302,-3.544,200.808,0.108,-1.564,2.111,0.000,0.000,0.000,-0.429,6.881,2.111,-0.051,0.505,0.115,-0.07,-0.58,1,0
195664,0.063,0.004,1.005,0.035,-2.027,0.178,0.9830,0.0077,-0.0304,0.1806,0.237,-3.585,200.815,0.108,-1.564,2.111,0.000,0.000,0.000,-0.790,6.971,2.111,-0.075,0.486,0.102,-0.08,-0.75,1,0
195692,0.064,0.006,1.005,-0.151,-2.124,-0.071,0.9830,0.0086,-0.0307,0.1806,0.336,-3.639,200.806,0.108,-1.564,2.111,0.000,0.000,0.000,-1.036,7.259,2.111,-0.071,0.472,0.134,-0.10,-0.68,1,0
195705,0.065,0.006,1.005,-0.053,-2.032,0.128,0.9830,0.0087,-0.0310,0.1806,0.342,-3.675,200.806,0.108,-1.564,2.111,0.000,0.000,0.000,-1.216,7.381,2.111,-0.085,0.488,0.120,-0.11,-0.68,1,0
195721,0.065,0.005,1.005,0.119,-1.882,0.027,0.9830,0.0083,-0.0314,0.1806,0.284,-3.712,200.811,0.108,-1.564,2.111,0.000,0.000,0.000,-1.181,7.422,2.111,-0.106,0.485,0.110,-0.10,-0.50,1,0
195735,0.066,0.005,1.005,-0.123,-1.870,-0.100,0.9830,0.0085,-0.0315,0.1806,0.302,-3.727,200.809,0.108,-1.564,2.111,0.000,0.000,0.000,-1.106,7.597,2.111,-0.099,0.487,0.123,-0.09,0.87,1,0
195754,0.066,0.006,1.005,-0.116,-1.997,0.153,0.9830,0.0088,-0.0318,0.1806,0.338,-3.770,200.806,0.108,-1.564,2.111,0.000,0.000,0.000,-1.192,7.770,2.111,-0.100,0.497,0.105,-0.07,0.82,1,0
195770,0.067,0.005,1.005,0.074,-1.780,0.235,0.9830,0.0081,-0.0324,0.1806,0.245,-3.822,200.818,0.108,-1.564,2.111,0.000,0.000,0.000,-0.767,7.883,2.111,-0.104,0.501,0.084,-0.06,0.76,1,0
195787,0.067,0.005,1.005,-0.071,-1.821,0.011,0.9830,0.0085,-0.0326,0.1806,0.281,-3.854,200.817,0.108,-1.564,2.111,0.000,0.000,0.000,-0.988,7.868,2.111,-0.084,0.496,0.094,-0.05,0.76,1,0
196166,0.076,0.005,1.005,0.175,0.394,-0.132,0.9828,0.0092,-0.0365,0.1808,0.277,-4.304,200.835,0.000,-1.564,2.111,0.000,-0.031,0.008,-1.416,8.894,2.111,0.000,-0.031,0.008,0.00,0.35,1,2
196182,0.076,0.005,1.005,0.017,0.435,-0.015,0.9828,0.0091,-0.0365,0.1808,0.273,-4.305,200.835,0.000,-1.564,2.111,0.000,-0.031,0.008,-1.416,8.894,2.111,0.000,-0.031,0.008,0.01,0.24,1,2
196186,0.076,0.005,1.005,0.017,0.435,-0.015,0.9828,0.0091,-0.0365,0.1808,0.273,-4.305,200.835,0.000,-1.564,2.111,0.000,-0.031,0.008,-1.416,8.894,2.111,0.000,-0.031,0.008,0.01,0.24,1,2
196196,0.076,0.005,1.005,0.081,0.504,0.063,0.9828,0.0091,-0.0365,0.1808,0.269,-4.305,200.836,0.000,-1.564,2.111,0.002,-0.031,0.007,-1.416,8.894,2.111,0.000,-0.031,0.008,0.01,0.23,1,2
196203,0.076,0.005,1.005,0.080,0.596,0.026,0.9828,0.0095,-0.0366,0.1808,0.309,-4.325,200.833,0.000,-1.564,2.111,0.002,-0.031,0.007,-1.416,8.894,2.111,0.002,-0.031,0.007,0.01,0.23,1,2
196222,0.076,0.005,1.004,-0.050,0.750,0.233,0.9828,0.0094,-0.0366,0.1808,0.301,-4.319,200.836,0.000,-1.564,2.111,0.002,-0.031,0.007,-1.416,8.894,2.111,0.002,-0.031,0.007,0.01,0.22,1,2
196233,0.076,0.005,1.004,-0.012,0.810,0.246,0.9828,0.0092,-0.0365,0.1808,0.276,-4.303,200.841,0.000,-1.564,2.111,0.002,-0.031,0.007,-1.416,8.894,2.111,0.002,-0.031,0.007,0.01,0.17,1,2
196247,0.076,0.005,1.005,0.021,0.895,0.190,0.9828,0.0092,-0.0366,0.1809,0.276,-4.314,200.844,0.000,-1.564,2.111,0.002,-0.031,0.007,-1.416,8.894,2.111,0.002,-0.031,0.007,0.01,0.17,1,2
196258,0.076,0.005,1.005,0.015,1.020,0.138,0.9828,0.0094,-0.0364,0.1809,0.307,-4.297,200.843,0.000,-1.564,2.111,0.002,-0.031,0.008,-1.416,8.894,2.111,0.002,-0.031,0.007,0.01,-0.23,1,2
196270,0.076,0.005,1.005,0.040,1.092,0.012,0.9828,0.0093,-0.0364,0.1809,0.290,-4.299,200.845,0.000,-1.564,2.111,0.002,-0.031,0.008,-1.416,8.894,2.111,0.002,-0.031,0.008,0.01,-0.22,1,2
196281,0.076,0.005,1.005,0.109,1.129,-0.007,0.9828,0.0095,-0.0365,0.1809,0.311,-4.306,200.844,0.000,-1.564,2.111,0.002,-0.031,0.008,-1.416,8.894,2.111,0.002,-0.031,0.008,0.00,-0.22,1,2
196297,0.075,0.005,1.005,0.139,1.273,-0.075,0.9828,0.0092,-0.0364,0.1809,0.283,-4.293,200.845,0.000,-1.564,2.111,0.002,-0.031,0.008,-1.416,8.894,2.111,0.002,-0.031,0.008,0.01,-0.11,1,2
196472,0.071,0.005,1.005,0.151,2.099,-0.029,0.9828,0.0088,-0.0344,0.1809,0.275,-4.064,200.852,0.000,-1.564,2.111,0.002,-0.031,0.010,-1.416,8.894,2.111,0.002,-0.031,0.010,0.07,1.48,1,2
196484,0.071,0.005,1.005,0.178,2.183,-0.093,0.9829,0.0086,-0.0344,0.1809,0.256,-4.056,200.853,0.000,-1.564,2.111,0.002,-0.031,0.010,-1.416,8.894,2.111,0.002,-0.031,0.010,0.09,1.48,1,2
196491,0.071,0.005,1.005,0.222,2.214,-0.114,0.9829,0.0086,-0.0343,0.1809,0.258,-4.040,200.852,0.000,-1.564,2.111,0.002,-0.031,0.010,-1.416,8.894,2.111,0.002,-0.031,0.010,0.09,1.23,1,2
196504,0.071,0.005,1.005,0.166,2.283,-0.069,0.9829,0.0088,-0.0340,0.1809,0.291,-4.012,200.848,0.000,-1.564,2.111,0.002,-0.031,0.010,-1.416,8.894,2.111,0.002,-0.031,0.010,0.08,1.23,1,2
196522,0.070,0.005,1.005,0.095,2.343,-0.082,0.9829,0.0089,-0.0339,0.1809,0.299,-4.005,200.847,0.000,-1.564,2.111,0.002,-0.031,0.010,-1.416,8.894,2.111,0.002,-0.031,0.010,0.08,-0.39,1,2
196532,0.070,0.005,1.005,0.067,2.361,0.018,0.9829,0.0090,-0.0337,0.1809,0.318,-3.984,200.845,0.000,-1.564,2.111,0.002,-0.031,0.010,-1.416,8.894,2.111,0.002,-0.031,0.010,0.07,-0.37,1,2
196546,0.069,0.005,1.005,0.059,2.388,0.040,0.9829,0.0088,-0.0333,0.1809,0.299,-3.941,200.847,0.000,-1.564,2.111,0.002,-0.031,0.010,-1.416,8.894,2.111,0.002,-0.031,0.010,0.07,-0.37,1,2
196556,0.069,0.006,1.005,0.091,2.376,0.106,0.9829,0.0089,-0.0332,0.1809,0.318,-3.932,200.847,0.000,-1.564,2.111,0.002,-0.031,0.012,-1.416,8.894,2.111,0.002,-0.031,0.012,0.06,-0.33,1,2
196575,0.069,0.005,1.005,0.051,2.445,0.093,0.9829,0.0088,-0.0331,0.1809,0.301,-3.907,200.850,0.000,-1.564,2.111,0.002,-0.031,0.012,-1.416,8.894,2.111,0.002,-0.031,0.012,0.06,-0.10,1,2
196586,0.068,0.005,1.005,0.100,2.488,0.105,0.9829,0.0087,-0.0328,0.1809,0.305,-3.883,200.851,0.000,-1.564,2.111,0.004,-0.031,0.012,-1.416,8.894,2.111,0.004,-0.031,0.012,0.06,-0.10,1,2
196602,0.068,0.005,1.005,0.086,2.524,0.080,0.9829,0.0085,-0.0326,0.1810,0.284,-3.852,200.855,0.000,-1.564,2.111,0.004,-0.031,0.012,-1.416,8.894,2.111,0.004,-0.031,0.012,0.06,-0.10,1,2
196615,0.067,0.005,1.005,0.158,2.561,-0.017,0.9829,0.0086,-0.0321,0.1810,0.308,-3.803,200.853,0.000,-1.564,2.111,0.002,-0.031,0.012,-1.416,8.894,2.111,0.002,-0.031,0.012,0.06,-0.04,1,2
196632,0.066,0.005,1.004,0.217,2.578,-0.034,0.9829,0.0084,-0.0319,0.1810,0.287,-3.767,200.855,0.000,-1.564,2.111,0.002,-0.031,0.012,-1.416,8.894,2.111,0.002,-0.031,0.012,0.07,0.41,1,2
196641,0.066,0.005,1.004,0.156,2.579,-0.085,0.9829,0.0084,-0.0317,0.1810,0.291,-3.744,200.854,0.000,-1.564,2.111,0.002,-0.031,0.012,-1.416,8.894,2.111,0.002,-0.031,0.012,0.07,0.41,1,2
196655,0.066,0.005,1.005,0.172,2.587,-0.090,0.9829,0.0085,-0.0315,0.1810,0.302,-3.731,200.852,0.000,-1.564,2.111,0.002,-0.031,0.012,-1.416,8.894,2.111,0.002,-0.031,0.012,0.08,0.39,1,2
196665,0.065,0.005,1.005,0.160,2.599,-0.105,0.9829,0.0085,-0.0315,0.1810,0.305,-3.729,200.852,0.000,-1.564,2.111,0.002,-0.031,0.012,-1.416,8.894,2.111,0.002,-0.031,0.012,0.08,0.39,1,2
196679,0.065,0.005,1.005,0.089,2.590,-0.052,0.9830,0.0084,-0.0310,0.1809,0.306,-3.666,200.850,0.000,-1.564,2.111,0.002,-0.031,0.012,-1.416,8.894,2.111,0.002,-0.031,0.012,0.09,0.37,1,2
196691,0.064,0.006,1.005,0.094,2.565,0.018,0.9830,0.0086,-0.0308,0.1809,0.329,-3.646,200.849,0.000,-1.564,2.111,0.002,-0.031,0.012,-1.416,8.894,2.111,0.002,-0.031,0.012,0.09,0.32,1,2
196702,0.063,0.006,1.005,0.101,2.587,0.108,0.9830,0.0083,-0.0304,0.1810,0.310,-3.600,200.852,0.000,-1.564,2.111,0.002,-0.031,0.012,-1.416,8.894,2.111,0.002,-0.031,0.012,0.09,0.32,1,2
196713,0.063,0.006,1.005,0.025,2.586,0.066,0.9830,0.0085,-0.0302,0.1810,0.332,-3.580,200.851,0.000,-1.564,2.111,0.002,-0.031,0.012,-1.416,8.894,2.111,0.002,-0.031,0.012,0.09,-0.00,1,2
196730,0.062,0.006,1.005,0.085,2.606,0.091,0.9830,0.0083,-0.0301,0.1810,0.318,-3.562,200.853,0.000,-1.564,2.111,0.002,-0.031,0.012,-1.416,8.894,2.111,0.002,-0.031,0.012,0.09,-0.00,1,2
196742,0.062,0.006,1.005,0.035,2.639,0.101,0.9830,0.0082,-0.0297,0.1810,0.314,-3.515,200.856,0.000,-1.564,2.111,0.002,-0.031,0.012,-1.416,8.894,2.111,0.004,-0.031,0.012,0.09,-0.00,1,2
196756,0.061,0.006,1.005,0.066,2.584,0.081,0.9830,0.0082,-0.0294,0.1810,0.311,-3.479,200.857,0.000,-1.564,2.111,0.004,-0.031,0.012,-1.416,8.894,2.111,0.004,-0.031,0.012,0.10,0.06,1,2
197092,0.047,0.006,1.005,0.268,1.514,-0.271,0.9832,0.0070,-0.0221,0.1811,0.328,-2.637,200.870,0.000,-1.564,2.111,0.709,-0.026,0.012,-1.416,8.894,2.111,0.732,-0.026,0.012,0.16,0.91,1,2
197118,0.046,0.006,1.004,0.315,1.315,-0.225,0.9832,0.0070,-0.0219,0.1811,0.331,-2.616,200.863,0.000,-1.564,2.111,0.641,-0.027,0.012,-1.416,8.894,2.111,0.663,-0.027,0.012,0.19,0.87,1,2
197132,0.046,0.006,1.004,0.074,1.262,-0.108,0.9832,0.0073,-0.0217,0.1811,0.368,-2.602,200.859,0.000,-1.564,2.111,0.618,-0.027,0.012,-1.416,8.894,2.111,0.618,-0.027,0.012,0.19,0.75,1,2
197144,0.046,0.006,1.004,0.111,1.203,0.053,0.9832,0.0073,-0.0219,0.1811,0.368,-2.615,200.859,0.000,-1.564,2.111,0.563,-0.027,0.012,-1.416,8.894,2.111,0.575,-0.027,0.012,0.19,0.75,1,2
197156,0.045,0.007,1.004,-0.022,1.137,0.215,0.9832,0.0074,-0.0215,0.1811,0.394,-2.574,200.860,0.000,-1.564,2.111,0.519,-0.027,0.012,-1.416,8.894,2.111,0.519,-0.027,0.012,0.20,0.07,1,2
197163,0.045,0.007,1.004,0.027,1.080,0.252,0.9832,0.0073,-0.0216,0.1811,0.374,-2.584,200.863,0.000,-1.564,2.111,0.501,-0.027,0.012,-1.416,8.894,2.111,0.501,-0.027,0.012,0.20,0.07,1,2
197178,0.045,0.007,1.004,-0.121,0.955,0.325,0.9832,0.0073,-0.0212,0.1811,0.385,-2.547,200.866,0.000,-1.564,2.111,0.420,-0.027,0.012,-1.416,8.894,2.111,0.420,-0.027,0.012,0.20,0.07,1,2
197191,0.044,0.007,1.004,-0.123,0.854,0.279,0.9832,0.0071,-0.0211,0.1812,0.360,-2.528,200.872,0.000,-1.564,2.111,0.334,-0.027,0.012,-1.416,8.894,2.111,0.334,-0.027,0.012,0.20,0.06,1,2
197198,0.044,0.006,1.004,0.128,0.818,0.217,0.9832,0.0070,-0.0211,0.1812,0.357,-2.522,200.874,0.000,-1.564,2.111,0.223,-0.027,0.012,-1.416,8.894,2.111,0.299,-0.027,0.012,0.20,0.06,1,2
197210,0.044,0.006,1.004,-0.023,0.748,0.108,0.9832,0.0070,-0.0209,0.1812,0.356,-2.503,200.876,0.000,-1.564,2.111,0.137,-0.027,0.012,-1.416,8.894,2.111,0.137,-0.027,0.012,0.20,0.01,1,2
197222,0.044,0.006,1.004,0.193,0.648,-0.034,0.9832,0.0069,-0.0207,0.1812,0.343,-2.475,200.876,0.000,-1.564,2.111,0.004,-0.027,0.012,-1.416,8.894,2.111,0.004,-0.027,0.012,0.19,0.01,1,2
197235,0.043,0.006,1.004,-0.113,0.571,-0.165,0.9832,0.0068,-0.0210,0.1812,0.326,-2.503,200.876,0.000,-1.564,2.111,0.002,-0.027,0.012,-1.416,8.894,2.111,0.002,-0.027,0.012,0.19,-0.46,1,2
197244,0.044,0.006,1.003,0.110,0.560,-0.188,0.9832,0.0068,-0.0208,0.1812,0.332,-2.485,200.874,0.000,-1.564,2.111,0.002,-0.029,0.012,-1.416,8.894,2.111,0.002,-0.029,0.012,0.18,-0.46,1,2
197256,0.043,0.006,1.003,0.062,0.492,-0.236,0.9832,0.0067,-0.0207,0.1812,0.324,-2.477,200.872,0.000,-1.564,2.111,0.000,-0.031,0.012,-1.416,8.894,2.111,0.000,-0.031,0.012,0.18,-0.44,1,2
197266,0.044,0.006,1.002,0.198,0.386,-0.196,0.9832,0.0070,-0.0211,0.1811,0.347,-2.525,200.869,0.000,-1.564,2.111,0.000,-0.031,0.012,-1.416,8.894,2.111,0.000,-0.031,0.012,0.17,-0.44,1,2
197276,0.042,0.007,1.006,0.151,0.318,-0.131,0.9832,0.0071,-0.0199,0.1811,0.382,-2.388,200.866,0.000,-1.564,2.111,0.000,-0.031,0.012,-1.416,8.894,2.111,0.000,-0.031,0.012,0.17,-0.35,1,2
197296,0.043,0.007,1.003,0.226,0.137,-0.004,0.9832,0.0072,-0.0203,0.1811,0.390,-2.435,200.864,0.000,-1.564,2.111,-0.001,-0.031,0.012,-1.416,8.894,2.111,-0.001,-0.031,0.012,0.18,0.21,1,2
197307,0.043,0.007,1.003,0.269,0.086,-0.033,0.9832,0.0070,-0.0202,0.1811,0.367,-2.424,200.865,0.000,-1.564,2.111,0.000,-0.031,0.012,-1.416,8.894,2.111,0.000,-0.031,0.012,0.18,0.21,1,2
197321,0.043,0.006,1.003,0.104,0.026,-0.036,0.9832,0.0068,-0.0204,0.1811,0.342,-2.437,200.865,0.000,-1.564,2.111,0.000,-0.031,0.012,-1.416,8.894,2.111,0.000,-0.031,0.012,0.18,0.20,1,2
197331,0.042,0.006,1.003,0.182,-0.030,-0.003,0.9832,0.0068,-0.0200,0.1811,0.355,-2.399,200.865,0.000,-1.564,2.111,0.000,-0.031,0.012,-1.416,8.894,2.111,0.000,-0.031,0.012,0.19,0.22,1,2
197342,0.042,0.006,1.003,-0.060,-0.038,0.042,0.9832,0.0069,-0.0202,0.1811,0.365,-2.418,200.865,0.000,-1.564,2.111,0.000,-0.031,0.012,-1.416,8.894,2.111,0.000,-0.031,0.012,0.19,0.22,1,2
197354,0.042,0.006,1.003,-0.092,-0.162,0.111,0.9832,0.0066,-0.0200,0.1811,0.323,-2.394,200.867,0.000,-1.564,2.111,0.000,-0.031,0.012,-1.416,8.894,2.111,0.000,-0.031,0.012,0.20,0.51,1,2
197364,0.042,0.006,1.003,-0.114,-0.270,0.154,0.9832,0.0066,-0.0200,0.1811,0.324,-2.396,200.868,0.000,-1.564,2.111,0.000,-0.031,0.012,-1.416,8.894,2.111,0.000,-0.031,0.012,0.20,0.51,1,2
197384,0.042,0.006,1.004,-0.227,-0.379,0.229,0.9832,0.0069,-0.0199,0.1812,0.364,-2.388,200.871,0.000,-1.564,2.111,0.000,-0.031,0.012,-1.416,8.894,2.111,0.000,-0.031,0.012,0.21,0.49,1,2
197712,0.046,0.006,1.004,-0.214,-2.030,0.238,0.9831,0.0072,-0.0219,0.1813,0.358,-2.616,200.891,0.000,-1.564,2.111,0.000,-0.031,0.012,-1.416,8.894,2.111,0.000,-0.031,0.012,0.31,1.03,1,2
197735,0.047,0.006,1.005,-0.107,-2.134,0.100,0.9831,0.0071,-0.0222,0.1814,0.339,-2.653,200.895,0.000,-1.564,2.111,-0.031,-0.031,0.012,-1.416,8.894,2.111,-0.031,-0.031,0.012,0.33,0.91,1,2
197747,0.047,0.006,1.005,-0.108,-2.163,0.118,0.9831,0.0072,-0.0224,0.1814,0.341,-2.677,200.896,0.000,-1.564,2.111,-0.071,-0.031,0.012,-1.416,8.894,2.111,-0.071,-0.031,0.012,0.33,0.91,1,2
197760,0.047,0.006,1.005,-0.018,-2.251,0.018,0.9831,0.0074,-0.0226,0.1814,0.363,-2.702,200.895,0.000,-1.564,2.111,-0.134,-0.031,0.012,-1.416,8.894,2.111,-0.134,-0.031,0.012,0.33,0.23,1,2
197783,0.048,0.006,1.005,0.129,-2.286,-0.030,0.9831,0.0072,-0.0231,0.1814,0.327,-2.752,200.896,0.000,-1.564,2.111,-0.284,-0.031,0.012,-1.416,8.894,2.111,-0.258,-0.031,0.012,0.34,0.22,1,2
197792,0.048,0.006,1.005,-0.063,-2.328,-0.033,0.9831,0.0071,-0.0231,0.1814,0.317,-2.750,200.896,0.000,-1.564,2.111,-0.336,-0.031,0.012,-1.416,8.894,2.111,-0.284,-0.031,0.012,0.34,0.19,1,2
197804,0.049,0.005,1.004,0.234,-2.357,0.008,0.9831,0.0071,-0.0235,0.1814,0.306,-2.798,200.897,0.000,-1.564,2.111,-0.380,-0.019,0.012,-1.416,8.894,2.111,-0.380,-0.019,0.012,0.34,0.19,1,2
197818,0.049,0.006,1.005,-0.257,-2.345,0.087,0.9831,0.0073,-0.0234,0.1814,0.333,-2.788,200.896,0.000,-1.564,2.111,-0.461,-0.016,0.012,-1.416,8.894,2.111,-0.461,-0.016,0.012,0.34,0.01,1,2
197832,0.050,0.005,1.005,-0.168,-2.476,0.116,0.9831,0.0072,-0.0237,0.1814,0.317,-2.826,200.898,0.000,-1.564,2.111,-0.554,0.007,0.012,-1.416,8.894,2.111,-0.528,-0.004,0.012,0.34,0.01,1,2
197840,0.051,0.005,1.003,-0.215,-2.494,0.133,0.9831,0.0072,-0.0243,0.1814,0.305,-2.891,200.899,0.000,-1.564,2.111,-0.610,0.008,0.012,-1.416,8.894,2.111,-0.610,0.008,0.012,0.34,0.01,1,2
197860,0.051,0.005,1.006,-0.161,-2.414,0.000,0.9831,0.0072,-0.0241,0.1814,0.308,-2.870,200.900,0.000,-1.564,2.111,-0.737,0.035,0.012,-1.416,8.894,2.111,-0.716,0.035,0.012,0.34,0.02,1,2
197867,0.051,0.006,1.006,0.160,-2.504,0.041,0.9831,0.0075,-0.0246,0.1814,0.337,-2.930,200.899,0.000,-1.564,2.111,-0.760,0.035,0.012,-1.416,8.894,2.111,-0.760,0.035,0.012,0.34,0.02,1,2
197884,0.051,0.006,1.006,-0.067,-2.579,0.104,0.9831,0.0076,-0.0246,0.1814,0.351,-2.931,200.899,0.000,-1.564,2.111,-0.791,0.052,0.012,-1.416,8.894,2.111,-0.791,0.052,0.012,0.34,0.06,1,2
197897,0.052,0.005,1.004,0.072,-2.262,-0.105,0.9831,0.0073,-0.0253,0.1814,0.295,-3.001,200.902,0.000,-1.564,2.111,-0.791,0.052,0.012,-1.416,8.894,2.111,-0.791,0.052,0.012,0.34,0.06,1,2
197912,0.052,0.005,1.005,0.117,-2.239,-0.149,0.9831,0.0073,-0.0255,0.1814,0.290,-3.025,200.900,0.000,-1.564,2.111,-0.791,0.051,0.012,-1.416,8.894,2.111,-0.791,0.051,0.012,0.34,0.05,1,2
197924,0.053,0.006,1.004,-0.031,-2.477,0.009,0.9831,0.0075,-0.0255,0.1814,0.318,-3.031,200.897,0.000,-1.564,2.111,-0.791,0.038,0.012,-1.416,8.894,2.111,-0.791,0.038,0.012,0.34,0.05,1,2
197932,0.054,0.005,1.004,0.056,-2.517,0.139,0.9830,0.0074,-0.0258,0.1814,0.303,-3.057,200.899,0.000,-1.564,2.111,-0.791,0.038,0.012,-1.416,8.894,2.111,-0.791,0.038,0.012,0.34,0.04,1,2
197946,0.054,0.005,1.004,-0.057,-2.688,0.097,0.9830,0.0074,-0.0262,0.1814,0.287,-3.105,200.901,0.000,-1.564,2.111,-0.791,0.035,0.012,-1.416,8.894,2.111,-0.791,0.035,0.012,0.34,0.04,1,2
197960,0.055,0.006,1.005,-0.088,-2.563,0.058,0.9830,0.0078,-0.0263,0.1814,0.332,-3.128,200.899,0.000,-1.564,2.111,-0.791,0.023,0.012,-1.416,8.894,2.111,-0.791,0.023,0.012,0.34,-0.02,1,2
197972,0.055,0.006,1.004,-0.079,-2.526,0.075,0.9830,0.0078,-0.0265,0.1814,0.332,-3.155,200.900,0.000,-1.564,2.111,-0.791,0.023,0.012,-1.416,8.894,2.111,-0.791,0.023,0.012,0.34,-0.02,1,2
197984,0.056,0.006,1.004,-0.095,-2.609,0.105,0.9830,0.0079,-0.0268,0.1814,0.336,-3.183,200.900,0.000,-1.564,2.111,-0.791,0.021,0.012,-1.416,8.894,2.111,-0.791,0.021,0.012,0.34,-0.02,1,2
197994,0.056,0.006,1.005,-0.088,-2.487,0.111,0.9830,0.0080,-0.0268,0.1814,0.344,-3.182,200.901,0.000,-1.564,2.111,-0.791,0.021,0.012,-1.416,8.894,2.111,-0.791,0.021,0.012,0.34,0.00,1,2
198003,0.057,0.006,1.005,-0.174,-2.535,0.141,0.9830,0.0079,-0.0272,0.1814,0.331,-3.226,200.902,0.000,-1.564,2.111,-0.791,0.020,0.012,-1.416,8.894,2.111,-0.791,0.020,0.012,0.35,0.00,1,2
198015,0.057,0.006,1.004,-0.243,-2.670,0.258,0.9830,0.0080,-0.0274,0.1814,0.331,-3.250,200.904,0.000,-1.564,2.111,-0.791,0.020,0.012,-1.416,8.894,2.111,-0.791,0.020,0.012,0.35,0.16,1,2
198355,0.070,0.005,1.004,-0.058,-1.497,0.114,0.9827,0.0089,-0.0340,0.1817,0.297,-4.012,200.936,0.000,-1.564,2.111,-0.004,-0.031,0.012,-1.416,8.894,2.111,-0.004,-0.031,0.012,0.34,-0.04,1,2
198473,0.072,0.007,1.008,-0.075,-0.807,0.241,0.9827,0.0098,-0.0352,0.1817,0.377,-4.170,200.940,0.000,-1.564,2.111,0.002,-0.031,0.012,-1.416,8.894,2.111,0.002,-0.031,0.012,0.36,0.16,1,2
198484,0.076,0.005,0.999,0.033,-0.787,0.261,0.9827,0.0096,-0.0355,0.1818,0.345,-4.198,200.945,0.000,-1.564,2.111,0.002,-0.031,0.012,-1.416,8.894,2.111,0.002,-0.031,0.012,0.36,0.16,1,2
198499,0.075,0.005,1.002,-0.122,-0.721,0.090,0.9826,0.0095,-0.0362,0.1818,0.318,-4.275,200.950,0.000,-1.564,2.111,0.002,-0.031,0.012,-1.416,8.894,2.111,0.002,-0.031,0.012,0.36,0.15,1,2
198507,0.075,0.005,1.002,-0.107,-0.671,0.057,0.9826,0.0093,-0.0362,0.1818,0.294,-4.277,200.952,0.000,-1.564,2.111,0.002,-0.031,0.012,-1.416,8.894,2.111,0.002,-0.031,0.012,0.36,0.15,1,2
198521,0.075,0.005,1.003,-0.103,-0.571,0.085,0.9826,0.0092,-0.0362,0.1818,0.289,-4.268,200.954,0.000,-1.564,2.111,0.004,-0.031,0.012,-1.416,8.894,2.111,0.004,-0.031,0.012,0.37,0.15,1,2
198532,0.075,0.005,1.003,-0.015,-0.429,0.080,0.9826,0.0092,-0.0360,0.1818,0.292,-4.248,200.954,0.000,-1.564,2.111,0.004,-0.031,0.012,-1.416,8.894,2.111,0.004,-0.031,0.012,0.37,0.21,1,2
198542,0.075,0.005,1.004,-0.174,-0.409,-0.008,0.9826,0.0092,-0.0364,0.1818,0.274,-4.291,200.956,0.000,-1.564,2.111,0.004,-0.031,0.012,-1.416,8.894,2.111,0.004,-0.031,0.012,0.37,0.21,1,2
198554,0.075,0.005,1.004,0.081,-0.253,-0.034,0.9826,0.0094,-0.0361,0.1818,0.311,-4.267,200.953,0.000,-1.564,2.111,0.004,-0.031,0.012,-1.416,8.894,2.111,0.004,-0.031,0.012,0.37,0.20,1,2
198563,0.075,0.005,1.004,0.076,-0.245,-0.030,0.9826,0.0095,-0.0362,0.1818,0.315,-4.276,200.952,0.000,-1.564,2.111,0.004,-0.031,0.012,-1.416,8.894,2.111,0.004,-0.031,0.012,0.38,0.20,1,2
198584,0.075,0.005,1.004,0.272,-0.125,-0.144,0.9826,0.0093,-0.0364,0.1818,0.290,-4.295,200.953,0.000,-1.564,2.111,0.004,-0.031,0.012,-1.416,8.894,2.111,0.004,-0.031,0.012,0.37,0.16,1,2
198596,0.075,0.005,1.004,0.270,-0.033,-0.104,0.9826,0.0093,-0.0364,0.1818,0.290,-4.292,200.951,0.000,-1.564,2.111,0.004,-0.031,0.012,-1.416,8.894,2.111,0.004,-0.031,0.012,0.37,-0.17,1,2
198604,0.075,0.005,1.004,0.149,0.024,-0.069,0.9826,0.0089,-0.0363,0.1818,0.249,-4.276,200.954,0.000,-1.564,2.111,0.004,-0.031,0.012,-1.416,8.894,2.111,0.004,-0.031,0.012,0.37,-0.17,1,2
198619,0.075,0.005,1.004,0.171,0.129,-0.032,0.9826,0.0091,-0.0366,0.1818,0.269,-4.287,200.952,0.000,-1.564,2.111,0.004,-0.031,0.012,-1.416,8.894,2.111,0.004,-0.031,0.012,0.37,-0.16,1,2
198632,0.075,0.005,1.004,-0.024,0.255,0.020,0.9826,0.0091,-0.0365,0.1818,0.270,-4.305,200.952,0.000,-1.564,2.111,0.004,-0.031,0.012,-1.416,8.894,2.111,0.004,-0.031,0.012,0.37,-0.15,1,2
198644,0.075,0.005,1.004,-0.085,0.389,0.049,0.9826,0.0093,-0.0364,0.1818,0.291,-4.297,200.951,0.000,-1.564,2.111,0.004,-0.031,0.012,-1.416,8.894,2.111,0.004,-0.031,0.012,0.36,-0.15,1,2
198652,0.075,0.005,1.004,-0.071,0.414,0.104,0.9826,0.0093,-0.0364,0.1818,0.293,-4.301,200.951,0.000,-1.564,2.111,0.004,-0.031,0.012,-1.416,8.894,2.111,0.004,-0.031,0.012,0.36,-0.11,1,2
198670,0.075,0.006,1.004,-0.041,0.479,0.217,0.9826,0.0097,-0.0363,0.1818,0.337,-4.299,200.951,0.000,-1.564,2.111,0.004,-0.031,0.012,-1.416,8.894,2.111,0.004,-0.031,0.012,0.37,0.16,1,2
198682,0.075,0.006,1.004,0.018,0.566,0.211,0.9826,0.0097,-0.0363,0.1818,0.337,-4.292,200.953,0.000,-1.564,2.111,0.004,-0.031,0.012,-1.416,8.894,2.111,0.004,-0.031,0.012,0.37,0.16,1,2
198695,0.075,0.006,1.004,0.064,0.635,0.144,0.9826,0.0095,-0.0363,0.1818,0.312,-4.285,200.957,0.000,-1.564,2.111,0.004,-0.031,0.012,-1.416,8.894,2.111,0.004,-0.031,0.012,0.37,0.15,1,2
198704,0.075,0.006,1.004,0.071,0.716,0.117,0.9826,0.0095,-0.0363,0.1819,0.312,-4.284,200.958,0.000,-1.564,2.111,0.004,-0.031,0.012,-1.416,8.894,2.111,0.004,-0.031,0.012,0.37,0.15,1,2
198716,0.075,0.005,1.004,0.107,0.831,0.064,0.9826,0.0092,-0.0362,0.1819,0.280,-4.275,200.962,0.000,-1.564,2.111,0.004,-0.031,0.012,-1.416,8.894,2.111,0.004,-0.031,0.012,0.37,0.13,1,2
198727,0.075,0.005,1.004,0.107,0.863,-0.030,0.9826,0.0090,-0.0362,0.1819,0.258,-4.268,200.964,0.000,-1.564,2.111,0.004,-0.031,0.012,-1.416,8.894,2.111,0.004,-0.031,0.012,0.37,0.13,1,2
198740,0.075,0.004,1.004,0.141,0.980,-0.080,0.9826,0.0088,-0.0362,0.1819,0.238,-4.265,200.965,0.000,-1.564,2.111,0.004,-0.031,0.012,-1.416,8.894,2.111,0.004,-0.031,0.012,0.37,-0.02,1,2
199052,0.067,0.006,1.004,0.253,2.311,-0.132,0.9827,0.0088,-0.0324,0.1819,0.319,-3.832,200.968,0.000,-1.564,2.111,0.176,-0.031,0.012,-1.416,8.894,2.111,0.176,-0.031,0.012,0.32,-0.27,1,2
199079,0.066,0.005,1.004,0.299,2.314,-0.313,0.9828,0.0085,-0.0320,0.1819,0.292,-3.786,200.963,0.000,-1.564,2.111,0.367,-0.027,0.012,-1.416,8.894,2.111,0.356,-0.027,0.012,0.32,-0.26,1,2
199091,0.066,0.005,1.005,0.327,2.402,-0.289,0.9828,0.0084,-0.0316,0.1819,0.287,-3.739,200.961,0.000,-1.564,2.111,0.367,-0.027,0.012,-1.416,8.894,2.111,0.367,-0.027,0.012,0.31,-0.24,1,2
199104,0.066,0.005,1.004,0.251,2.392,-0.217,0.9828,0.0087,-0.0316,0.1819,0.316,-3.747,200.956,0.000,-1.564,2.111,0.367,-0.027,0.012,-1.416,8.894,2.111,0.367,-0.027,0.012,0.31,-0.24,1,2
199113,0.065,0.006,1.005,0.336,2.367,-0.159,0.9828,0.0087,-0.0313,0.1818,0.331,-3.713,200.954,0.000,-1.564,2.111,0.369,-0.027,0.012,-1.416,8.894,2.111,0.369,-0.027,0.012,0.31,-0.26,1,2
199126,0.065,0.006,1.004,0.064,2.429,-0.062,0.9828,0.0087,-0.0313,0.1818,0.332,-3.707,200.953,0.000,-1.564,2.111,0.369,-0.027,0.012,-1.416,8.894,2.111,0.369,-0.027,0.012,0.30,-0.26,1,2
199131,0.065,0.006,1.004,0.025,2.438,-0.044,0.9828,0.0089,-0.0311,0.1818,0.354,-3.694,200.951,0.000,-1.564,2.111,0.370,-0.027,0.012,-1.416,8.894,2.111,0.369,-0.027,0.012,0.30,-0.26,1,2
199144,0.064,0.007,1.004,-0.129,2.481,0.234,0.9828,0.0090,-0.0309,0.1818,0.368,-3.674,200.953,0.000,-1.564,2.111,0.369,-0.029,0.012,-1.416,8.894,2.111,0.369,-0.029,0.012,0.29,-0.50,1,2
199161,0.064,0.007,1.005,-0.154,2.477,0.432,0.9828,0.0091,-0.0308,0.1819,0.389,-3.657,200.957,0.000,-1.564,2.111,0.343,-0.029,0.012,-1.416,8.894,2.111,0.343,-0.029,0.012,0.28,-0.47,1,2
199178,0.063,0.006,1.005,-0.120,2.475,0.466,0.9828,0.0087,-0.0304,0.1820,0.350,-3.608,200.968,0.000,-1.564,2.111,0.330,-0.027,0.012,-1.416,8.894,2.111,0.330,-0.027,0.012,0.28,-0.41,1,2
199186,0.063,0.006,1.005,-0.152,2.429,0.448,0.9828,0.0086,-0.0304,0.1820,0.331,-3.610,200.972,0.000,-1.564,2.111,0.319,-0.027,0.012,-1.416,8.894,2.111,0.319,-0.027,0.012,0.28,-0.41,1,2
199194,0.063,0.006,1.005,-0.041,2.434,0.313,0.9828,0.0084,-0.0301,0.1820,0.317,-3.567,200.976,0.000,-1.564,2.111,0.319,-0.027,0.012,-1.416,8.894,2.111,0.319,-0.027,0.012,0.28,-0.01,1,2
199212,0.062,0.005,1.005,0.144,2.379,-0.020,0.9828,0.0080,-0.0297,0.1821,0.281,-3.512,200.981,0.000,-1.564,2.111,0.307,-0.027,0.012,-1.416,8.894,2.111,0.307,-0.027,0.012,0.28,-0.01,1,2
199222,0.061,0.005,1.005,0.415,2.377,-0.268,0.9828,0.0079,-0.0294,0.1820,0.281,-3.476,200.979,0.000,-1.564,2.111,0.296,-0.027,0.012,-1.416,8.894,2.111,0.296,-0.027,0.012,0.28,-0.01,1,2
199232,0.061,0.005,1.005,0.446,2.336,-0.425,0.9828,0.0078,-0.0293,0.1820,0.268,-3.469,200.977,0.000,-1.564,2.111,0.296,-0.027,0.012,-1.416,8.894,2.111,0.296,-0.027,0.012,0.28,-0.01,1,2
199246,0.061,0.005,1.005,0.458,2.382,-0.506,0.9828,0.0078,-0.0291,0.1820,0.272,-3.439,200.971,0.000,-1.564,2.111,0.296,-0.027,0.012,-1.416,8.894,2.111,0.296,-0.027,0.012,0.28,-0.01,1,2
199260,0.060,0.005,1.005,0.380,2.348,-0.481,0.9829,0.0080,-0.0289,0.1819,0.297,-3.419,200.964,0.000,-1.564,2.111,0.296,-0.027,0.012,-1.416,8.894,2.111,0.296,-0.027,0.012,0.28,-0.04,1,2
199274,0.059,0.006,1.005,0.291,2.345,-0.364,0.9829,0.0080,-0.0284,0.1819,0.307,-3.373,200.957,0.000,-1.564,2.111,0.296,-0.027,0.012,-1.416,8.894,2.111,0.296,-0.027,0.012,0.28,-0.04,1,2
199287,0.059,0.006,1.005,0.149,2.391,-0.123,0.9829,0.0084,-0.0282,0.1818,0.357,-3.355,200.951,0.000,-1.564,2.111,0.298,-0.027,0.012,-1.416,8.894,2.111,0.298,-0.027,0.012,0.28,-0.04,1,2
199303,0.058,0.007,1.005,-0.014,2.334,0.187,0.9829,0.0084,-0.0279,0.1818,0.363,-3.321,200.952,0.000,-1.564,2.111,0.309,-0.027,0.012,-1.416,8.894,2.111,0.298,-0.027,0.012,0.27,-0.09,1,2
199310,0.058,0.007,1.005,-0.036,2.333,0.265,0.9829,0.0083,-0.0278,0.1818,0.359,-3.309,200.953,0.000,-1.564,2.111,0.309,-0.027,0.012,-1.416,8.894,2.111,0.309,-0.027,0.012,0.27,-0.09,1,2
199322,0.057,0.006,1.005,-0.132,2.296,0.458,0.9829,0.0083,-0.0273,0.1819,0.368,-3.255,200.958,0.000,-1.564,2.111,0.323,-0.027,0.012,-1.416,8.894,2.111,0.323,-0.027,0.012,0.26,-0.53,1,2
199337,0.057,0.006,1.005,-0.229,2.284,0.489,0.9829,0.0081,-0.0270,0.1820,0.345,-3.209,200.968,0.000,-1.564,2.111,0.343,-0.027,0.012,-1.416,8.894,2.111,0.343,-0.027,0.012,0.25,-0.50,1,2
199352,0.056,0.006,1.005,-0.080,2.249,0.289,0.9829,0.0078,-0.0269,0.1820,0.319,-3.196,200.975,0.000,-1.564,2.111,0.356,-0.027,0.012,-1.416,8.894,2.111,0.356,-0.027,0.012,0.25,-0.48,1,2
199660,0.045,0.006,1.004,-0.051,1.011,0.221,0.9830,0.0069,-0.0215,0.1822,0.329,-2.563,201.000,0.000,-1.564,2.111,0.272,-0.031,0.012,-1.416,8.894,2.111,0.272,-0.031,0.012,0.21,0.52,1,2
199687,0.045,0.006,1.004,-0.006,0.741,0.060,0.9830,0.0067,-0.0212,0.1823,0.310,-2.523,201.004,0.000,-1.564,2.111,0.031,-0.031,0.012,-1.416,8.894,2.111,0.059,-0.031,0.012,0.22,0.49,1,2
199701,0.044,0.006,1.004,0.022,0.671,-0.051,0.9830,0.0068,-0.0212,0.1823,0.330,-2.528,201.004,0.000,-1.564,2.111,0.007,-0.031,0.012,-1.416,8.894,2.111,0.007,-0.031,0.012,0.23,0.47,1,2
199711,0.044,0.006,1.004,0.081,0.598,0.010,0.9830,0.0067,-0.0213,0.1823,0.313,-2.544,201.004,0.000,-1.564,2.111,0.007,-0.031,0.012,-1.416,8.894,2.111,0.007,-0.031,0.012,0.23,0.47,1,2
199721,0.044,0.006,1.004,-0.014,0.510,-0.020,0.9830,0.0070,-0.0210,0.1823,0.346,-2.510,201.003,0.000,-1.564,2.111,0.007,-0.031,0.012,-1.416,8.894,2.111,0.007,-0.031,0.012,0.24,0.49,1,2
199732,0.044,0.006,1.004,0.096,0.487,0.033,0.9830,0.0071,-0.0209,0.1823,0.368,-2.500,201.002,0.000,-1.564,2.111,0.007,-0.031,0.012,-1.416,8.894,2.111,0.007,-0.031,0.012,0.24,0.49,1,2
199742,0.044,0.006,1.003,0.105,0.382,-0.014,0.9830,0.0069,-0.0212,0.1823,0.332,-2.528,201.003,0.000,-1.564,2.111,0.004,-0.031,0.012,-1.416,8.894,2.111,0.004,-0.031,0.012,0.25,0.46,1,2
199753,0.044,0.006,1.003,0.123,0.290,-0.008,0.9830,0.0070,-0.0209,0.1823,0.347,-2.504,201.003,0.000,-1.564,2.111,0.004,-0.031,0.012,-1.416,8.894,2.111,0.004,-0.031,0.012,0.25,0.40,1,2
199760,0.043,0.006,1.006,0.016,0.268,0.009,0.9830,0.0070,-0.0209,0.1823,0.350,-2.503,201.003,0.000,-1.564,2.111,0.004,-0.031,0.012,-1.416,8.894,2.111,0.004,-0.031,0.012,0.25,0.40,1,2
199776,0.043,0.006,1.004,0.193,0.170,-0.036,0.9830,0.0068,-0.0205,0.1823,0.338,-2.456,201.004,0.000,-1.564,2.111,0.004,-0.031,0.012,-1.416,8.894,2.111,0.004,-0.031,0.012,0.25,-0.02,1,2
199786,0.043,0.006,1.004,0.261,0.127,-0.085,0.9830,0.0069,-0.0207,0.1823,0.346,-2.476,201.003,0.000,-1.564,2.111,0.004,-0.031,0.012,-1.416,8.894,2.111,0.004,-0.031,0.012,0.25,-0.02,1,2
199799,0.043,0.006,1.004,0.168,0.083,-0.178,0.9830,0.0068,-0.0207,0.1823,0.329,-2.476,201.002,0.000,-1.564,2.111,0.004,-0.031,0.012,-1.416,8.894,2.111,0.004,-0.031,0.012,0.25,-0.02,1,2
199816,0.043,0.006,1.004,0.170,-0.021,-0.190,0.9830,0.0068,-0.0205,0.1822,0.336,-2.452,200.998,0.000,-1.564,2.111,0.004,-0.031,0.012,-1.416,8.894,2.111,0.004,-0.031,0.012,0.25,-0.01,1,2
199832,0.043,0.006,1.004,0.075,-0.071,-0.129,0.9830,0.0067,-0.0204,0.1822,0.325,-2.436,200.996,0.000,-1.564,2.111,0.004,-0.031,0.012,-1.416,8.894,2.111,0.004,-0.031,0.012,0.25,-0.00,1,2
199842,0.043,0.006,1.004,-0.052,-0.180,0.009,0.9830,0.0068,-0.0203,0.1822,0.346,-2.426,200.994,0.000,-1.564,2.111,0.004,-0.031,0.012,-1.416,8.894,2.111,0.004,-0.031,0.012,0.25,-0.00,1,2
199850,0.042,0.007,1.004,-0.130,-0.199,0.047,0.9830,0.0071,-0.0200,0.1822,0.378,-2.398,200.993,0.000,-1.564,2.111,0.004,-0.031,0.012,-1.416,8.894,2.111,0.004,-0.031,0.012,0.25,0.09,1,2
199866,0.042,0.007,1.005,-0.131,-0.257,0.248,0.9830,0.0071,-0.0200,0.1822,0.385,-2.405,200.995,0.000,-1.564,2.111,0.004,-0.031,0.012,-1.416,8.894,2.111,0.004,-0.031,0.012,0.25,0.09,1,2
199882,0.042,0.007,1.004,-0.107,-0.401,0.392,0.9830,0.0071,-0.0200,0.1823,0.383,-2.408,201.001,0.000,-1.564,2.111,0.004,-0.031,0.012,-1.416,8.894,2.111,0.004,-0.031,0.012,0.25,0.09,1,2
199892,0.042,0.006,1.004,-0.135,-0.430,0.365,0.9830,0.0069,-0.0200,0.1823,0.363,-2.400,201.005,0.000,-1.564,2.111,0.004,-0.031,0.012,-1.416,8.894,2.111,0.004,-0.031,0.012,0.25,0.06,1,2
199903,0.042,0.006,1.004,-0.088,-0.484,0.312,0.9830,0.0069,-0.0200,0.1823,0.361,-2.403,201.008,0.000,-1.564,2.111,0.004,-0.031,0.012,-1.416,8.894,2.111,0.004,-0.031,0.012,0.25,0.06,1,2
199913,0.042,0.006,1.004,-0.027,-0.591,0.223,0.9830,0.0068,-0.0200,0.1824,0.352,-2.400,201.012,0.000,-1.564,2.111,0.004,-0.031,0.012,-1.416,8.894,2.111,0.004,-0.031,0.012,0.25,-0.17,1,2
199926,0.042,0.005,1.004,0.038,-0.698,0.034,0.9830,0.0066,-0.0202,0.1824,0.316,-2.415,201.015,0.000,-1.564,2.111,0.004,-0.031,0.012,-1.416,8.894,2.111,0.004,-0.031,0.012,0.25,-0.17,1,2
199936,0.042,0.005,1.004,0.086,-0.734,-0.159,0.9830,0.0065,-0.0201,0.1824,0.312,-2.399,201.014,0.000,-1.564,2.111,0.004,-0.031,0.012,-1.416,8.894,2.111,0.004,-0.031,0.012,0.25,-0.16,1,2
199946,0.042,0.006,1.004,0.070,-0.777,-0.290,0.9830,0.0067,-0.0201,0.1823,0.336,-2.406,201.011,0.000,-1.564,2.111,0.004,-0.031,0.012,-1.416,8.894,2.111,0.004,-0.031,0.012,0.24,-0.16,1,2
200248,0.048,0.006,1.004,-0.030,-2.055,0.141,0.9829,0.0075,-0.0228,0.1825,0.363,-2.726,201.027,0.000,-1.564,2.111,0.200,-0.031,0.012,-1.416,8.894,2.111,0.200,-0.031,0.012,0.24,-0.36,1,2
200271,0.048,0.006,1.004,0.215,-2.186,-0.112,0.9829,0.0071,-0.0232,0.1825,0.318,-2.760,201.029,0.000,-1.564,2.111,0.190,-0.029,0.012,-1.416,8.894,2.111,0.190,-0.029,0.012,0.23,-0.40,1,2
200282,0.049,0.006,1.005,0.162,-2.183,-0.181,0.9829,0.0070,-0.0232,0.1825,0.307,-2.762,201.028,0.000,-1.564,2.111,0.177,-0.029,0.012,-1.416,8.894,2.111,0.177,-0.029,0.012,0.22,-0.40,1,2
200297,0.049,0.005,1.005,0.300,-2.169,-0.161,0.9829,0.0071,-0.0237,0.1825,0.307,-2.820,201.025,0.000,-1.564,2.111,0.166,-0.029,0.012,-1.416,8.894,2.111,0.166,-0.029,0.012,0.21,-0.89,1,2
200313,0.050,0.006,1.005,0.087,-2.204,-0.120,0.9829,0.0073,-0.0238,0.1824,0.324,-2.835,201.022,0.000,-1.564,2.111,0.152,-0.029,0.012,-1.416,8.894,2.111,0.152,-0.029,0.012,0.20,-0.84,1,2
200329,0.050,0.006,1.005,-0.219,-2.242,0.043,0.9829,0.0075,-0.0241,0.1824,0.346,-2.877,201.019,0.000,-1.564,2.111,0.129,-0.029,0.012,-1.416,8.894,2.111,0.129,-0.029,0.012,0.18,-0.80,1,2
200344,0.051,0.007,1.005,-0.088,-2.268,0.250,0.9829,0.0079,-0.0242,0.1824,0.388,-2.895,201.019,0.000,-1.564,2.111,0.106,-0.027,0.012,-1.416,8.894,2.111,0.106,-0.027,0.012,0.17,-0.80,1,2
200360,0.051,0.007,1.005,-0.143,-2.247,0.388,0.9829,0.0081,-0.0243,0.1825,0.405,-2.912,201.024,0.000,-1.564,2.111,0.078,-0.027,0.012,-1.416,8.894,2.111,0.078,-0.027,0.012,0.17,-0.67,1,2
200371,0.051,0.007,1.005,-0.115,-2.258,0.390,0.9829,0.0081,-0.0246,0.1825,0.393,-2.946,201.027,0.000,-1.564,2.111,0.066,-0.027,0.012,-1.416,8.894,2.111,0.066,-0.027,0.012,0.17,-0.67,1,2
200378,0.052,0.007,1.005,-0.149,-2.311,0.398,0.9829,0.0079,-0.0246,0.1825,0.378,-2.940,201.032,0.000,-1.564,2.111,0.052,-0.027,0.012,-1.416,8.894,2.111,0.052,-0.027,0.012,0.18,0.20,1,2
200387,0.052,0.006,1.005,-0.088,-2.317,0.345,0.9828,0.0077,-0.0248,0.1826,0.348,-2.955,201.036,0.000,-1.564,2.111,0.038,-0.027,0.012,-1.416,8.894,2.111,0.038,-0.027,0.012,0.18,0.20,1,2
200402,0.052,0.006,1.005,0.064,-2.333,0.169,0.9828,0.0077,-0.0251,0.1826,0.339,-2.990,201.040,0.000,-1.564,2.111,0.012,-0.029,0.012,-1.416,8.894,2.111,0.012,-0.029,0.012,0.18,0.19,1,2
200411,0.053,0.005,1.005,0.024,-2.365,0.084,0.9828,0.0073,-0.0253,0.1826,0.294,-3.000,201.043,0.000,-1.564,2.111,0.012,-0.029,0.012,-1.416,8.894,2.111,0.012,-0.029,0.012,0.18,0.21,1,2
200426,0.053,0.005,1.005,0.068,-2.419,-0.142,0.9828,0.0073,-0.0258,0.1826,0.283,-3.056,201.043,0.000,-1.564,2.111,0.008,-0.029,0.012,-1.416,8.894,2.111,0.008,-0.029,0.012,0.19,0.21,1,2
200440,0.054,0.005,1.005,-0.036,-2.313,-0.266,0.9828,0.0074,-0.0259,0.1826,0.294,-3.075,201.039,0.000,-1.564,2.111,0.008,-0.031,0.012,-1.416,8.894,2.111,0.008,-0.031,0.012,0.20,0.47,1,2
200455,0.055,0.005,1.005,0.046,-2.334,-0.316,0.9828,0.0075,-0.0263,0.1825,0.294,-3.117,201.034,0.000,-1.564,2.111,0.008,-0.031,0.012,-1.416,8.894,2.111,0.008,-0.031,0.012,0.20,0.45,1,2
200462,0.055,0.006,1.005,0.102,-2.355,-0.272,0.9828,0.0078,-0.0262,0.1825,0.333,-3.121,201.030,0.000,-1.564,2.111,0.008,-0.031,0.012,-1.416,8.894,2.111,0.008,-0.031,0.012,0.21,0.45,1,2
200474,0.056,0.006,1.005,0.128,-2.364,-0.115,0.9828,0.0078,-0.0265,0.1825,0.326,-3.150,201.028,0.000,-1.564,2.111,0.008,-0.031,0.012,-1.416,8.894,2.111,0.008,-0.031,0.012,0.21,0.42,1,2
200489,0.056,0.006,1.005,0.118,-2.274,0.039,0.9828,0.0082,-0.0268,0.1825,0.360,-3.192,201.025,0.000,-1.564,2.111,0.008,-0.031,0.012,-1.416,8.894,2.111,0.008,-0.031,0.012,0.22,0.42,1,2
200503,0.057,0.007,1.005,-0.027,-2.288,0.202,0.9828,0.0084,-0.0272,0.1825,0.375,-3.243,201.026,0.000,-1.564,2.111,0.008,-0.031,0.012,-1.416,8.894,2.111,0.008,-0.031,0.012,0.22,0.39,1,2
200507,0.057,0.006,1.005,-0.077,-2.287,0.284,0.9828,0.0082,-0.0272,0.1825,0.360,-3.238,201.028,0.000,-1.564,2.111,0.008,-0.031,0.012,-1.416,8.894,2.111,0.008,-0.031,0.012,0.22,0.39,1,2
200522,0.057,0.006,1.005,-0.163,-2.360,0.389,0.9828,0.0083,-0.0276,0.1825,0.359,-3.284,201.033,0.000,-1.564,2.111,0.008,-0.031,0.012,-1.416,8.894,2.111,0.008,-0.031,0.012,0.23,0.37,1,2
200536,0.058,0.006,1.005,-0.293,-2.293,0.336,0.9828,0.0081,-0.0278,0.1826,0.326,-3.302,201.040,0.000,-1.564,2.111,0.008,-0.031,0.012,-1.416,8.894,2.111,0.008,-0.031,0.012,0.23,0.35,1,2
200551,0.058,0.006,1.005,-0.210,-2.239,0.320,0.9827,0.0081,-0.0281,0.1826,0.320,-3.335,201.045,0.000,-1.564,2.111,0.008,-0.031,0.012,-1.416,8.894,2.111,0.008,-0.031,0.012,0.24,0.32,1,2
200842,0.068,0.008,1.004,-0.031,-1.219,0.293,0.9825,0.0100,-0.0327,0.1829,0.445,-3.889,201.070,0.000,-1.564,2.111,0.769,-0.031,0.012,-1.416,8.894,2.111,0.769,-0.031,0.012,0.25,0.14,1,2
200873,0.069,0.006,1.004,0.227,-1.117,0.046,0.9825,0.0093,-0.0332,0.1829,0.347,-3.935,201.083,0.000,-1.564,2.111,0.769,-0.031,0.012,-1.416,8.894,2.111,0.769,-0.031,0.012,0.25,0.12,1,2
200892,0.069,0.005,1.004,0.187,-1.041,-0.153,0.9825,0.0090,-0.0334,0.1829,0.319,-3.952,201.083,0.000,-1.564,2.111,0.769,-0.031,0.012,-1.416,8.894,2.111,0.769,-0.031,0.012,0.25,0.05,1,2
200902,0.070,0.005,1.004,0.072,-0.974,-0.230,0.9825,0.0088,-0.0335,0.1829,0.294,-3.963,201.083,0.000,-1.564,2.111,0.769,-0.031,0.012,-1.416,8.894,2.111,0.769,-0.031,0.012,0.25,0.05,1,2
200911,0.070,0.006,1.004,0.010,-0.901,-0.255,0.9825,0.0091,-0.0335,0.1829,0.320,-3.970,201.079,0.000,-1.564,2.111,0.769,-0.031,0.012,-1.416,8.894,2.111,0.769,-0.031,0.012,0.25,0.05,1,2
200921,0.070,0.006,1.005,-0.016,-0.861,-0.164,0.9825,0.0095,-0.0337,0.1829,0.361,-3.990,201.074,0.000,-1.564,2.111,0.769,-0.031,0.012,-1.416,8.894,2.111,0.769,-0.031,0.012,0.25,0.05,1,2
200932,0.070,0.006,1.005,-0.055,-0.813,-0.096,0.9825,0.0095,-0.0339,0.1829,0.362,-4.020,201.072,0.000,-1.564,2.111,0.769,-0.031,0.012,-1.416,8.894,2.111,0.769,-0.031,0.012,0.26,0.10,1,2
200944,0.071,0.007,1.005,-0.218,-0.761,0.118,0.9825,0.0098,-0.0338,0.1828,0.395,-4.013,201.070,0.000,-1.564,2.111,0.769,-0.031,0.012,-1.416,8.894,2.111,0.769,-0.031,0.012,0.26,0.10,1,2
200958,0.071,0.007,1.005,-0.012,-0.676,0.266,0.9825,0.0100,-0.0341,0.1829,0.412,-4.056,201.071,0.000,-1.564,2.111,0.769,-0.031,0.012,-1.416,8.894,2.111,0.769,-0.031,0.012,0.27,0.55,1,2
200970,0.071,0.007,1.005,-0.203,-0.577,0.342,0.9825,0.0101,-0.0340,0.1829,0.426,-4.041,201.073,0.000,-1.564,2.111,0.769,-0.031,0.012,-1.416,8.894,2.111,0.769,-0.031,0.012,0.28,0.52,1,2
200984,0.071,0.007,1.005,-0.018,-0.563,0.425,0.9825,0.0097,-0.0343,0.1830,0.369,-4.067,201.084,0.000,-1.564,2.111,0.769,-0.031,0.012,-1.416,8.894,2.111,0.769,-0.031,0.012,0.28,0.52,1,2
200992,0.072,0.006,1.005,-0.111,-0.484,0.338,0.9825,0.0095,-0.0345,0.1830,0.347,-4.081,201.088,0.000,-1.564,2.111,0.769,-0.031,0.012,-1.416,8.894,2.111,0.769,-0.031,0.012,0.28,0.42,1,2
201002,0.072,0.006,1.004,0.132,-0.441,0.222,0.9824,0.0094,-0.0347,0.1830,0.335,-4.107,201.092,0.000,-1.564,2.111,0.769,-0.031,0.012,-1.416,8.894,2.111,0.769,-0.031,0.012,0.28,0.42,1,2
201016,0.072,0.005,1.004,-0.010,-0.344,-0.022,0.9824,0.0089,-0.0347,0.1830,0.271,-4.097,201.098,0.000,-1.564,2.111,0.769,-0.031,0.012,-1.416,8.894,2.111,0.769,-0.031,0.012,0.28,-0.22,1,2
201027,0.072,0.005,1.004,0.152,-0.334,-0.164,0.9824,0.0090,-0.0349,0.1830,0.287,-4.119,201.096,0.000,-1.564,2.111,0.769,-0.031,0.012,-1.416,8.894,2.111,0.769,-0.031,0.012,0.28,-0.22,1,2
201036,0.072,0.005,1.004,0.095,-0.252,-0.273,0.9825,0.0090,-0.0347,0.1830,0.281,-4.100,201.094,0.000,-1.564,2.111,0.769,-0.031,0.012,-1.416,8.894,2.111,0.769,-0.031,0.012,0.27,-0.21,1,2
201047,0.072,0.005,1.004,0.187,-0.251,-0.347,0.9825,0.0091,-0.0349,0.1830,0.299,-4.119,201.090,0.000,-1.564,2.111,0.769,-0.031,0.012,-1.416,8.894,2.111,0.769,-0.031,0.012,0.27,-0.21,1,2
201059,0.072,0.006,1.004,0.107,-0.151,-0.383,0.9825,0.0095,-0.0348,0.1829,0.344,-4.117,201.082,0.000,-1.564,2.111,0.769,-0.031,0.012,-1.416,8.894,2.111,0.769,-0.031,0.012,0.27,-0.20,1,2
201072,0.073,0.006,1.005,0.169,-0.069,-0.205,0.9825,0.0096,-0.0350,0.1829,0.348,-4.146,201.078,0.000,-1.564,2.111,0.769,-0.031,0.012,-1.416,8.894,2.111,0.769,-0.031,0.012,0.27,-0.14,1,2
201082,0.073,0.006,1.005,0.144,-0.044,-0.118,0.9825,0.0098,-0.0349,0.1829,0.373,-4.138,201.075,0.000,-1.564,2.111,0.769,-0.031,0.012,-1.416,8.894,2.111,0.769,-0.031,0.012,0.27,-0.14,1,2
201092,0.073,0.007,1.005,0.110,-0.005,0.083,0.9825,0.0098,-0.0351,0.1829,0.368,-4.161,201.075,0.000,-1.564,2.111,0.769,-0.031,0.012,-1.416,8.894,2.111,0.769,-0.031,0.012,0.28,0.32,1,2
201104,0.073,0.007,1.005,0.055,0.040,0.258,0.9825,0.0098,-0.0351,0.1829,0.370,-4.162,201.077,0.000,-1.564,2.111,0.769,-0.031,0.012,-1.416,8.894,2.111,0.769,-0.031,0.012,0.28,0.32,1,2
201114,0.073,0.006,1.004,0.019,0.057,0.305,0.9824,0.0098,-0.0351,0.1829,0.364,-4.160,201.080,0.000,-1.564,2.111,0.769,-0.031,0.012,-1.416,8.894,2.111,0.769,-0.031,0.012,0.28,0.31,1,2
201135,0.073,0.006,1.004,-0.205,0.254,0.316,0.9824,0.0094,-0.0349,0.1830,0.326,-4.129,201.090,0.000,-1.564,2.111,0.769,-0.031,0.012,-1.416,8.894,2.111,0.769,-0.031,0.012,0.29,0.26,1,2
201444,0.070,0.007,1.004,0.082,1.503,0.154,0.9825,0.0096,-0.0336,0.1830,0.379,-3.993,201.088,0.000,-1.564,2.111,0.196,-0.031,0.012,-1.416,8.894,2.111,0.207,-0.031,0.012,0.28,0.01,1,2
201470,0.070,0.006,1.005,0.073,1.586,0.385,0.9825,0.0093,-0.0334,0.1831,0.350,-3.964,201.098,0.000,-1.564,2.111,0.165,-0.029,0.012,-1.416,8.894,2.111,0.165,-0.029,0.012,0.28,0.03,1,2
201482,0.069,0.006,1.004,-0.028,1.722,0.342,0.9825,0.0091,-0.0334,0.1831,0.321,-3.958,201.106,0.000,-1.564,2.111,0.142,-0.029,0.012,-1.416,8.894,2.111,0.142,-0.029,0.012,0.29,0.28,1,2
201496,0.069,0.005,1.005,-0.257,1.662,0.149,0.9825,0.0089,-0.0333,0.1832,0.306,-3.936,201.110,0.000,-1.564,2.111,0.111,-0.027,0.012,-1.416,8.894,2.111,0.111,-0.027,0.012,0.29,0.27,1,2
201512,0.069,0.005,1.005,-0.002,1.681,0.029,0.9825,0.0088,-0.0330,0.1832,0.299,-3.905,201.112,0.000,-1.564,2.111,0.074,-0.027,0.012,-1.416,8.894,2.111,0.074,-0.027,0.012,0.30,0.26,1,2
201526,0.069,0.005,1.004,0.310,1.727,-0.151,0.9825,0.0087,-0.0329,0.1832,0.285,-3.889,201.113,0.000,-1.564,2.111,0.021,-0.027,0.012,-1.416,8.894,2.111,0.021,-0.027,0.012,0.30,0.26,1,2
201540,0.067,0.005,1.006,0.298,1.874,-0.432,0.9825,0.0086,-0.0322,0.1831,0.292,-3.811,201.107,0.000,-1.564,2.111,0.004,-0.027,0.012,-1.416,8.894,2.111,0.004,-0.027,0.012,0.30,0.23,1,2
201547,0.067,0.005,1.006,0.525,1.883,-0.441,0.9825,0.0087,-0.0323,0.1831,0.302,-3.822,201.104,0.000,-1.564,2.111,0.004,-0.027,0.012,-1.416,8.894,2.111,0.004,-0.027,0.012,0.30,0.23,1,2
201562,0.066,0.005,1.005,0.533,1.864,-0.366,0.9825,0.0086,-0.0321,0.1831,0.297,-3.794,201.098,0.000,-1.564,2.111,0.004,-0.027,0.012,-1.416,8.894,2.111,0.004,-0.027,0.012,0.30,0.13,1,2
201572,0.066,0.005,1.005,0.457,1.913,-0.323,0.9826,0.0087,-0.0316,0.1830,0.313,-3.747,201.094,0.000,-1.564,2.111,0.002,-0.029,0.012,-1.416,8.894,2.111,0.002,-0.029,0.012,0.31,0.12,1,2
201584,0.066,0.005,1.005,0.318,1.917,-0.254,0.9826,0.0087,-0.0315,0.1830,0.316,-3.730,201.092,0.000,-1.564,2.111,0.000,-0.029,0.012,-1.416,8.894,2.111,0.002,-0.029,0.012,0.31,0.12,1,2
201592,0.065,0.006,1.005,0.245,1.992,-0.158,0.9826,0.0087,-0.0313,0.1830,0.321,-3.708,201.089,0.000,-1.564,2.111,0.000,-0.029,0.012,-1.416,8.894,2.111,0.000,-0.029,0.012,0.31,0.09,1,2
201606,0.065,0.006,1.005,0.141,2.007,0.159,0.9826,0.0088,-0.0309,0.1830,0.345,-3.666,201.089,0.000,-1.564,2.111,0.000,-0.029,0.012,-1.416,8.894,2.111,0.000,-0.029,0.012,0.30,0.09,1,2
201616,0.064,0.006,1.005,-0.131,2.045,0.303,0.9826,0.0087,-0.0309,0.1830,0.328,-3.661,201.092,0.000,-1.564,2.111,0.000,-0.031,0.012,-1.416,8.894,2.111,0.000,-0.031,0.012,0.30,-0.12,1,2
201627,0.064,0.006,1.005,-0.228,2.071,0.403,0.9826,0.0088,-0.0307,0.1830,0.350,-3.648,201.095,0.000,-1.564,2.111,0.000,-0.031,0.012,-1.416,8.894,2.111,0.000,-0.031,0.012,0.30,-0.12,1,2
201640,0.064,0.006,1.005,-0.345,2.069,0.506,0.9826,0.0088,-0.0305,0.1831,0.366,-3.638,201.100,0.000,-1.564,2.111,0.000,-0.031,0.012,-1.416,8.894,2.111,0.000,-0.031,0.012,0.30,-0.12,1,2
201650,0.064,0.006,1.005,-0.239,2.084,0.513,0.9826,0.0087,-0.0304,0.1832,0.344,-3.604,201.107,0.000,-1.564,2.111,0.000,-0.031,0.012,-1.416,8.894,2.111,0.000,-0.031,0.012,0.30,-0.11,1,2
201658,0.063,0.006,1.005,-0.180,2.032,0.489,0.9826,0.0087,-0.0302,0.1832,0.345,-3.585,201.110,0.000,-1.564,2.111,-0.001,-0.031,0.012,-1.416,8.894,2.111,-0.001,-0.031,0.012,0.30,-0.11,1,2
201670,0.063,0.006,1.005,-0.091,2.034,0.369,0.9826,0.0086,-0.0301,0.1832,0.334,-3.576,201.115,0.000,-1.564,2.111,-0.001,-0.031,0.012,-1.416,8.894,2.111,-0.001,-0.031,0.012,0.30,-0.14,1,2
201680,0.062,0.006,1.005,0.076,2.057,0.090,0.9826,0.0083,-0.0300,0.1833,0.306,-3.558,201.119,0.000,-1.564,2.111,-0.001,-0.031,0.012,-1.416,8.894,2.111,-0.001,-0.031,0.012,0.30,-0.14,1,2
201696,0.062,0.005,1.005,0.302,2.019,-0.057,0.9826,0.0081,-0.0299,0.1833,0.289,-3.543,201.121,0.000,-1.564,2.111,-0.001,-0.031,0.012,-1.416,8.894,2.111,-0.001,-0.031,0.012,0.29,-0.13,1,2
201706,0.062,0.005,1.005,0.360,2.015,-0.249,0.9826,0.0081,-0.0297,0.1832,0.288,-3.517,201.119,0.000,-1.564,2.111,-0.001,-0.031,0.012,-1.416,8.894,2.111,-0.001,-0.031,0.012,0.29,-0.13,1,2
201720,0.061,0.005,1.004,0.437,2.004,-0.393,0.9826,0.0079,-0.0296,0.1832,0.274,-3.497,201.116,0.000,-1.564,2.111,-0.001,-0.031,0.012,-1.416,8.894,2.111,-0.001,-0.031,0.012,0.29,-0.11,1,2
201738,0.061,0.005,1.004,0.364,1.998,-0.382,0.9826,0.0080,-0.0290,0.1832,0.295,-3.440,201.108,0.000,-1.564,2.111,-0.001,-0.031,0.012,-1.416,8.894,2.111,-0.001,-0.031,0.012,0.29,-0.01,1,2
202043,0.051,0.005,1.004,0.360,1.411,-0.230,0.9827,0.0070,-0.0240,0.1832,0.287,-2.853,201.115,0.000,-1.564,2.111,-0.182,-0.027,0.012,-1.416,8.894,2.111,-0.180,-0.027,0.012,0.28,-0.09,1,2
202071,0.050,0.006,1.004,0.016,1.261,-0.127,0.9828,0.0074,-0.0239,0.1832,0.330,-2.844,201.108,0.000,-1.564,2.111,-0.232,-0.027,0.012,-1.416,8.894,2.111,-0.232,-0.027,0.012,0.27,-0.13,1,2
202083,0.050,0.006,1.004,0.109,1.227,-0.058,0.9828,0.0074,-0.0238,0.1832,0.330,-2.834,201.107,0.000,-1.564,2.111,-0.242,-0.027,0.012,-1.416,8.894,2.111,-0.242,-0.027,0.012,0.27,-0.13,1,2
202090,0.050,0.006,1.004,-0.070,1.148,-0.034,0.9828,0.0075,-0.0239,0.1832,0.342,-2.849,201.106,0.000,-1.564,2.111,-0.242,-0.027,0.012,-1.416,8.894,2.111,-0.242,-0.027,0.012,0.27,-0.12,1,2
202104,0.049,0.006,1.004,0.088,1.142,0.041,0.9828,0.0076,-0.0236,0.1832,0.361,-2.817,201.105,0.000,-1.564,2.111,-0.268,-0.027,0.012,-1.416,8.894,2.111,-0.268,-0.027,0.012,0.27,-0.12,1,2
202116,0.049,0.006,1.004,-0.080,1.154,0.113,0.9828,0.0075,-0.0233,0.1832,0.360,-2.781,201.106,0.000,-1.564,2.111,-0.284,-0.027,0.012,-1.416,8.894,2.111,-0.284,-0.027,0.012,0.27,-0.11,1,2
202124,0.049,0.006,1.003,0.184,1.119,0.192,0.9828,0.0074,-0.0236,0.1832,0.341,-2.813,201.109,0.000,-1.564,2.111,-0.300,-0.027,0.012,-1.416,8.894,2.111,-0.300,-0.027,0.012,0.27,-0.11,1,2
202138,0.048,0.006,1.004,-0.003,1.067,0.137,0.9828,0.0076,-0.0230,0.1832,0.369,-2.753,201.110,0.000,-1.564,2.111,-0.336,-0.027,0.012,-1.416,8.894,2.111,-0.336,-0.027,0.012,0.27,-0.10,1,2
202151,0.048,0.006,1.004,-0.021,0.993,0.084,0.9828,0.0073,-0.0230,0.1832,0.337,-2.749,201.113,0.000,-1.564,2.111,-0.362,-0.026,0.012,-1.416,8.894,2.111,-0.352,-0.027,0.012,0.26,-0.10,1,2
202169,0.048,0.006,1.004,0.063,0.876,0.071,0.9828,0.0073,-0.0227,0.1832,0.340,-2.711,201.114,0.000,-1.564,2.111,-0.383,-0.026,0.012,-1.416,8.894,2.111,-0.383,-0.026,0.012,0.26,-0.09,1,2
202182,0.047,0.006,1.003,0.060,0.797,0.012,0.9828,0.0072,-0.0226,0.1832,0.340,-2.701,201.115,0.000,-1.564,2.111,-0.399,-0.026,0.012,-1.416,8.894,2.111,-0.385,-0.026,0.012,0.26,-0.09,1,2
202187,0.047,0.006,1.004,0.135,0.773,-0.017,0.9828,0.0070,-0.0225,0.1832,0.315,-2.686,201.116,0.000,-1.564,2.111,-0.399,-0.026,0.012,-1.416,8.894,2.111,-0.399,-0.026,0.012,0.26,-0.09,1,2
202200,0.047,0.006,1.003,-0.070,0.741,-0.021,0.9828,0.0071,-0.0224,0.1832,0.327,-2.667,201.115,0.000,-1.564,2.111,-0.429,-0.024,0.012,-1.416,8.894,2.111,-0.425,-0.024,0.012,0.26,-0.03,1,2
202212,0.047,0.006,1.004,0.052,0.677,-0.056,0.9828,0.0072,-0.0224,0.1832,0.342,-2.673,201.114,0.000,-1.564,2.111,-0.453,-0.024,0.012,-1.416,8.894,2.111,-0.453,-0.024,0.012,0.26,-0.03,1,2
202220,0.047,0.006,1.004,0.042,0.647,-0.070,0.9828,0.0072,-0.0224,0.1832,0.345,-2.673,201.114,0.000,-1.564,2.111,-0.453,-0.023,0.012,-1.416,8.894,2.111,-0.453,-0.023,0.012,0.26,-0.03,1,2
202234,0.046,0.006,1.004,0.025,0.572,-0.010,0.9828,0.0074,-0.0222,0.1832,0.366,-2.651,201.112,0.000,-1.564,2.111,-0.481,-0.023,0.012,-1.416,8.894,2.111,-0.479,-0.023,0.012,0.26,-0.03,1,2
202247,0.046,0.006,1.004,0.192,0.513,0.037,0.9828,0.0072,-0.0221,0.1832,0.345,-2.640,201.113,0.000,-1.564,2.111,-0.512,-0.023,0.012,-1.416,8.894,2.111,-0.512,-0.023,0.012,0.26,-0.03,1,2
202258,0.045,0.006,1.004,0.106,0.419,0.031,0.9828,0.0071,-0.0216,0.1832,0.350,-2.581,201.114,0.000,-1.564,2.111,-0.537,-0.023,0.012,-1.416,8.894,2.111,-0.537,-0.023,0.012,0.26,-0.03,1,2
202266,0.046,0.006,1.004,0.189,0.398,0.038,0.9828,0.0070,-0.0217,0.1832,0.332,-2.588,201.115,0.000,-1.564,2.111,-0.554,-0.022,0.012,-1.416,8.894,2.111,-0.554,-0.022,0.012,0.26,-0.03,1,2
202276,0.045,0.006,1.004,0.010,0.407,0.077,0.9828,0.0070,-0.0218,0.1832,0.330,-2.601,201.115,0.000,-1.564,2.111,-0.568,-0.020,0.012,-1.416,8.894,2.111,-0.567,-0.022,0.012,0.26,-0.06,1,2
202291,0.045,0.006,1.004,-0.030,0.321,0.118,0.9828,0.0068,-0.0216,0.1833,0.312,-2.575,201.118,0.000,-1.564,2.111,-0.593,-0.020,0.012,-1.416,8.894,2.111,-0.593,-0.020,0.012,0.26,-0.05,1,2
202304,0.045,0.006,1.004,0.013,0.198,0.108,0.9828,0.0070,-0.0215,0.1833,0.337,-2.564,201.118,0.000,-1.564,2.111,-0.615,-0.019,0.012,-1.416,8.894,2.111,-0.615,-0.019,0.012,0.26,-0.05,1,2
202314,0.045,0.006,1.004,-0.047,0.187,0.179,0.9828,0.0071,-0.0216,0.1833,0.346,-2.586,201.120,0.000,-1.564,2.111,-0.630,-0.004,0.012,-1.416,8.894,2.111,-0.630,-0.004,0.012,0.26,-0.04,1,2
202644,0.046,0.007,1.004,-0.099,-1.466,0.193,0.9827,0.0075,-0.0221,0.1836,0.378,-2.642,201.152,0.000,-1.564,2.111,-0.791,0.000,0.012,-1.416,8.894,2.111,-0.791,0.000,0.012,0.23,-0.14,1,2
202674,0.047,0.006,1.005,-0.019,-1.695,-0.060,0.9827,0.0070,-0.0222,0.1836,0.318,-2.649,201.157,0.000,-1.564,2.111,-0.791,0.000,0.012,-1.416,8.894,2.111,-0.791,0.000,0.012,0.23,-0.20,1,2
202684,0.047,0.006,1.005,0.021,-1.701,-0.120,0.9827,0.0071,-0.0225,0.1836,0.332,-2.683,201.155,0.000,-1.564,2.111,-0.791,0.000,0.012,-1.416,8.894,2.111,-0.791,0.000,0.012,0.23,-0.20,1,2
202696,0.047,0.006,1.005,0.007,-1.705,-0.153,0.9827,0.0073,-0.0226,0.1836,0.346,-2.696,201.152,0.000,-1.564,2.111,-0.791,0.000,0.012,-1.416,8.894,2.111,-0.791,0.000,0.012,0.23,-0.18,1,2
202703,0.048,0.006,1.005,0.019,-1.701,-0.092,0.9827,0.0075,-0.0228,0.1836,0.361,-2.724,201.151,0.000,-1.564,2.111,-0.791,0.000,0.012,-1.416,8.894,2.111,-0.791,0.000,0.012,0.23,-0.18,1,2
202714,0.048,0.007,1.005,0.023,-1.757,-0.201,0.9827,0.0076,-0.0229,0.1835,0.373,-2.743,201.148,0.000,-1.564,2.111,-0.791,0.000,0.012,-1.416,8.894,2.111,-0.791,0.000,0.012,0.22,-0.08,1,2
202726,0.048,0.007,1.005,0.025,-1.788,-0.181,0.9827,0.0076,-0.0231,0.1835,0.374,-2.758,201.147,0.000,-1.564,2.111,-0.791,0.000,0.012,-1.416,8.894,2.111,-0.791,0.000,0.012,0.22,-0.08,1,2
202744,0.049,0.007,1.005,0.063,-1.850,0.037,0.9827,0.0078,-0.0233,0.1835,0.390,-2.783,201.144,0.000,-1.564,2.111,-0.791,0.002,0.012,-1.416,8.894,2.111,-0.791,0.002,0.012,0.22,-0.08,1,2
202751,0.049,0.007,1.005,0.030,-1.907,0.059,0.9827,0.0076,-0.0234,0.1835,0.366,-2.795,201.146,0.000,-1.564,2.111,-0.791,0.002,0.012,-1.416,8.894,2.111,-0.791,0.002,0.012,0.22,-0.07,1,2
202770,0.050,0.006,1.004,-0.076,-1.905,0.179,0.9827,0.0076,-0.0237,0.1835,0.362,-2.830,201.148,0.000,-1.564,2.111,-0.740,-0.011,0.012,-1.416,8.894,2.111,-0.760,-0.011,0.012,0.22,-0.08,1,2
202784,0.050,0.006,1.005,-0.083,-1.899,0.178,0.9827,0.0077,-0.0238,0.1835,0.363,-2.846,201.150,0.000,-1.564,2.111,-0.681,-0.023,0.012,-1.416,8.894,2.111,-0.681,-0.023,0.012,0.22,-0.08,1,2
202793,0.050,0.006,1.004,-0.107,-1.991,0.196,0.9827,0.0075,-0.0240,0.1836,0.336,-2.858,201.153,0.000,-1.564,2.111,-0.637,-0.023,0.012,-1.416,8.894,2.111,-0.658,-0.023,0.012,0.22,-0.20,1,2
202807,0.050,0.006,1.004,-0.108,-1.999,0.183,0.9827,0.0074,-0.0240,0.1836,0.323,-2.861,201.156,0.000,-1.564,2.111,-0.552,-0.023,0.012,-1.416,8.894,2.111,-0.573,-0.023,0.012,0.21,-0.20,1,2
202816,0.051,0.006,1.005,0.000,-2.125,0.115,0.9827,0.0074,-0.0243,0.1836,0.325,-2.899,201.157,0.000,-1.564,2.111,-0.513,-0.023,0.012,-1.416,8.894,2.111,-0.513,-0.023,0.012,0.21,-0.19,1,2
202834,0.051,0.006,1.005,0.039,-2.018,-0.025,0.9827,0.0075,-0.0246,0.1836,0.329,-2.927,201.158,0.000,-1.564,2.111,-0.433,-0.026,0.012,-1.416,8.894,2.111,-0.477,-0.024,0.012,0.21,-0.16,1,2
202842,0.052,0.006,1.004,0.018,-2.044,-0.082,0.9827,0.0074,-0.0250,0.1836,0.305,-2.967,201.158,0.000,-1.564,2.111,-0.417,-0.026,0.012,-1.416,8.894,2.111,-0.417,-0.026,0.012,0.21,-0.16,1,2
202852,0.052,0.006,1.004,0.149,-2.197,-0.107,0.9827,0.0079,-0.0247,0.1836,0.367,-2.952,201.154,0.000,-1.564,2.111,-0.380,-0.026,0.012,-1.416,8.894,2.111,-0.380,-0.026,0.012,0.21,-0.01,1,2
202870,0.053,0.006,1.002,0.159,-2.317,0.011,0.9826,0.0078,-0.0257,0.1836,0.337,-3.054,201.155,0.000,-1.564,2.111,-0.321,-0.027,0.012,-1.416,8.894,2.111,-0.343,-0.027,0.012,0.21,-0.01,1,2
202881,0.054,0.005,1.003,0.142,-2.228,-0.029,0.9826,0.0076,-0.0259,0.1836,0.312,-3.076,201.156,0.000,-1.564,2.111,-0.299,-0.027,0.012,-1.416,8.894,2.111,-0.321,-0.027,0.012,0.21,-0.01,1,2
202894,0.054,0.006,1.002,0.093,-2.189,-0.063,0.9826,0.0078,-0.0263,0.1836,0.331,-3.122,201.154,0.000,-1.564,2.111,-0.269,-0.027,0.012,-1.416,8.894,2.111,-0.269,-0.027,0.012,0.21,0.03,1,2
202905,0.055,0.006,1.002,-0.185,-2.172,0.078,0.9826,0.0080,-0.0262,0.1836,0.355,-3.116,201.153,0.000,-1.564,2.111,-0.253,-0.027,0.012,-1.416,8.894,2.111,-0.253,-0.027,0.012,0.22,0.03,1,2
202914,0.055,0.006,1.002,-0.086,-2.196,0.141,0.9826,0.0083,-0.0263,0.1836,0.377,-3.134,201.152,0.000,-1.564,2.111,-0.238,-0.029,0.012,-1.416,8.894,2.111,-0.238,-0.029,0.012,0.22,0.36,1,2
202930,0.055,0.006,1.002,-0.128,-2.200,0.231,0.9826,0.0082,-0.0264,0.1836,0.364,-3.143,201.155,0.000,-1.564,2.111,-0.208,-0.029,0.012,-1.416,8.894,2.111,-0.222,-0.029,0.012,0.22,0.36,1,2
203246,0.065,0.005,1.005,0.070,-1.577,-0.096,0.9824,0.0086,-0.0311,0.1837,0.315,-3.690,201.171,0.000,-1.564,2.111,-0.004,-0.031,0.012,-1.416,8.894,2.111,-0.004,-0.031,0.012,0.21,-0.39,1,2
203271,0.066,0.006,1.005,-0.070,-1.517,0.145,0.9824,0.0090,-0.0317,0.1837,0.349,-3.759,201.169,0.000,-1.564,2.111,-0.004,-0.031,0.012,-1.416,8.894,2.111,-0.004,-0.031,0.012,0.21,0.23,1,2
203284,0.066,0.006,1.005,-0.167,-1.398,0.171,0.9824,0.0090,-0.0318,0.1837,0.349,-3.777,201.171,0.000,-1.564,2.111,-0.004,-0.031,0.012,-1.416,8.894,2.111,-0.004,-0.031,0.012,0.22,0.23,1,2
203292,0.066,0.006,1.005,-0.095,-1.389,0.231,0.9824,0.0091,-0.0319,0.1837,0.349,-3.786,201.172,0.000,-1.564,2.111,-0.004,-0.031,0.012,-1.416,8.894,2.111,-0.004,-0.031,0.012,0.22,0.25,1,2
203305,0.067,0.006,1.005,-0.157,-1.368,0.295,0.9824,0.0091,-0.0321,0.1837,0.349,-3.803,201.175,0.000,-1.564,2.111,-0.004,-0.031,0.012,-1.416,8.894,2.111,-0.004,-0.031,0.012,0.23,0.25,1,2
203320,0.067,0.006,1.005,-0.148,-1.223,0.243,0.9824,0.0091,-0.0323,0.1838,0.345,-3.831,201.180,0.000,-1.564,2.111,-0.001,-0.031,0.012,-1.416,8.894,2.111,-0.001,-0.031,0.012,0.23,0.52,1,2
203338,0.068,0.005,1.005,0.001,-1.178,0.146,0.9824,0.0087,-0.0325,0.1838,0.294,-3.845,201.186,0.000,-1.564,2.111,-0.001,-0.031,0.012,-1.416,8.894,2.111,-0.001,-0.031,0.012,0.24,0.49,1,2
203351,0.068,0.005,1.005,0.119,-1.104,-0.006,0.9824,0.0085,-0.0327,0.1838,0.268,-3.861,201.189,0.000,-1.564,2.111,-0.001,-0.031,0.012,-1.416,8.894,2.111,-0.001,-0.031,0.012,0.25,0.42,1,2
203362,0.068,0.005,1.005,0.168,-1.090,-0.152,0.9824,0.0084,-0.0330,0.1838,0.256,-3.895,201.189,0.000,-1.564,2.111,-0.001,-0.031,0.012,-1.416,8.894,2.111,-0.001,-0.031,0.012,0.25,0.42,1,2
203382,0.069,0.005,1.005,0.131,-1.023,-0.244,0.9824,0.0087,-0.0331,0.1838,0.279,-3.907,201.183,0.000,-1.564,2.111,0.000,-0.031,0.012,-1.416,8.894,2.111,0.000,-0.031,0.012,0.25,-0.04,1,2
203391,0.069,0.005,1.004,0.115,-0.987,-0.240,0.9824,0.0086,-0.0333,0.1838,0.267,-3.932,201.182,0.000,-1.564,2.111,0.000,-0.031,0.012,-1.416,8.894,2.111,0.000,-0.031,0.012,0.24,-0.04,1,2
203401,0.069,0.005,1.004,0.124,-0.937,-0.164,0.9824,0.0089,-0.0334,0.1837,0.298,-3.947,201.178,0.000,-1.564,2.111,0.000,-0.031,0.012,-1.416,8.894,2.111,0.000,-0.031,0.012,0.24,-0.04,1,2
203415,0.069,0.006,1.005,0.009,-0.875,-0.015,0.9824,0.0090,-0.0333,0.1837,0.317,-3.947,201.175,0.000,-1.564,2.111,0.000,-0.031,0.012,-1.416,8.894,2.111,0.000,-0.031,0.012,0.25,0.05,1,2
203424,0.069,0.006,1.005,-0.010,-0.803,0.039,0.9824,0.0091,-0.0334,0.1837,0.317,-3.954,201.175,0.000,-1.564,2.111,0.000,-0.031,0.012,-1.416,8.894,2.111,0.000,-0.031,0.012,0.26,0.05,1,2
203434,0.070,0.006,1.005,-0.062,-0.719,0.144,0.9824,0.0091,-0.0335,0.1837,0.340,-3.969,201.175,0.000,-1.564,2.111,0.000,-0.031,0.012,-1.416,8.894,2.111,0.000,-0.031,0.012,0.27,0.84,1,2
203447,0.070,0.006,1.005,-0.083,-0.624,0.199,0.9823,0.0092,-0.0337,0.1837,0.328,-3.996,201.178,0.000,-1.564,2.111,0.000,-0.031,0.012,-1.416,8.894,2.111,0.000,-0.031,0.012,0.28,0.84,1,2
203456,0.070,0.006,1.005,-0.107,-0.566,0.233,0.9823,0.0092,-0.0338,0.1838,0.325,-4.004,201.180,0.000,-1.564,2.111,0.000,-0.031,0.012,-1.416,8.894,2.111,0.000,-0.031,0.012,0.28,0.80,1,2
203466,0.070,0.005,1.004,-0.087,-0.507,0.254,0.9823,0.0090,-0.0338,0.1838,0.299,-4.000,201.184,0.000,-1.564,2.111,0.000,-0.031,0.012,-1.416,8.894,2.111,0.000,-0.031,0.012,0.29,0.80,1,2
203476,0.071,0.005,1.004,-0.098,-0.401,0.251,0.9823,0.0089,-0.0340,0.1838,0.291,-4.013,201.187,0.000,-1.564,2.111,0.000,-0.031,0.012,-1.416,8.894,2.111,0.000,-0.031,0.012,0.30,0.76,1,2
203495,0.071,0.005,1.005,-0.144,-0.406,0.147,0.9823,0.0087,-0.0342,0.1839,0.262,-4.036,201.193,0.000,-1.564,2.111,0.000,-0.031,0.012,-1.416,8.894,2.111,0.000,-0.031,0.012,0.32,0.78,1,2
203506,0.071,0.005,1.005,-0.063,-0.403,0.003,0.9823,0.0087,-0.0342,0.1839,0.259,-4.040,201.194,0.000,-1.564,2.111,0.000,-0.031,0.012,-1.416,8.894,2.111,0.000,-0.031,0.012,0.33,0.78,1,2
203514,0.071,0.005,1.005,-0.023,-0.346,-0.031,0.9823,0.0088,-0.0341,0.1839,0.271,-4.024,201.193,0.000,-1.564,2.111,0.000,-0.031,0.012,-1.416,8.894,2.111,0.000,-0.031,0.012,0.34,1.29,1,2
203524,0.071,0.005,1.005,0.061,-0.223,-0.150,0.9823,0.0088,-0.0343,0.1838,0.267,-4.047,201.192,0.000,-1.564,2.111,0.000,-0.031,0.012,-1.416,8.894,2.111,0.000,-0.031,0.012,0.36,1.29,1,2
203530,0.071,0.005,1.005,0.098,-0.230,-0.164,0.9823,0.0088,-0.0343,0.1838,0.272,-4.049,201.191,0.000,-1.564,2.111,0.000,-0.031,0.012,-1.416,8.894,2.111,0.000,-0.031,0.012,0.36,1.29,1,2
203886,0.069,0.006,1.004,0.139,1.390,0.132,0.9823,0.0090,-0.0333,0.1839,0.315,-3.939,201.195,0.000,-1.564,2.111,-0.239,-0.026,0.012,-1.416,8.894,2.111,-0.239,-0.026,0.012,0.32,-0.42,1,2
203911,0.068,0.005,1.004,0.039,1.408,0.046,0.9823,0.0090,-0.0330,0.1839,0.316,-3.902,201.198,0.000,-1.564,2.111,-0.227,-0.026,0.012,-1.416,8.894,2.111,-0.238,-0.026,0.012,0.32,0.01,1,2
203922,0.068,0.006,1.004,0.173,1.463,0.013,0.9823,0.0091,-0.0330,0.1839,0.325,-3.905,201.198,0.000,-1.564,2.111,-0.216,-0.026,0.012,-1.416,8.894,2.111,-0.216,-0.026,0.012,0.32,0.01,1,2
203932,0.068,0.005,1.004,0.143,1.593,-0.023,0.9823,0.0086,-0.0329,0.1839,0.280,-3.889,201.201,0.000,-1.564,2.111,-0.216,-0.026,0.012,-1.416,8.894,2.111,-0.216,-0.026,0.012,0.32,0.01,1,2
203945,0.068,0.005,1.004,0.209,1.636,-0.060,0.9824,0.0087,-0.0327,0.1839,0.286,-3.872,201.201,0.000,-1.564,2.111,-0.193,-0.027,0.012,-1.416,8.894,2.111,-0.205,-0.027,0.012,0.32,0.01,1,2
203956,0.068,0.005,1.004,0.060,1.644,-0.094,0.9824,0.0087,-0.0326,0.1839,0.297,-3.856,201.199,0.000,-1.564,2.111,-0.180,-0.027,0.012,-1.416,8.894,2.111,-0.180,-0.027,0.012,0.31,-0.02,1,2
203964,0.067,0.005,1.004,0.081,1.646,-0.071,0.9824,0.0088,-0.0325,0.1839,0.303,-3.851,201.198,0.000,-1.564,2.111,-0.180,-0.027,0.012,-1.416,8.894,2.111,-0.180,-0.027,0.012,0.31,-0.02,1,2
203977,0.067,0.005,1.004,0.168,1.699,-0.068,0.9824,0.0087,-0.0323,0.1839,0.296,-3.820,201.198,0.000,-1.564,2.111,-0.169,-0.027,0.012,-1.416,8.894,2.111,-0.169,-0.027,0.012,0.31,-0.23,1,2
203992,0.067,0.006,1.004,0.119,1.767,-0.041,0.9824,0.0088,-0.0321,0.1839,0.319,-3.802,201.196,0.000,-1.564,2.111,-0.169,-0.027,0.012,-1.416,8.894,2.111,-0.169,-0.027,0.012,0.31,-0.22,1,2
204004,0.067,0.006,1.004,-0.022,1.764,0.024,0.9824,0.0087,-0.0321,0.1839,0.306,-3.803,201.197,0.000,-1.564,2.111,-0.169,-0.027,0.012,-1.416,8.894,2.111,-0.169,-0.027,0.012,0.30,-0.22,1,2
204011,0.066,0.006,1.004,0.038,1.815,0.086,0.9824,0.0089,-0.0321,0.1839,0.323,-3.800,201.196,0.000,-1.564,2.111,-0.169,-0.027,0.012,-1.416,8.894,2.111,-0.169,-0.027,0.012,0.30,-0.18,1,2
204026,0.066,0.006,1.005,-0.018,1.813,0.106,0.9824,0.0088,-0.0317,0.1839,0.326,-3.752,201.198,0.000,-1.564,2.111,-0.170,-0.027,0.012,-1.416,8.894,2.111,-0.170,-0.027,0.012,0.30,-0.18,1,2
204041,0.066,0.006,1.004,-0.000,1.865,0.124,0.9824,0.0088,-0.0314,0.1839,0.326,-3.718,201.200,0.000,-1.564,2.111,-0.183,-0.027,0.012,-1.416,8.894,2.111,-0.183,-0.027,0.012,0.31,0.08,1,2
204054,0.065,0.005,1.004,0.010,1.886,0.121,0.9824,0.0086,-0.0313,0.1840,0.310,-3.710,201.203,0.000,-1.564,2.111,-0.185,-0.027,0.012,-1.416,8.894,2.111,-0.183,-0.027,0.012,0.31,0.08,1,2
204066,0.065,0.005,1.004,0.127,1.823,0.050,0.9824,0.0086,-0.0311,0.1840,0.310,-3.687,201.204,0.000,-1.564,2.111,-0.185,-0.027,0.012,-1.416,8.894,2.111,-0.185,-0.027,0.012,0.31,0.08,1,2
204076,0.065,0.005,1.004,0.079,1.809,0.045,0.9824,0.0084,-0.0311,0.1840,0.288,-3.679,201.206,0.000,-1.564,2.111,-0.185,-0.027,0.012,-1.416,8.894,2.111,-0.185,-0.027,0.012,0.32,0.15,1,2
204100,0.064,0.005,1.004,0.171,1.824,-0.129,0.9824,0.0082,-0.0307,0.1840,0.281,-3.637,201.206,0.000,-1.564,2.111,-0.185,-0.027,0.012,-1.416,8.894,2.111,-0.185,-0.027,0.012,0.34,0.84,1,2
204110,0.064,0.005,1.004,0.190,1.891,-0.109,0.9824,0.0083,-0.0305,0.1840,0.295,-3.606,201.204,0.000,-1.564,2.111,-0.185,-0.027,0.012,-1.416,8.894,2.111,-0.185,-0.027,0.012,0.34,0.84,1,2
204121,0.063,0.005,1.004,0.163,1.935,-0.135,0.9824,0.0083,-0.0304,0.1840,0.289,-3.598,201.203,0.000,-1.564,2.111,-0.185,-0.027,0.012,-1.416,8.894,2.111,-0.185,-0.027,0.012,0.35,0.80,1,2
204136,0.063,0.005,1.004,0.150,1.922,-0.041,0.9824,0.0083,-0.0301,0.1840,0.297,-3.569,201.201,0.000,-1.564,2.111,-0.182,-0.027,0.012,-1.416,8.894,2.111,-0.182,-0.027,0.012,0.35,0.67,1,2
204143,0.062,0.005,1.004,0.131,1.943,-0.010,0.9824,0.0084,-0.0299,0.1839,0.317,-3.544,201.200,0.000,-1.564,2.111,-0.182,-0.027,0.012,-1.416,8.894,2.111,-0.182,-0.027,0.012,0.35,0.67,1,2
204156,0.062,0.005,1.004,0.110,1.926,0.054,0.9824,0.0082,-0.0298,0.1840,0.299,-3.528,201.202,0.000,-1.564,2.111,-0.180,-0.027,0.012,-1.416,8.894,2.111,-0.180,-0.027,0.012,0.35,-0.20,1,2
204174,0.061,0.006,1.004,-0.008,1.938,0.107,0.9824,0.0084,-0.0296,0.1840,0.317,-3.511,201.202,0.000,-1.564,2.111,-0.178,-0.027,0.012,-1.416,8.894,2.111,-0.178,-0.027,0.012,0.35,-0.19,1,2
204184,0.061,0.006,1.004,0.001,1.922,0.207,0.9824,0.0083,-0.0294,0.1840,0.315,-3.486,201.204,0.000,-1.564,2.111,-0.169,-0.027,0.012,-1.416,8.894,2.111,-0.169,-0.027,0.012,0.34,-0.19,1,2
204530,0.050,0.005,1.004,0.098,1.213,-0.106,0.9826,0.0072,-0.0237,0.1841,0.310,-2.827,201.213,0.000,-1.564,2.111,0.004,-0.031,0.012,-1.416,8.894,2.111,0.004,-0.031,0.012,0.25,-0.08,1,2
204553,0.049,0.006,1.004,-0.043,1.138,0.067,0.9826,0.0076,-0.0235,0.1841,0.358,-2.810,201.210,0.000,-1.564,2.111,0.004,-0.031,0.012,-1.416,8.894,2.111,0.004,-0.031,0.012,0.24,-0.09,1,2
204570,0.049,0.006,1.004,0.027,1.026,0.143,0.9826,0.0077,-0.0232,0.1841,0.373,-2.777,201.212,0.000,-1.564,2.111,0.004,-0.031,0.012,-1.416,8.894,2.111,0.004,-0.031,0.012,0.24,-0.09,1,2
204580,0.049,0.006,1.004,0.001,0.943,0.200,0.9826,0.0075,-0.0233,0.1841,0.356,-2.784,201.214,0.000,-1.564,2.111,0.004,-0.031,0.012,-1.416,8.894,2.111,0.004,-0.031,0.012,0.24,-0.09,1,2
204591,0.049,0.006,1.004,0.013,0.926,0.235,0.9826,0.0074,-0.0231,0.1841,0.344,-2.759,201.216,0.000,-1.564,2.111,0.004,-0.031,0.012,-1.416,8.894,2.111,0.004,-0.031,0.012,0.24,-0.09,1,2
204602,0.048,0.006,1.004,0.073,0.955,0.217,0.9826,0.0072,-0.0232,0.1841,0.322,-2.761,201.221,0.000,-1.564,2.111,0.004,-0.031,0.012,-1.416,8.894,2.111,0.004,-0.031,0.012,0.24,-0.08,1,2
204616,0.048,0.006,1.004,-0.002,0.841,0.134,0.9826,0.0070,-0.0229,0.1842,0.307,-2.725,201.224,0.000,-1.564,2.111,0.004,-0.031,0.012,-1.416,8.894,2.111,0.004,-0.031,0.012,0.24,-0.06,1,2
204623,0.048,0.005,1.004,0.020,0.770,0.081,0.9826,0.0069,-0.0226,0.1842,0.302,-2.695,201.225,0.000,-1.564,2.111,0.004,-0.031,0.012,-1.416,8.894,2.111,0.004,-0.031,0.012,0.24,-0.06,1,2
204636,0.047,0.005,1.004,-0.001,0.747,-0.009,0.9826,0.0070,-0.0227,0.1842,0.304,-2.707,201.225,0.000,-1.564,2.111,0.004,-0.031,0.012,-1.416,8.894,2.111,0.004,-0.031,0.012,0.24,-0.06,1,2
204650,0.047,0.005,1.005,0.113,0.707,-0.044,0.9826,0.0069,-0.0224,0.1842,0.302,-2.672,201.225,0.000,-1.564,2.111,0.002,-0.031,0.012,-1.416,8.894,2.111,0.002,-0.031,0.012,0.24,-0.05,1,2
204664,0.047,0.005,1.005,0.112,0.625,-0.066,0.9826,0.0068,-0.0225,0.1842,0.292,-2.683,201.225,0.000,-1.564,2.111,0.002,-0.031,0.012,-1.416,8.894,2.111,0.002,-0.031,0.012,0.24,-0.05,1,2
204672,0.047,0.005,1.005,0.103,0.593,-0.077,0.9826,0.0069,-0.0223,0.1842,0.306,-2.660,201.224,0.000,-1.564,2.111,0.002,-0.031,0.012,-1.416,8.894,2.111,0.002,-0.031,0.012,0.24,-0.02,1,2
204682,0.047,0.006,1.005,0.149,0.534,-0.042,0.9826,0.0069,-0.0223,0.1842,0.308,-2.656,201.223,0.000,-1.564,2.111,0.002,-0.031,0.012,-1.416,8.894,2.111,0.002,-0.031,0.012,0.24,-0.02,1,2
204696,0.046,0.006,1.004,0.159,0.484,-0.010,0.9826,0.0072,-0.0220,0.1841,0.349,-2.631,201.221,0.000,-1.564,2.111,0.002,-0.031,0.012,-1.416,8.894,2.111,0.002,-0.031,0.012,0.24,0.26,1,2
204711,0.046,0.006,1.004,0.100,0.408,0.044,0.9826,0.0072,-0.0222,0.1842,0.340,-2.648,201.221,0.000,-1.564,2.111,0.000,-0.031,0.012,-1.416,8.894,2.111,0.000,-0.031,0.012,0.25,0.26,1,2
204714,0.046,0.006,1.004,0.076,0.379,0.096,0.9826,0.0072,-0.0221,0.1842,0.341,-2.641,201.222,0.000,-1.564,2.111,0.000,-0.031,0.012,-1.416,8.894,2.111,0.000,-0.031,0.012,0.25,0.25,1,2
204724,0.046,0.006,1.004,0.046,0.316,0.108,0.9826,0.0071,-0.0221,0.1842,0.339,-2.635,201.223,0.000,-1.564,2.111,0.000,-0.031,0.012,-1.416,8.894,2.111,0.000,-0.031,0.012,0.25,0.25,1,2
204731,0.046,0.006,1.004,0.035,0.305,0.104,0.9826,0.0072,-0.0219,0.1842,0.355,-2.618,201.223,0.000,-1.564,2.111,0.000,-0.031,0.012,-1.416,8.894,2.111,0.000,-0.031,0.012,0.25,0.25,1,2
204744,0.046,0.006,1.004,-0.035,0.228,0.239,0.9826,0.0071,-0.0220,0.1842,0.337,-2.630,201.227,0.000,-1.564,2.111,0.000,-0.031,0.012,-1.416,8.894,2.111,0.000,-0.031,0.012,0.25,0.21,1,2
204760,0.046,0.006,1.004,-0.066,0.239,0.151,0.9826,0.0071,-0.0220,0.1842,0.333,-2.626,201.230,0.000,-1.564,2.111,-0.031,-0.031,0.012,-1.416,8.894,2.111,-0.031,-0.031,0.012,0.25,0.04,1,2
204771,0.046,0.006,1.004,-0.077,0.167,0.036,0.9826,0.0071,-0.0220,0.1842,0.336,-2.623,201.231,0.000,-1.564,2.111,-0.052,-0.031,0.012,-1.416,8.894,2.111,-0.040,-0.031,0.012,0.25,0.04,1,2
204778,0.046,0.006,1.004,-0.035,0.143,0.039,0.9826,0.0071,-0.0219,0.1842,0.339,-2.622,201.231,0.000,-1.564,2.111,-0.052,-0.031,0.012,-1.416,8.894,2.111,-0.052,-0.031,0.012,0.25,0.04,1,2
204794,0.045,0.006,1.004,-0.041,-0.006,0.029,0.9826,0.0071,-0.0217,0.1842,0.343,-2.598,201.232,0.000,-1.564,2.111,-0.094,-0.031,0.012,-1.416,8.894,2.111,-0.094,-0.031,0.012,0.25,0.02,1,2
204812,0.045,0.006,1.004,-0.032,-0.132,-0.015,0.9826,0.0072,-0.0215,0.1842,0.352,-2.578,201.231,0.000,-1.564,2.111,-0.126,-0.031,0.012,-1.416,8.894,2.111,-0.126,-0.031,0.012,0.25,-0.15,1,2
205159,0.048,0.006,1.004,0.014,-1.546,0.030,0.9826,0.0072,-0.0229,0.1844,0.323,-2.734,201.252,0.000,-1.564,2.111,-0.169,-0.029,0.012,-1.416,8.894,2.111,-0.169,-0.029,0.012,0.14,-0.20,1,2
205177,0.048,0.006,1.004,0.016,-1.576,-0.071,0.9825,0.0074,-0.0231,0.1844,0.340,-2.760,201.251,0.000,-1.564,2.111,-0.182,-0.029,0.012,-1.416,8.894,2.111,-0.182,-0.029,0.012,0.14,-0.19,1,2
205192,0.049,0.006,1.004,0.019,-1.561,-0.032,0.9825,0.0074,-0.0233,0.1844,0.342,-2.782,201.250,0.000,-1.564,2.111,-0.203,-0.029,0.012,-1.416,8.894,2.111,-0.203,-0.029,0.012,0.13,-0.18,1,2
205199,0.049,0.006,1.004,0.114,-1.581,-0.006,0.9825,0.0073,-0.0232,0.1844,0.332,-2.771,201.250,0.000,-1.564,2.111,-0.213,-0.029,0.012,-1.416,8.894,2.111,-0.213,-0.029,0.012,0.13,-0.18,1,2
205210,0.049,0.006,1.004,-0.050,-1.638,0.101,0.9825,0.0076,-0.0233,0.1844,0.366,-2.786,201.249,0.000,-1.564,2.111,-0.216,-0.027,0.012,-1.416,8.894,2.111,-0.216,-0.027,0.012,0.13,-0.18,1,2
205224,0.049,0.006,1.004,0.133,-1.702,0.097,0.9825,0.0075,-0.0235,0.1844,0.354,-2.805,201.251,0.000,-1.564,2.111,-0.238,-0.027,0.012,-1.416,8.894,2.111,-0.238,-0.027,0.012,0.13,-0.18,1,2
205240,0.050,0.006,1.004,0.090,-1.698,0.090,0.9825,0.0077,-0.0239,0.1844,0.360,-2.859,201.252,0.000,-1.564,2.111,-0.264,-0.027,0.012,-1.416,8.894,2.111,-0.264,-0.027,0.012,0.13,-0.17,1,2
205251,0.050,0.006,1.004,0.009,-1.724,0.127,0.9825,0.0077,-0.0241,0.1844,0.360,-2.873,201.253,0.000,-1.564,2.111,-0.277,-0.027,0.012,-1.416,8.894,2.111,-0.277,-0.027,0.012,0.12,-0.18,1,2
205261,0.050,0.006,1.004,0.020,-1.773,0.185,0.9825,0.0076,-0.0243,0.1844,0.345,-2.901,201.255,0.000,-1.564,2.111,-0.300,-0.027,0.012,-1.416,8.894,2.111,-0.289,-0.027,0.012,0.12,-0.18,1,2
205271,0.051,0.006,1.004,-0.018,-1.756,0.129,0.9825,0.0076,-0.0243,0.1845,0.343,-2.897,201.257,0.000,-1.564,2.111,-0.303,-0.027,0.012,-1.416,8.894,2.111,-0.303,-0.027,0.012,0.12,-0.34,1,2
205284,0.051,0.006,1.004,0.053,-1.811,0.073,0.9825,0.0076,-0.0245,0.1845,0.338,-2.915,201.257,0.000,-1.564,2.111,-0.316,-0.027,0.012,-1.416,8.894,2.111,-0.316,-0.027,0.012,0.11,-0.34,1,2
205305,0.052,0.006,1.004,0.088,-1.823,0.099,0.9825,0.0075,-0.0247,0.1845,0.340,-2.951,201.259,0.000,-1.564,2.111,-0.327,-0.026,0.012,-1.416,8.894,2.111,-0.327,-0.026,0.012,0.11,-0.32,1,2
205316,0.052,0.006,1.004,-0.003,-1.855,0.051,0.9825,0.0077,-0.0248,0.1845,0.344,-2.954,201.259,0.000,-1.564,2.111,-0.338,-0.026,0.012,-1.416,8.894,2.111,-0.338,-0.026,0.012,0.10,-0.29,1,2
205327,0.052,0.006,1.004,0.117,-1.882,0.062,0.9825,0.0078,-0.0250,0.1845,0.346,-2.977,201.260,0.000,-1.564,2.111,-0.338,-0.026,0.012,-1.416,8.894,2.111,-0.338,-0.026,0.012,0.10,-0.29,1,2
205338,0.052,0.006,1.005,0.013,-1.863,0.028,0.9825,0.0077,-0.0250,0.1845,0.333,-2.980,201.261,0.000,-1.564,2.111,-0.351,-0.026,0.012,-1.416,8.894,2.111,-0.339,-0.026,0.012,0.10,-0.14,1,2
205350,0.053,0.006,1.004,0.076,-1.882,0.056,0.9825,0.0077,-0.0252,0.1845,0.336,-3.005,201.261,0.000,-1.564,2.111,-0.351,-0.026,0.012,-1.416,8.894,2.111,-0.351,-0.026,0.012,0.10,-0.13,1,2
205356,0.053,0.006,1.004,-0.015,-1.863,0.065,0.9825,0.0079,-0.0255,0.1845,0.348,-3.035,201.261,0.000,-1.564,2.111,-0.351,-0.024,0.012,-1.416,8.894,2.111,-0.351,-0.026,0.012,0.10,-0.13,1,2
205369,0.053,0.006,1.004,0.002,-1.925,0.041,0.9825,0.0077,-0.0257,0.1845,0.326,-3.062,201.262,0.000,-1.564,2.111,-0.352,-0.024,0.012,-1.416,8.894,2.111,-0.352,-0.024,0.012,0.10,-0.12,1,2
205384,0.054,0.006,1.004,0.052,-1.951,0.028,0.9825,0.0077,-0.0258,0.1845,0.320,-3.072,201.263,0.000,-1.564,2.111,-0.352,-0.024,0.012,-1.416,8.894,2.111,-0.352,-0.024,0.012,0.10,-0.12,1,2
205391,0.054,0.006,1.005,-0.032,-1.978,0.054,0.9825,0.0077,-0.0257,0.1845,0.323,-3.061,201.263,0.000,-1.564,2.111,-0.354,-0.024,0.012,-1.416,8.894,2.111,-0.354,-0.024,0.012,0.10,-0.04,1,2
205402,0.054,0.006,1.005,-0.046,-1.985,0.107,0.9825,0.0079,-0.0260,0.1845,0.323,-3.085,201.264,0.000,-1.564,2.111,-0.355,-0.024,0.012,-1.416,8.894,2.111,-0.355,-0.024,0.012,0.10,-0.04,1,2
205417,0.055,0.006,1.005,-0.023,-1.920,0.132,0.9824,0.0080,-0.0262,0.1845,0.344,-3.122,201.264,0.000,-1.564,2.111,-0.355,-0.024,0.012,-1.416,8.894,2.111,-0.355,-0.024,0.012,0.10,-0.04,1,2
205427,0.055,0.006,1.005,-0.016,-1.908,0.101,0.9824,0.0078,-0.0263,0.1845,0.322,-3.131,201.267,0.000,-1.564,2.111,-0.357,-0.024,0.012,-1.416,8.894,2.111,-0.357,-0.024,0.012,0.10,-0.04,1,2
205805,0.066,0.005,1.004,0.016,-1.179,0.145,0.9822,0.0086,-0.0319,0.1848,0.296,-3.773,201.296,0.000,-1.564,2.111,-0.551,-0.017,0.012,-1.416,8.894,2.111,-0.551,-0.017,0.012,0.17,0.46,1,2
205926,0.068,0.006,1.004,-0.175,-0.618,0.188,0.9822,0.0092,-0.0326,0.1848,0.341,-3.866,201.297,0.000,-1.564,2.111,-0.601,-0.009,0.012,-1.416,8.894,2.111,-0.601,-0.009,0.012,0.19,0.25,1,2
205936,0.069,0.006,1.004,-0.138,-0.598,0.244,0.9822,0.0094,-0.0330,0.1848,0.359,-3.914,201.298,0.000,-1.564,2.111,-0.610,-0.009,0.012,-1.416,8.894,2.111,-0.601,-0.009,0.012,0.19,0.23,1,2
205945,0.069,0.006,1.004,-0.136,-0.523,0.258,0.9822,0.0092,-0.0330,0.1848,0.336,-3.909,201.302,0.000,-1.564,2.111,-0.610,-0.008,0.012,-1.416,8.894,2.111,-0.610,-0.008,0.012,0.19,0.23,1,2
205960,0.069,0.006,1.004,-0.091,-0.357,0.145,0.9822,0.0091,-0.0331,0.1848,0.322,-3.917,201.305,0.000,-1.564,2.111,-0.627,-0.004,0.012,-1.416,8.894,2.111,-0.627,-0.004,0.012,0.20,0.22,1,2
205971,0.070,0.006,1.004,-0.151,-0.307,0.118,0.9822,0.0092,-0.0334,0.1848,0.333,-3.963,201.305,0.000,-1.564,2.111,-0.637,-0.004,0.012,-1.416,8.894,2.111,-0.637,-0.004,0.012,0.20,0.19,1,2
205978,0.070,0.006,1.004,-0.094,-0.369,0.108,0.9821,0.0090,-0.0335,0.1849,0.306,-3.961,201.308,0.000,-1.564,2.111,-0.637,-0.004,0.012,-1.416,8.894,2.111,-0.637,-0.004,0.012,0.20,0.19,1,2
205990,0.070,0.005,1.004,0.068,-0.454,0.014,0.9821,0.0089,-0.0335,0.1849,0.297,-3.963,201.310,0.000,-1.564,2.111,-0.648,-0.001,0.012,-1.416,8.894,2.111,-0.648,-0.001,0.012,0.20,-0.01,1,2
206002,0.070,0.005,1.004,0.161,-0.400,-0.089,0.9821,0.0090,-0.0335,0.1849,0.299,-3.968,201.309,0.000,-1.564,2.111,-0.650,0.000,0.012,-1.416,8.894,2.111,-0.650,0.000,0.012,0.20,-0.01,1,2
206024,0.070,0.005,1.004,0.223,-0.196,-0.156,0.9821,0.0088,-0.0337,0.1848,0.280,-3.986,201.307,0.000,-1.564,2.111,-0.661,0.004,0.012,-1.416,8.894,2.111,-0.661,0.004,0.012,0.20,-0.01,1,2
206032,0.070,0.005,1.004,0.189,-0.178,-0.143,0.9821,0.0088,-0.0338,0.1848,0.278,-3.990,201.307,0.000,-1.564,2.111,-0.670,0.004,0.012,-1.416,8.894,2.111,-0.661,0.004,0.012,0.20,-0.01,1,2
206050,0.070,0.005,1.004,0.179,-0.086,-0.174,0.9821,0.0087,-0.0338,0.1848,0.261,-3.993,201.306,0.000,-1.564,2.111,-0.681,0.016,0.012,-1.416,8.894,2.111,-0.681,0.016,0.012,0.20,0.01,1,2
206058,0.070,0.005,1.004,0.019,-0.048,-0.067,0.9821,0.0091,-0.0339,0.1848,0.306,-4.006,201.301,0.000,-1.564,2.111,-0.681,0.016,0.012,-1.416,8.894,2.111,-0.681,0.016,0.012,0.20,0.01,1,2
206074,0.070,0.005,1.004,0.067,0.026,0.039,0.9822,0.0091,-0.0338,0.1848,0.311,-3.999,201.300,0.000,-1.564,2.111,-0.693,0.016,0.012,-1.416,8.894,2.111,-0.693,0.016,0.012,0.20,0.01,1,2
206092,0.070,0.006,1.004,-0.091,0.101,0.243,0.9821,0.0093,-0.0338,0.1848,0.331,-4.001,201.302,0.000,-1.564,2.111,-0.708,0.016,0.012,-1.416,8.894,2.111,-0.708,0.016,0.012,0.20,0.00,1,2
206104,0.070,0.005,1.004,-0.061,0.165,0.248,0.9821,0.0090,-0.0338,0.1848,0.301,-3.996,201.307,0.000,-1.564,2.111,-0.721,0.018,0.012,-1.416,8.894,2.111,-0.720,0.018,0.012,0.20,0.00,1,2
206111,0.070,0.005,1.004,-0.061,0.191,0.255,0.9821,0.0090,-0.0338,0.1849,0.303,-3.996,201.307,0.000,-1.564,2.111,-0.721,0.018,0.012,-1.416,8.894,2.111,-0.721,0.018,0.012,0.20,0.00,1,2
206122,0.070,0.005,1.004,-0.007,0.236,0.305,0.9821,0.0090,-0.0337,0.1849,0.297,-3.987,201.312,0.000,-1.564,2.111,-0.744,0.020,0.012,-1.416,8.894,2.111,-0.744,0.020,0.012,0.20,-0.09,1,2
206136,0.070,0.005,1.004,-0.125,0.260,0.183,0.9821,0.0088,-0.0336,0.1849,0.275,-3.971,201.316,0.000,-1.564,2.111,-0.756,0.022,0.012,-1.416,8.894,2.111,-0.745,0.022,0.012,0.20,-0.08,1,2
206147,0.070,0.005,1.004,-0.074,0.286,0.103,0.9821,0.0088,-0.0338,0.1849,0.273,-3.996,201.318,0.000,-1.564,2.111,-0.756,0.023,0.012,-1.416,8.894,2.111,-0.756,0.023,0.012,0.19,-0.08,1,2
206156,0.070,0.004,1.004,-0.017,0.300,0.026,0.9821,0.0086,-0.0339,0.1849,0.246,-3.994,201.320,0.000,-1.564,2.111,-0.756,0.023,0.012,-1.416,8.894,2.111,-0.756,0.023,0.012,0.19,-0.08,1,2
206170,0.070,0.004,1.004,0.126,0.426,-0.036,0.9821,0.0086,-0.0338,0.1849,0.250,-3.991,201.320,0.000,-1.564,2.111,-0.780,0.027,0.012,-1.416,8.894,2.111,-0.780,0.027,0.012,0.19,-0.08,1,2
206186,0.070,0.005,1.004,0.202,0.497,-0.204,0.9821,0.0088,-0.0337,0.1849,0.271,-3.985,201.316,0.000,-1.564,2.111,-0.791,0.039,0.012,-1.416,8.894,2.111,-0.791,0.039,0.012,0.20,-0.05,1,2
206201,0.070,0.005,1.004,0.284,0.640,-0.241,0.9821,0.0089,-0.0339,0.1849,0.286,-4.007,201.312,0.000,-1.564,2.111,-0.791,0.041,0.012,-1.416,8.894,2.111,-0.791,0.041,0.012,0.20,0.13,1,2
206500,0.065,0.004,1.004,0.180,1.474,-0.080,0.9822,0.0079,-0.0315,0.1849,0.228,-3.713,201.317,0.000,-1.564,2.111,-0.791,0.043,0.012,-1.416,8.894,2.111,-0.791,0.043,0.012,0.26,0.28,1,2
206519,0.065,0.004,1.004,0.185,1.499,-0.122,0.9822,0.0081,-0.0315,0.1849,0.239,-3.720,201.315,0.000,-1.564,2.111,-0.791,0.044,0.012,-1.416,8.894,2.111,-0.791,0.044,0.012,0.26,0.26,1,2
206530,0.065,0.005,1.004,0.182,1.548,-0.170,0.9822,0.0082,-0.0313,0.1849,0.259,-3.704,201.311,0.000,-1.564,2.111,-0.791,0.044,0.012,-1.416,8.894,2.111,-0.791,0.044,0.012,0.27,0.25,1,2
206542,0.065,0.005,1.005,0.113,1.575,-0.120,0.9822,0.0083,-0.0312,0.1849,0.269,-3.688,201.309,0.000,-1.564,2.111,-0.791,0.044,0.012,-1.416,8.894,2.111,-0.791,0.044,0.012,0.27,0.25,1,2
206560,0.064,0.006,1.004,0.082,1.504,-0.008,0.9822,0.0088,-0.0308,0.1848,0.340,-3.652,201.304,0.000,-1.564,2.111,-0.762,0.043,0.012,-1.416,8.894,2.111,-0.775,0.043,0.012,0.27,0.22,1,2
206578,0.064,0.006,1.004,0.054,1.519,0.169,0.9822,0.0090,-0.0306,0.1848,0.368,-3.634,201.304,0.000,-1.564,2.111,-0.732,0.028,0.012,-1.416,8.894,2.111,-0.732,0.028,0.012,0.27,0.04,1,2
206590,0.064,0.006,1.004,0.066,1.505,0.150,0.9822,0.0090,-0.0305,0.1849,0.368,-3.627,201.306,0.000,-1.564,2.111,-0.700,0.018,0.012,-1.416,8.894,2.111,-0.716,0.018,0.012,0.27,0.04,1,2
206604,0.063,0.006,1.004,0.010,1.560,0.183,0.9822,0.0088,-0.0303,0.1849,0.345,-3.601,201.309,0.000,-1.564,2.111,-0.690,0.018,0.012,-1.416,8.894,2.111,-0.690,0.018,0.012,0.27,0.04,1,2
206620,0.063,0.006,1.004,-0.005,1.622,0.181,0.9822,0.0086,-0.0301,0.1849,0.329,-3.573,201.314,0.000,-1.564,2.111,-0.669,0.015,0.012,-1.416,8.894,2.111,-0.681,0.016,0.012,0.27,0.04,1,2
206627,0.063,0.006,1.004,-0.022,1.633,0.174,0.9822,0.0085,-0.0302,0.1849,0.313,-3.580,201.316,0.000,-1.564,2.111,-0.658,0.015,0.012,-1.416,8.894,2.111,-0.669,0.015,0.012,0.27,0.04,1,2
206638,0.062,0.005,1.004,0.018,1.531,0.089,0.9822,0.0084,-0.0300,0.1850,0.311,-3.558,201.317,0.000,-1.564,2.111,-0.646,0.000,0.012,-1.416,8.894,2.111,-0.646,0.000,0.012,0.27,0.00,1,2
206649,0.062,0.005,1.004,-0.012,1.410,0.063,0.9822,0.0084,-0.0299,0.1850,0.310,-3.551,201.318,0.000,-1.564,2.111,-0.634,0.000,0.012,-1.416,8.894,2.111,-0.634,0.000,0.012,0.27,0.00,1,2
206655,0.062,0.005,1.004,0.088,1.426,0.041,0.9823,0.0084,-0.0299,0.1850,0.308,-3.544,201.319,0.000,-1.564,2.111,-0.619,0.000,0.012,-1.416,8.894,2.111,-0.634,0.000,0.012,0.27,-0.28,1,2
206663,0.062,0.005,1.004,0.024,1.397,0.006,0.9823,0.0084,-0.0297,0.1850,0.314,-3.519,201.319,0.000,-1.564,2.111,-0.602,0.000,0.012,-1.416,8.894,2.111,-0.602,0.000,0.012,0.26,-0.28,1,2
206681,0.061,0.005,1.004,0.132,1.600,-0.255,0.9823,0.0082,-0.0294,0.1850,0.297,-3.489,201.317,0.000,-1.564,2.111,-0.549,-0.012,0.012,-1.416,8.894,2.111,-0.549,-0.012,0.012,0.26,-0.26,1,2
206692,0.061,0.005,1.004,0.265,1.673,-0.302,0.9823,0.0084,-0.0293,0.1849,0.320,-3.478,201.313,0.000,-1.564,2.111,-0.529,-0.012,0.012,-1.416,8.894,2.111,-0.529,-0.012,0.012,0.26,-0.26,1,2
206706,0.061,0.006,1.004,0.076,1.635,-0.272,0.9823,0.0087,-0.0290,0.1849,0.344,-3.449,201.308,0.000,-1.564,2.111,-0.515,-0.016,0.012,-1.416,8.894,2.111,-0.515,-0.016,0.012,0.25,-0.26,1,2
206716,0.061,0.006,1.003,0.321,1.619,-0.067,0.9823,0.0085,-0.0290,0.1849,0.341,-3.440,201.307,0.000,-1.564,2.111,-0.504,-0.016,0.012,-1.416,8.894,2.111,-0.504,-0.016,0.012,0.25,-0.35,1,2
206734,0.060,0.006,1.003,0.196,1.545,0.156,0.9823,0.0083,-0.0289,0.1849,0.328,-3.430,201.310,0.000,-1.564,2.111,-0.504,-0.017,0.012,-1.416,8.894,2.111,-0.504,-0.017,0.012,0.24,-0.33,1,2
206745,0.060,0.006,1.003,-0.077,1.534,0.110,0.9823,0.0083,-0.0286,0.1849,0.325,-3.394,201.311,0.000,-1.564,2.111,-0.504,-0.017,0.012,-1.416,8.894,2.111,-0.504,-0.017,0.012,0.24,-0.33,1,2
206752,0.059,0.006,1.003,-0.046,1.538,0.183,0.9823,0.0082,-0.0285,0.1849,0.325,-3.381,201.313,0.000,-1.564,2.111,-0.493,-0.019,0.012,-1.416,8.894,2.111,-0.504,-0.017,0.012,0.24,-0.27,1,2
206770,0.059,0.005,1.003,-0.083,1.550,0.223,0.9823,0.0079,-0.0284,0.1850,0.291,-3.362,201.319,0.000,-1.564,2.111,-0.482,-0.020,0.012,-1.416,8.894,2.111,-0.482,-0.020,0.012,0.24,0.10,1,2
206778,0.059,0.005,1.003,0.002,1.503,0.164,0.9823,0.0080,-0.0285,0.1850,0.293,-3.378,201.320,0.000,-1.564,2.111,-0.481,-0.020,0.012,-1.416,8.894,2.111,-0.481,-0.020,0.012,0.24,0.10,1,2
206793,0.058,0.005,1.003,-0.024,1.602,-0.050,0.9823,0.0081,-0.0280,0.1850,0.317,-3.326,201.319,0.000,-1.564,2.111,-0.457,-0.020,0.012,-1.416,8.894,2.111,-0.457,-0.020,0.012,0.24,0.09,1,2
207055,0.052,0.008,1.004,0.034,1.020,0.051,0.9824,0.0085,-0.0245,0.1850,0.435,-2.941,201.315,0.000,-1.564,2.111,-0.217,-0.029,0.012,-1.416,8.894,2.111,-0.305,-0.026,0.012,0.21,-0.34,1,2
207085,0.051,0.006,1.004,0.061,0.902,0.117,0.9824,0.0077,-0.0243,0.1850,0.349,-2.898,201.323,0.000,-1.564,2.111,-0.186,-0.029,0.012,-1.416,8.894,2.111,-0.197,-0.029,0.012,0.20,-0.33,1,2
207098,0.051,0.006,1.004,0.209,0.890,0.012,0.9824,0.0076,-0.0240,0.1850,0.341,-2.868,201.324,0.000,-1.564,2.111,-0.186,-0.029,0.012,-1.416,8.894,2.111,-0.186,-0.029,0.012,0.20,-0.30,1,2
207112,0.051,0.006,1.004,0.245,0.841,-0.029,0.9824,0.0073,-0.0243,0.1850,0.311,-2.889,201.324,0.000,-1.564,2.111,-0.173,-0.031,0.012,-1.416,8.894,2.111,-0.173,-0.031,0.012,0.20,-0.18,1,2
207122,0.050,0.006,1.004,0.020,0.796,-0.038,0.9824,0.0074,-0.0240,0.1850,0.328,-2.858,201.323,0.000,-1.564,2.111,-0.161,-0.031,0.012,-1.416,8.894,2.111,-0.161,-0.031,0.012,0.19,-0.18,1,2
207131,0.050,0.006,1.005,0.087,0.776,-0.051,0.9824,0.0074,-0.0239,0.1850,0.331,-2.852,201.322,0.000,-1.564,2.111,-0.161,-0.031,0.012,-1.416,8.894,2.111,-0.161,-0.031,0.012,0.19,-0.17,1,2
207146,0.050,0.006,1.004,-0.113,0.676,-0.098,0.9824,0.0077,-0.0238,0.1850,0.360,-2.843,201.319,0.000,-1.564,2.111,-0.161,-0.031,0.012,-1.416,8.894,2.111,-0.161,-0.031,0.012,0.19,-0.17,1,2
207164,0.049,0.007,1.004,-0.059,0.599,0.095,0.9824,0.0079,-0.0235,0.1850,0.388,-2.814,201.318,0.000,-1.564,2.111,-0.159,-0.031,0.012,-1.416,8.894,2.111,-0.159,-0.031,0.012,0.19,-0.12,1,2
207178,0.049,0.007,1.004,0.058,0.594,0.150,0.9824,0.0081,-0.0235,0.1850,0.410,-2.814,201.320,0.000,-1.564,2.111,-0.147,-0.031,0.012,-1.416,8.894,2.111,-0.147,-0.031,0.012,0.20,0.29,1,2
207191,0.049,0.007,1.004,-0.024,0.542,0.173,0.9824,0.0081,-0.0233,0.1850,0.416,-2.796,201.321,0.000,-1.564,2.111,-0.138,-0.031,0.012,-1.416,8.894,2.111,-0.138,-0.031,0.012,0.20,0.28,1,2
207202,0.049,0.007,1.004,-0.002,0.504,0.232,0.9824,0.0077,-0.0232,0.1851,0.371,-2.778,201.326,0.000,-1.564,2.111,-0.108,-0.031,0.012,-1.416,8.894,2.111,-0.123,-0.031,0.012,0.21,0.28,1,2
207220,0.048,0.006,1.004,0.018,0.457,0.072,0.9824,0.0074,-0.0232,0.1851,0.341,-2.766,201.331,0.000,-1.564,2.111,-0.079,-0.031,0.012,-1.416,8.894,2.111,-0.079,-0.031,0.012,0.20,0.17,1,2
207230,0.048,0.006,1.004,-0.002,0.382,-0.037,0.9824,0.0072,-0.0231,0.1851,0.316,-2.757,201.332,0.000,-1.564,2.111,-0.079,-0.031,0.012,-1.416,8.894,2.111,-0.079,-0.031,0.012,0.19,0.17,1,2
207240,0.048,0.006,1.004,0.089,0.281,-0.090,0.9824,0.0071,-0.0231,0.1851,0.316,-2.749,201.331,0.000,-1.564,2.111,-0.052,-0.031,0.012,-1.416,8.894,2.111,-0.052,-0.031,0.012,0.19,-0.63,1,2
207250,0.048,0.006,1.004,0.208,0.225,-0.057,0.9824,0.0072,-0.0230,0.1851,0.321,-2.747,201.330,0.000,-1.564,2.111,-0.031,-0.031,0.012,-1.416,8.894,2.111,-0.039,-0.031,0.012,0.18,-0.60,1,2
207257,0.048,0.006,1.004,0.176,0.224,-0.139,0.9824,0.0072,-0.0228,0.1851,0.323,-2.723,201.329,0.000,-1.564,2.111,-0.031,-0.031,0.012,-1.416,8.894,2.111,-0.031,-0.031,0.012,0.18,-0.60,1,2
207273,0.048,0.006,1.004,0.136,0.225,-0.171,0.9824,0.0075,-0.0229,0.1850,0.361,-2.735,201.325,0.000,-1.564,2.111,-0.020,-0.031,0.012,-1.416,8.894,2.111,-0.020,-0.031,0.012,0.17,-0.52,1,2
207282,0.048,0.007,1.004,-0.055,0.171,-0.146,0.9824,0.0077,-0.0228,0.1850,0.385,-2.736,201.322,0.000,-1.564,2.111,-0.009,-0.031,0.012,-1.416,8.894,2.111,-0.020,-0.031,0.012,0.17,-0.52,1,2
207296,0.048,0.007,1.005,0.124,0.152,-0.061,0.9824,0.0077,-0.0228,0.1850,0.385,-2.733,201.321,0.000,-1.564,2.111,-0.009,-0.031,0.012,-1.416,8.894,2.111,-0.009,-0.031,0.012,0.17,-0.03,1,2
207306,0.048,0.007,1.004,0.005,0.094,0.035,0.9824,0.0078,-0.0230,0.1850,0.392,-2.754,201.321,0.000,-1.564,2.111,-0.008,-0.031,0.012,-1.416,8.894,2.111,-0.008,-0.031,0.012,0.17,-0.03,1,2
207316,0.048,0.007,1.005,0.167,-0.022,0.148,0.9824,0.0075,-0.0227,0.1850,0.366,-2.715,201.324,0.000,-1.564,2.111,-0.008,-0.031,0.012,-1.416,8.894,2.111,-0.008,-0.031,0.012,0.17,-0.02,1,2
207324,0.048,0.007,1.004,-0.113,0.011,0.273,0.9824,0.0075,-0.0230,0.1851,0.361,-2.745,201.326,0.000,-1.564,2.111,-0.008,-0.031,0.012,-1.416,8.894,2.111,-0.008,-0.031,0.012,0.17,-0.02,1,2
207338,0.048,0.006,1.005,-0.022,-0.043,0.368,0.9824,0.0074,-0.0229,0.1851,0.351,-2.733,201.330,0.000,-1.564,2.111,-0.004,-0.031,0.012,-1.416,8.894,2.111,-0.004,-0.031,0.012,0.17,-0.02,1,2
207642,0.049,0.008,1.004,0.010,-1.093,0.084,0.9824,0.0083,-0.0233,0.1852,0.438,-2.800,201.340,0.000,-1.564,2.111,-0.286,-0.029,0.012,-1.416,8.894,2.111,-0.286,-0.029,0.012,0.09,-0.40,1,2
207662,0.049,0.008,1.004,-0.005,-1.115,0.166,0.9824,0.0082,-0.0234,0.1852,0.428,-2.806,201.343,0.000,-1.564,2.111,-0.349,-0.027,0.012,-1.416,8.894,2.111,-0.331,-0.029,0.012,0.08,-0.38,1,2
207672,0.049,0.007,1.004,-0.172,-1.153,0.281,0.9824,0.0081,-0.0233,0.1852,0.422,-2.800,201.346,0.000,-1.564,2.111,-0.363,-0.027,0.012,-1.416,8.894,2.111,-0.363,-0.027,0.012,0.08,-0.33,1,2
207684,0.050,0.007,1.004,0.001,-1.199,0.273,0.9824,0.0078,-0.0238,0.1853,0.379,-2.844,201.351,0.000,-1.564,2.111,-0.394,-0.027,0.012,-1.416,8.894,2.111,-0.394,-0.027,0.012,0.08,-0.33,1,2
207696,0.050,0.007,1.004,-0.225,-1.222,0.260,0.9824,0.0079,-0.0239,0.1853,0.380,-2.856,201.354,0.000,-1.564,2.111,-0.410,-0.027,0.012,-1.416,8.894,2.111,-0.410,-0.027,0.012,0.08,-0.02,1,2
207706,0.050,0.006,1.004,-0.041,-1.285,0.216,0.9823,0.0076,-0.0241,0.1853,0.346,-2.880,201.358,0.000,-1.564,2.111,-0.425,-0.027,0.012,-1.416,8.894,2.111,-0.425,-0.027,0.012,0.08,-0.02,1,2
207718,0.051,0.006,1.003,-0.164,-1.323,0.146,0.9823,0.0077,-0.0243,0.1853,0.354,-2.902,201.360,0.000,-1.564,2.111,-0.449,-0.026,0.012,-1.416,8.894,2.111,-0.449,-0.026,0.012,0.08,-0.02,1,2
207727,0.051,0.006,1.002,0.043,-1.348,0.013,0.9823,0.0075,-0.0243,0.1853,0.331,-2.896,201.361,0.000,-1.564,2.111,-0.460,-0.026,0.012,-1.416,8.894,2.111,-0.449,-0.026,0.012,0.08,-0.02,1,2
207744,0.051,0.006,1.004,0.193,-1.364,-0.173,0.9823,0.0076,-0.0242,0.1853,0.346,-2.887,201.359,0.000,-1.564,2.111,-0.473,-0.024,0.012,-1.416,8.894,2.111,-0.473,-0.024,0.012,0.09,0.03,1,2
207757,0.051,0.006,1.005,0.267,-1.320,-0.270,0.9824,0.0076,-0.0242,0.1853,0.348,-2.886,201.355,0.000,-1.564,2.111,-0.497,-0.024,0.012,-1.416,8.894,2.111,-0.485,-0.024,0.012,0.09,0.48,1,2
207772,0.052,0.006,1.005,0.339,-1.472,-0.301,0.9823,0.0076,-0.0247,0.1853,0.327,-2.938,201.352,0.000,-1.564,2.111,-0.497,-0.023,0.012,-1.416,8.894,2.111,-0.497,-0.023,0.012,0.10,0.46,1,2
207784,0.052,0.006,1.004,0.229,-1.383,-0.291,0.9823,0.0075,-0.0248,0.1852,0.315,-2.947,201.349,0.000,-1.564,2.111,-0.524,-0.023,0.012,-1.416,8.894,2.111,-0.524,-0.023,0.012,0.11,0.46,1,2
207796,0.052,0.006,1.005,0.081,-1.377,-0.160,0.9824,0.0075,-0.0248,0.1852,0.321,-2.957,201.346,0.000,-1.564,2.111,-0.536,-0.023,0.012,-1.416,8.894,2.111,-0.536,-0.023,0.012,0.11,0.42,1,2
207810,0.052,0.006,1.005,-0.017,-1.520,0.091,0.9823,0.0075,-0.0249,0.1852,0.319,-2.969,201.346,0.000,-1.564,2.111,-0.559,-0.023,0.012,-1.416,8.894,2.111,-0.559,-0.023,0.012,0.11,0.26,1,2
207824,0.052,0.006,1.005,-0.157,-1.536,0.168,0.9823,0.0079,-0.0249,0.1852,0.360,-2.971,201.345,0.000,-1.564,2.111,-0.571,-0.022,0.012,-1.416,8.894,2.111,-0.571,-0.022,0.012,0.11,0.26,1,2
207833,0.052,0.007,1.005,-0.337,-1.529,0.289,0.9823,0.0081,-0.0250,0.1852,0.385,-2.983,201.346,0.000,-1.564,2.111,-0.573,-0.020,0.012,-1.416,8.894,2.111,-0.571,-0.020,0.012,0.11,0.01,1,2
207849,0.053,0.007,1.005,-0.425,-1.535,0.522,0.9823,0.0082,-0.0254,0.1853,0.381,-3.033,201.354,0.000,-1.564,2.111,-0.587,-0.020,0.012,-1.416,8.894,2.111,-0.587,-0.020,0.012,0.11,0.01,1,2
207862,0.053,0.007,1.005,-0.275,-1.483,0.449,0.9823,0.0085,-0.0254,0.1853,0.415,-3.036,201.357,0.000,-1.564,2.111,-0.607,-0.019,0.012,-1.416,8.894,2.111,-0.607,-0.020,0.012,0.11,0.01,1,2
207872,0.053,0.007,1.005,-0.157,-1.538,0.318,0.9823,0.0080,-0.0255,0.1854,0.362,-3.045,201.364,0.000,-1.564,2.111,-0.619,-0.019,0.012,-1.416,8.894,2.111,-0.619,-0.019,0.012,0.11,0.02,1,2
207886,0.053,0.006,1.005,0.073,-1.539,0.254,0.9823,0.0080,-0.0254,0.1854,0.357,-3.032,201.368,0.000,-1.564,2.111,-0.642,-0.016,0.012,-1.416,8.894,2.111,-0.630,-0.017,0.012,0.11,0.02,1,2
207897,0.054,0.006,1.005,0.125,-1.581,0.055,0.9823,0.0078,-0.0257,0.1854,0.335,-3.062,201.370,0.000,-1.564,2.111,-0.654,-0.004,0.012,-1.416,8.894,2.111,-0.654,-0.004,0.012,0.12,0.08,1,2
207906,0.054,0.005,1.005,0.212,-1.635,-0.145,0.9823,0.0075,-0.0258,0.1854,0.292,-3.066,201.372,0.000,-1.564,2.111,-0.670,-0.004,0.012,-1.416,8.894,2.111,-0.654,-0.004,0.012,0.12,0.08,1,2
207913,0.054,0.005,1.005,0.171,-1.605,-0.272,0.9823,0.0074,-0.0260,0.1854,0.285,-3.088,201.371,0.000,-1.564,2.111,-0.670,-0.004,0.012,-1.416,8.894,2.111,-0.670,-0.004,0.012,0.12,0.07,1,2
208224,0.062,0.005,1.004,-0.140,-1.360,0.191,0.9821,0.0084,-0.0302,0.1856,0.304,-3.583,201.388,0.000,-1.564,2.111,-0.791,0.022,0.012,-1.416,8.894,2.111,-0.791,0.022,0.012,0.08,0.09,1,2
208246,0.063,0.005,1.004,0.155,-1.333,-0.059,0.9821,0.0083,-0.0303,0.1856,0.285,-3.593,201.390,0.000,-1.564,2.111,-0.791,0.022,0.012,-1.416,8.894,2.111,-0.791,0.022,0.012,0.09,0.09,1,2
208254,0.063,0.005,1.004,0.211,-1.318,-0.156,0.9821,0.0083,-0.0305,0.1856,0.285,-3.606,201.389,0.000,-1.564,2.111,-0.791,0.022,0.012,-1.416,8.894,2.111,-0.791,0.022,0.012,0.09,0.07,1,2
208265,0.063,0.005,1.004,0.218,-1.239,-0.230,0.9821,0.0081,-0.0306,0.1856,0.264,-3.620,201.389,0.000,-1.564,2.111,-0.791,0.022,0.012,-1.416,8.894,2.111,-0.791,0.022,0.012,0.08,0.07,1,2
208272,0.064,0.005,1.004,0.204,-1.191,-0.227,0.9821,0.0081,-0.0307,0.1855,0.265,-3.626,201.387,0.000,-1.564,2.111,-0.791,0.022,0.012,-1.416,8.894,2.111,-0.791,0.022,0.012,0.08,-0.02,1,2
208282,0.064,0.005,1.004,0.188,-1.215,-0.191,0.9821,0.0080,-0.0308,0.1855,0.243,-3.639,201.386,0.000,-1.564,2.111,-0.791,0.022,0.012,-1.416,8.894,2.111,-0.791,0.022,0.012,0.08,-0.02,1,2
208296,0.064,0.005,1.004,0.051,-1.157,-0.071,0.9821,0.0082,-0.0309,0.1855,0.271,-3.655,201.383,0.000,-1.564,2.111,-0.791,0.022,0.012,-1.416,8.894,2.111,-0.791,0.022,0.012,0.08,-0.02,1,2
208306,0.064,0.005,1.004,0.009,-1.151,0.029,0.9821,0.0085,-0.0310,0.1855,0.296,-3.666,201.381,0.000,-1.564,2.111,-0.791,0.022,0.012,-1.416,8.894,2.111,-0.791,0.022,0.012,0.08,-0.02,1,2
208322,0.065,0.006,1.004,-0.062,-1.063,0.053,0.9821,0.0087,-0.0313,0.1855,0.310,-3.707,201.380,0.000,-1.564,2.111,-0.791,0.022,0.012,-1.416,8.894,2.111,-0.791,0.022,0.012,0.08,-0.02,1,2
208330,0.065,0.006,1.004,-0.084,-1.054,0.067,0.9821,0.0089,-0.0311,0.1855,0.347,-3.693,201.378,0.000,-1.564,2.111,-0.791,0.022,0.012,-1.416,8.894,2.111,-0.791,0.022,0.012,0.08,-0.02,1,2
208340,0.065,0.006,1.004,-0.173,-1.041,0.163,0.9821,0.0090,-0.0312,0.1855,0.345,-3.709,201.380,0.000,-1.564,2.111,-0.791,0.021,0.012,-1.416,8.894,2.111,-0.791,0.021,0.012,0.08,-0.05,1,2
208354,0.065,0.006,1.004,-0.133,-1.024,0.225,0.9821,0.0088,-0.0313,0.1855,0.322,-3.716,201.384,0.000,-1.564,2.111,-0.775,0.020,0.012,-1.416,8.894,2.111,-0.786,0.021,0.012,0.07,-0.34,1,2
208361,0.065,0.006,1.004,-0.124,-1.004,0.278,0.9821,0.0088,-0.0314,0.1855,0.322,-3.722,201.386,0.000,-1.564,2.111,-0.762,0.008,0.012,-1.416,8.894,2.111,-0.762,0.008,0.012,0.07,-0.34,1,2
208371,0.065,0.006,1.004,-0.089,-0.939,0.314,0.9821,0.0090,-0.0315,0.1855,0.342,-3.739,201.386,0.000,-1.564,2.111,-0.752,0.008,0.012,-1.416,8.894,2.111,-0.762,0.008,0.012,0.07,-0.34,1,2
208378,0.065,0.005,1.004,-0.061,-0.891,0.201,0.9821,0.0086,-0.0315,0.1856,0.298,-3.732,201.392,0.000,-1.564,2.111,-0.721,0.008,0.012,-1.416,8.894,2.111,-0.721,0.008,0.012,0.07,-0.32,1,2
208392,0.066,0.005,1.004,-0.077,-0.869,0.192,0.9821,0.0084,-0.0315,0.1856,0.274,-3.732,201.395,0.000,-1.564,2.111,-0.698,-0.008,0.012,-1.416,8.894,2.111,-0.721,0.008,0.012,0.07,-0.32,1,2
208404,0.066,0.005,1.005,0.001,-0.836,0.034,0.9821,0.0084,-0.0317,0.1856,0.266,-3.747,201.397,0.000,-1.564,2.111,-0.658,-0.008,0.012,-1.416,8.894,2.111,-0.658,-0.008,0.012,0.06,-0.29,1,2
208420,0.066,0.004,1.004,0.101,-0.850,-0.111,0.9821,0.0084,-0.0322,0.1856,0.265,-3.802,201.396,0.000,-1.564,2.111,-0.634,-0.020,0.012,-1.416,8.894,2.111,-0.634,-0.020,0.012,0.06,-0.13,1,2
208431,0.066,0.005,1.004,0.187,-0.813,-0.164,0.9821,0.0085,-0.0319,0.1856,0.279,-3.778,201.394,0.000,-1.564,2.111,-0.622,-0.020,0.012,-1.416,8.894,2.111,-0.622,-0.020,0.012,0.06,-0.12,1,2
208444,0.067,0.005,1.004,0.084,-0.801,-0.187,0.9821,0.0089,-0.0321,0.1856,0.317,-3.809,201.389,0.000,-1.564,2.111,-0.583,-0.020,0.012,-1.416,8.894,2.111,-0.599,-0.020,0.012,0.06,-0.12,1,2
208451,0.067,0.005,1.004,0.102,-0.790,-0.134,0.9821,0.0087,-0.0321,0.1856,0.297,-3.797,201.390,0.000,-1.564,2.111,-0.583,-0.020,0.012,-1.416,8.894,2.111,-0.583,-0.020,0.012,0.06,-0.09,1,2
208461,0.067,0.006,1.004,0.121,-0.670,-0.022,0.9821,0.0089,-0.0323,0.1856,0.309,-3.830,201.388,0.000,-1.564,2.111,-0.544,-0.022,0.012,-1.416,8.894,2.111,-0.544,-0.022,0.012,0.06,-0.09,1,2
208473,0.068,0.005,1.004,0.106,-0.643,0.015,0.9821,0.0088,-0.0325,0.1856,0.302,-3.846,201.389,0.000,-1.564,2.111,-0.521,-0.022,0.012,-1.416,8.894,2.111,-0.521,-0.022,0.012,0.06,0.16,1,2
208758,0.068,0.004,1.004,0.299,0.521,-0.243,0.9820,0.0084,-0.0329,0.1857,0.250,-3.885,201.411,0.000,-1.564,2.111,-0.050,-0.031,0.012,-1.416,8.894,2.111,-0.050,-0.031,0.012,0.06,-0.15,1,2
209014,0.066,0.006,1.005,-0.294,1.323,0.578,0.9821,0.0090,-0.0314,0.1856,0.341,-3.727,201.388,0.000,-1.564,2.111,0.000,-0.031,0.012,-1.416,8.894,2.111,0.000,-0.031,0.012,0.07,-0.36,1,2
209022,0.065,0.006,1.004,-0.324,1.363,0.617,0.9821,0.0088,-0.0314,0.1856,0.329,-3.720,201.394,0.000,-1.564,2.111,0.000,-0.031,0.012,-1.416,8.894,2.111,0.000,-0.031,0.012,0.07,-0.36,1,2
209032,0.065,0.005,1.005,-0.314,1.349,0.603,0.9821,0.0086,-0.0313,0.1857,0.299,-3.707,201.401,0.000,-1.564,2.111,0.000,-0.031,0.012,-1.416,8.894,2.111,0.000,-0.031,0.012,0.07,-0.34,1,2
209044,0.065,0.005,1.005,-0.231,1.418,0.491,0.9821,0.0085,-0.0311,0.1857,0.295,-3.688,201.408,0.000,-1.564,2.111,0.000,-0.031,0.012,-1.416,8.894,2.111,0.000,-0.031,0.012,0.06,-0.34,1,2
209052,0.065,0.005,1.005,-0.149,1.364,0.330,0.9821,0.0082,-0.0313,0.1858,0.253,-3.700,201.414,0.000,-1.564,2.111,0.000,-0.031,0.012,-1.416,8.894,2.111,0.000,-0.031,0.012,0.06,-0.30,1,2
209062,0.065,0.004,1.004,-0.034,1.387,0.139,0.9821,0.0081,-0.0312,0.1858,0.250,-3.687,201.416,0.000,-1.564,2.111,-0.001,-0.031,0.012,-1.416,8.894,2.111,-0.001,-0.031,0.012,0.06,-0.30,1,2
209074,0.064,0.004,1.004,0.190,1.440,-0.180,0.9821,0.0079,-0.0311,0.1858,0.224,-3.666,201.417,0.000,-1.564,2.111,-0.012,-0.031,0.012,-1.416,8.894,2.111,-0.012,-0.031,0.012,0.06,-0.14,1,2
209082,0.064,0.004,1.004,0.256,1.445,-0.317,0.9821,0.0081,-0.0310,0.1858,0.248,-3.668,201.414,0.000,-1.564,2.111,-0.023,-0.031,0.012,-1.416,8.894,2.111,-0.012,-0.031,0.012,0.06,-0.14,1,2
209092,0.064,0.004,1.005,0.388,1.455,-0.433,0.9821,0.0081,-0.0309,0.1857,0.252,-3.652,201.410,0.000,-1.564,2.111,-0.031,-0.031,0.012,-1.416,8.894,2.111,-0.031,-0.031,0.012,0.05,-0.14,1,2
209102,0.064,0.005,1.005,0.471,1.469,-0.515,0.9821,0.0081,-0.0310,0.1857,0.254,-3.665,201.405,0.000,-1.564,2.111,-0.055,-0.031,0.012,-1.416,8.894,2.111,-0.055,-0.031,0.012,0.05,-0.14,1,2
209118,0.064,0.005,1.005,0.371,1.440,-0.498,0.9821,0.0082,-0.0306,0.1856,0.278,-3.620,201.397,0.000,-1.564,2.111,-0.095,-0.031,0.012,-1.416,8.894,2.111,-0.073,-0.031,0.012,0.06,-0.08,1,2
209129,0.063,0.006,1.004,0.261,1.389,-0.310,0.9821,0.0086,-0.0303,0.1856,0.319,-3.595,201.390,0.000,-1.564,2.111,-0.118,-0.031,0.012,-1.416,8.894,2.111,-0.118,-0.031,0.012,0.06,0.32,1,2
209142,0.063,0.006,1.004,0.327,1.408,-0.020,0.9821,0.0087,-0.0303,0.1856,0.331,-3.596,201.387,0.000,-1.564,2.111,-0.153,-0.031,0.012,-1.416,8.894,2.111,-0.153,-0.031,0.012,0.06,0.32,1,2
209156,0.063,0.006,1.004,-0.125,1.484,0.200,0.9821,0.0087,-0.0301,0.1856,0.341,-3.574,201.388,0.000,-1.564,2.111,-0.183,-0.031,0.012,-1.416,8.894,2.111,-0.182,-0.031,0.012,0.07,0.31,1,2
209162,0.063,0.006,1.004,0.020,1.555,0.368,0.9821,0.0087,-0.0300,0.1856,0.342,-3.562,201.391,0.000,-1.564,2.111,-0.183,-0.031,0.012,-1.416,8.894,2.111,-0.183,-0.031,0.012,0.07,0.31,1,2
209176,0.062,0.006,1.004,-0.353,1.590,0.520,0.9821,0.0087,-0.0300,0.1856,0.338,-3.566,201.398,0.000,-1.564,2.111,-0.230,-0.029,0.012,-1.416,8.894,2.111,-0.230,-0.029,0.012,0.07,0.27,1,2
209184,0.062,0.006,1.004,-0.167,1.582,0.565,0.9821,0.0087,-0.0298,0.1857,0.344,-3.535,201.400,0.000,-1.564,2.111,-0.250,-0.029,0.012,-1.416,8.894,2.111,-0.250,-0.029,0.012,0.07,0.27,1,2
209196,0.062,0.006,1.004,-0.346,1.591,0.465,0.9821,0.0086,-0.0297,0.1857,0.340,-3.534,201.408,0.000,-1.564,2.111,-0.261,-0.027,0.012,-1.416,8.894,2.111,-0.261,-0.027,0.012,0.07,0.10,1,2
209214,0.061,0.006,1.004,-0.087,1.558,0.391,0.9821,0.0085,-0.0294,0.1858,0.332,-3.495,201.413,0.000,-1.564,2.111,-0.327,-0.027,0.012,-1.416,8.894,2.111,-0.313,-0.027,0.012,0.08,0.10,1,2
209224,0.061,0.005,1.004,0.154,1.503,0.080,0.9821,0.0081,-0.0294,0.1858,0.290,-3.486,201.420,0.000,-1.564,2.111,-0.367,-0.024,0.012,-1.416,8.894,2.111,-0.367,-0.024,0.012,0.08,0.09,1,2
209232,0.061,0.005,1.004,0.078,1.514,-0.117,0.9821,0.0079,-0.0291,0.1858,0.272,-3.450,201.420,0.000,-1.564,2.111,-0.401,-0.023,0.012,-1.416,8.894,2.111,-0.386,-0.023,0.012,0.08,0.05,1,2
209243,0.061,0.005,1.004,0.267,1.506,-0.236,0.9821,0.0080,-0.0290,0.1858,0.280,-3.436,201.419,0.000,-1.564,2.111,-0.402,-0.023,0.012,-1.416,8.894,2.111,-0.402,-0.023,0.012,0.07,0.05,1,2
209257,0.060,0.005,1.004,0.266,1.541,-0.339,0.9821,0.0080,-0.0290,0.1858,0.283,-3.440,201.415,0.000,-1.564,2.111,-0.425,-0.020,0.012,-1.416,8.894,2.111,-0.425,-0.020,0.012,0.07,-0.23,1,2
209566,0.052,0.005,1.003,-0.007,0.952,0.011,0.9822,0.0075,-0.0251,0.1858,0.306,-2.984,201.414,0.000,-1.564,2.111,-0.761,0.038,0.012,-1.416,8.894,2.111,-0.747,0.035,0.012,0.02,-0.17,1,2
209590,0.052,0.006,1.003,0.126,0.877,-0.092,0.9822,0.0076,-0.0250,0.1858,0.324,-2.972,201.412,0.000,-1.564,2.111,-0.775,0.039,0.012,-1.416,8.894,2.111,-0.775,0.039,0.012,0.02,-0.00,1,2
209602,0.051,0.006,1.004,0.233,0.923,-0.044,0.9822,0.0076,-0.0247,0.1858,0.326,-2.946,201.410,0.000,-1.564,2.111,-0.788,0.052,0.012,-1.416,8.894,2.111,-0.788,0.052,0.012,0.02,-0.00,1,2
209622,0.051,0.006,1.003,0.199,0.792,-0.061,0.9822,0.0075,-0.0248,0.1858,0.322,-2.952,201.410,0.000,-1.564,2.111,-0.791,0.052,0.012,-1.416,8.894,2.111,-0.791,0.052,0.012,0.02,-0.00,1,2
209632,0.051,0.006,1.003,0.055,0.787,-0.038,0.9823,0.0076,-0.0243,0.1858,0.338,-2.899,201.409,0.000,-1.564,2.111,-0.791,0.055,0.012,-1.416,8.894,2.111,-0.791,0.052,0.012,0.02,0.03,1,2
209646,0.051,0.006,1.003,0.157,0.726,-0.001,0.9823,0.0076,-0.0246,0.1858,0.333,-2.937,201.409,0.000,-1.564,2.111,-0.791,0.055,0.012,-1.416,8.894,2.111,-0.791,0.055,0.012,0.02,0.03,1,2
209660,0.051,0.006,1.003,0.161,0.699,0.068,0.9823,0.0078,-0.0243,0.1858,0.355,-2.905,201.409,0.000,-1.564,2.111,-0.791,0.055,0.012,-1.416,8.894,2.111,-0.791,0.055,0.012,0.03,0.30,1,2
209673,0.050,0.006,1.004,-0.065,0.646,0.039,0.9823,0.0077,-0.0240,0.1858,0.353,-2.869,201.410,0.000,-1.564,2.111,-0.791,0.055,0.012,-1.416,8.894,2.111,-0.791,0.055,0.012,0.03,0.28,1,2
209683,0.050,0.006,1.004,-0.018,0.576,0.045,0.9823,0.0077,-0.0238,0.1858,0.361,-2.840,201.410,0.000,-1.564,2.111,-0.791,0.055,0.012,-1.416,8.894,2.111,-0.791,0.055,0.012,0.03,0.28,1,2
209698,0.050,0.007,1.004,-0.062,0.500,0.100,0.9823,0.0079,-0.0238,0.1858,0.380,-2.848,201.410,0.000,-1.564,2.111,-0.791,0.055,0.012,-1.416,8.894,2.111,-0.791,0.055,0.012,0.04,0.27,1,2
209710,0.050,0.006,1.004,-0.050,0.444,0.167,0.9823,0.0077,-0.0236,0.1858,0.361,-2.825,201.413,0.000,-1.564,2.111,-0.791,0.055,0.012,-1.416,8.894,2.111,-0.791,0.055,0.012,0.04,0.30,1,2
209720,0.050,0.006,1.004,-0.062,0.397,0.132,0.9823,0.0076,-0.0236,0.1858,0.352,-2.819,201.414,0.000,-1.564,2.111,-0.791,0.055,0.012,-1.416,8.894,2.111,-0.791,0.055,0.012,0.04,0.30,1,2
209730,0.050,0.006,1.004,0.047,0.366,0.105,0.9823,0.0076,-0.0236,0.1858,0.351,-2.815,201.415,0.000,-1.564,2.111,-0.791,0.055,0.012,-1.416,8.894,2.111,-0.791,0.055,0.012,0.05,0.30,1,2
209742,0.050,0.006,1.004,0.064,0.338,0.136,0.9823,0.0074,-0.0237,0.1858,0.318,-2.842,201.419,0.000,-1.564,2.111,-0.791,0.055,0.012,-1.416,8.894,2.111,-0.791,0.055,0.012,0.05,0.28,1,2
209752,0.049,0.006,1.004,0.139,0.250,0.067,0.9823,0.0072,-0.0236,0.1858,0.306,-2.814,201.420,0.000,-1.564,2.111,-0.791,0.055,0.012,-1.416,8.894,2.111,-0.791,0.055,0.012,0.05,0.27,1,2
209762,0.049,0.005,1.004,0.120,0.209,0.074,0.9823,0.0072,-0.0235,0.1859,0.307,-2.799,201.421,0.000,-1.564,2.111,-0.791,0.052,0.012,-1.416,8.894,2.111,-0.791,0.052,0.012,0.06,0.27,1,2
209770,0.049,0.005,1.004,0.115,0.159,0.017,0.9823,0.0072,-0.0235,0.1859,0.309,-2.797,201.421,0.000,-1.564,2.111,-0.791,0.052,0.012,-1.416,8.894,2.111,-0.791,0.052,0.012,0.06,0.24,1,2
209782,0.049,0.006,1.003,0.067,0.129,-0.003,0.9823,0.0072,-0.0234,0.1859,0.316,-2.792,201.421,0.000,-1.564,2.111,-0.791,0.052,0.012,-1.416,8.894,2.111,-0.791,0.052,0.012,0.06,0.24,1,2
209794,0.049,0.006,1.003,0.048,0.092,-0.039,0.9823,0.0073,-0.0232,0.1859,0.332,-2.774,201.420,0.000,-1.564,2.111,-0.791,0.052,0.012,-1.416,8.894,2.111,-0.791,0.052,0.012,0.06,0.13,1,2
209802,0.049,0.006,1.003,0.070,0.066,-0.016,0.9823,0.0072,-0.0234,0.1859,0.312,-2.784,201.421,0.000,-1.564,2.111,-0.791,0.052,0.012,-1.416,8.894,2.111,-0.791,0.052,0.012,0.06,0.13,1,2
209812,0.049,0.006,1.003,0.011,-0.004,-0.009,0.9823,0.0074,-0.0232,0.1858,0.334,-2.773,201.419,0.000,-1.564,2.111,-0.791,0.052,0.012,-1.416,8.894,2.111,-0.791,0.052,0.012,0.06,0.12,1,2
209825,0.049,0.006,1.003,-0.046,-0.042,0.043,0.9823,0.0074,-0.0232,0.1859,0.337,-2.772,201.420,0.000,-1.564,2.111,-0.791,0.052,0.012,-1.416,8.894,2.111,-0.791,0.052,0.012,0.06,0.12,1,2
209841,0.048,0.006,1.003,0.006,-0.093,0.090,0.9823,0.0075,-0.0230,0.1859,0.355,-2.753,201.420,0.000,-1.564,2.111,-0.791,0.052,0.012,-1.416,8.894,2.111,-0.791,0.052,0.012,0.07,0.15,1,2
209857,0.048,0.006,1.003,-0.006,-0.188,0.117,0.9823,0.0073,-0.0230,0.1859,0.329,-2.749,201.423,0.000,-1.564,2.111,-0.791,0.052,0.012,-1.416,8.894,2.111,-0.791,0.052,0.012,0.08,0.40,1,2
210184,0.051,0.006,1.003,-0.051,-1.244,0.059,0.9822,0.0078,-0.0244,0.1861,0.357,-2.914,201.449,0.000,-1.564,2.111,-0.360,-0.027,0.012,-1.416,8.894,2.111,-0.360,-0.027,0.012,0.13,-0.03,1,2
210203,0.051,0.006,1.003,0.018,-1.323,0.022,0.9822,0.0077,-0.0245,0.1861,0.347,-2.929,201.450,0.000,-1.564,2.111,-0.339,-0.027,0.012,-1.416,8.894,2.111,-0.339,-0.027,0.012,0.13,-0.03,1,2
210218,0.052,0.006,1.003,0.114,-1.354,-0.114,0.9822,0.0078,-0.0247,0.1861,0.348,-2.948,201.449,0.000,-1.564,2.111,-0.319,-0.027,0.012,-1.416,8.894,2.111,-0.319,-0.027,0.012,0.13,-0.03,1,2
210230,0.052,0.006,1.003,0.032,-1.358,-0.180,0.9822,0.0079,-0.0249,0.1861,0.359,-2.969,201.447,0.000,-1.564,2.111,-0.297,-0.029,0.012,-1.416,8.894,2.111,-0.308,-0.029,0.012,0.13,-0.03,1,2
210240,0.052,0.006,1.003,0.167,-1.372,-0.140,0.9822,0.0079,-0.0248,0.1861,0.363,-2.963,201.445,0.000,-1.564,2.111,-0.284,-0.029,0.012,-1.416,8.894,2.111,-0.297,-0.029,0.012,0.12,-0.06,1,2
210250,0.052,0.006,1.003,0.143,-1.417,-0.092,0.9822,0.0080,-0.0251,0.1861,0.365,-3.000,201.443,0.000,-1.564,2.111,-0.284,-0.029,0.012,-1.416,8.894,2.111,-0.284,-0.029,0.012,0.12,-0.36,1,2
210266,0.053,0.006,1.002,-0.083,-1.386,0.021,0.9822,0.0081,-0.0253,0.1861,0.369,-3.017,201.443,0.000,-1.564,2.111,-0.276,-0.029,0.012,-1.416,8.894,2.111,-0.276,-0.029,0.012,0.12,-0.36,1,2
210280,0.053,0.007,1.002,-0.233,-1.382,0.236,0.9822,0.0083,-0.0252,0.1861,0.392,-3.016,201.444,0.000,-1.564,2.111,-0.248,-0.031,0.012,-1.416,8.894,2.111,-0.248,-0.031,0.012,0.11,-0.34,1,2
210287,0.053,0.007,1.002,-0.315,-1.430,0.276,0.9822,0.0082,-0.0251,0.1861,0.384,-3.000,201.446,0.000,-1.564,2.111,-0.237,-0.031,0.012,-1.416,8.894,2.111,-0.237,-0.031,0.012,0.11,-0.34,1,2
210298,0.053,0.007,1.003,-0.276,-1.420,0.383,0.9822,0.0082,-0.0252,0.1861,0.380,-3.016,201.450,0.000,-1.564,2.111,-0.222,-0.031,0.012,-1.416,8.894,2.111,-0.222,-0.031,0.012,0.10,-0.34,1,2
210311,0.053,0.007,1.003,-0.174,-1.411,0.323,0.9822,0.0082,-0.0253,0.1862,0.384,-3.027,201.454,0.000,-1.564,2.111,-0.194,-0.031,0.012,-1.416,8.894,2.111,-0.208,-0.031,0.012,0.10,-0.51,1,2
210324,0.054,0.007,1.003,-0.217,-1.399,0.322,0.9821,0.0085,-0.0258,0.1862,0.403,-3.085,201.456,0.000,-1.564,2.111,-0.180,-0.031,0.012,-1.416,8.894,2.111,-0.180,-0.031,0.012,0.09,-0.51,1,2
210332,0.054,0.007,1.003,0.076,-1.415,0.271,0.9821,0.0082,-0.0257,0.1862,0.372,-3.068,201.460,0.000,-1.564,2.111,-0.170,-0.031,0.012,-1.416,8.894,2.111,-0.170,-0.031,0.012,0.09,-0.49,1,2
210345,0.054,0.006,1.003,0.057,-1.490,-0.004,0.9821,0.0080,-0.0256,0.1862,0.358,-3.056,201.463,0.000,-1.564,2.111,-0.161,-0.031,0.012,-1.416,8.894,2.111,-0.161,-0.031,0.012,0.08,-0.49,1,2
210354,0.054,0.006,1.003,0.234,-1.433,-0.039,0.9821,0.0079,-0.0261,0.1862,0.330,-3.102,201.464,0.000,-1.564,2.111,-0.159,-0.031,0.012,-1.416,8.894,2.111,-0.161,-0.031,0.012,0.08,-0.44,1,2
210370,0.054,0.006,1.004,0.299,-1.513,-0.210,0.9821,0.0079,-0.0262,0.1862,0.328,-3.118,201.462,0.000,-1.564,2.111,-0.149,-0.031,0.012,-1.416,8.894,2.111,-0.149,-0.031,0.012,0.07,-0.24,1,2
210380,0.055,0.006,1.004,0.345,-1.549,-0.196,0.9821,0.0079,-0.0263,0.1862,0.332,-3.130,201.461,0.000,-1.564,2.111,-0.149,-0.031,0.012,-1.416,8.894,2.111,-0.149,-0.031,0.012,0.07,-0.24,1,2
210394,0.055,0.006,1.003,0.163,-1.527,-0.197,0.9821,0.0080,-0.0265,0.1862,0.333,-3.154,201.457,0.000,-1.564,2.111,-0.138,-0.031,0.012,-1.416,8.894,2.111,-0.138,-0.031,0.012,0.07,-0.22,1,2
210407,0.055,0.006,1.003,-0.079,-1.474,-0.171,0.9821,0.0083,-0.0264,0.1861,0.371,-3.153,201.453,0.000,-1.564,2.111,-0.125,-0.031,0.012,-1.416,8.894,2.111,-0.125,-0.031,0.012,0.07,-0.22,1,2
210416,0.055,0.007,1.003,-0.006,-1.491,-0.059,0.9821,0.0084,-0.0266,0.1861,0.379,-3.170,201.451,0.000,-1.564,2.111,-0.112,-0.031,0.012,-1.416,8.894,2.111,-0.112,-0.031,0.012,0.07,-0.18,1,2
210426,0.056,0.007,1.003,-0.093,-1.470,0.073,0.9821,0.0084,-0.0267,0.1861,0.380,-3.188,201.451,0.000,-1.564,2.111,-0.102,-0.031,0.012,-1.416,8.894,2.111,-0.102,-0.031,0.012,0.07,-0.18,1,2
210438,0.056,0.007,1.003,-0.037,-1.481,0.143,0.9821,0.0086,-0.0270,0.1861,0.393,-3.218,201.452,0.000,-1.564,2.111,-0.076,-0.031,0.012,-1.416,8.894,2.111,-0.076,-0.031,0.012,0.07,0.10,1,2
210452,0.056,0.007,1.003,-0.050,-1.439,0.222,0.9821,0.0086,-0.0271,0.1861,0.396,-3.233,201.453,0.000,-1.564,2.111,-0.067,-0.031,0.012,-1.416,8.894,2.111,-0.076,-0.031,0.012,0.07,0.10,1,2
210774,0.064,0.006,1.003,-0.024,-0.957,-0.041,0.9820,0.0088,-0.0308,0.1863,0.331,-3.656,201.472,0.000,-1.564,2.111,0.004,-0.031,0.012,-1.416,8.894,2.111,0.004,-0.031,0.012,0.07,0.20,1,2
210792,0.064,0.006,1.003,-0.036,-0.906,0.061,0.9820,0.0089,-0.0307,0.1863,0.348,-3.651,201.471,0.000,-1.564,2.111,0.004,-0.031,0.012,-1.416,8.894,2.111,0.004,-0.031,0.012,0.07,0.19,1,2
210804,0.064,0.006,1.003,0.010,-0.812,0.134,0.9820,0.0090,-0.0310,0.1863,0.350,-3.683,201.472,0.000,-1.564,2.111,0.007,-0.031,0.012,-1.416,8.894,2.111,0.004,-0.031,0.012,0.07,0.19,1,2
210822,0.065,0.006,1.003,0.050,-0.749,0.208,0.9819,0.0089,-0.0312,0.1863,0.336,-3.703,201.477,0.000,-1.564,2.111,0.035,-0.031,0.012,-1.416,8.894,2.111,0.035,-0.031,0.012,0.07,0.14,1,2
210832,0.065,0.006,1.003,0.045,-0.755,0.179,0.9819,0.0087,-0.0312,0.1863,0.316,-3.697,201.480,0.000,-1.564,2.111,0.052,-0.031,0.012,-1.416,8.894,2.111,0.035,-0.031,0.012,0.07,-0.22,1,2
210847,0.065,0.005,1.003,0.016,-0.752,0.051,0.9819,0.0087,-0.0313,0.1864,0.309,-3.712,201.482,0.000,-1.564,2.111,0.063,-0.031,0.012,-1.416,8.894,2.111,0.063,-0.031,0.012,0.06,-0.22,1,2
210860,0.065,0.005,1.003,0.011,-0.709,-0.022,0.9819,0.0086,-0.0312,0.1864,0.298,-3.697,201.483,0.000,-1.564,2.111,0.116,-0.031,0.012,-1.416,8.894,2.111,0.116,-0.031,0.012,0.06,-0.21,1,2
210874,0.065,0.005,1.003,0.068,-0.653,-0.106,0.9819,0.0085,-0.0315,0.1864,0.285,-3.723,201.483,0.000,-1.564,2.111,0.166,-0.031,0.012,-1.416,8.894,2.111,0.166,-0.031,0.012,0.06,-0.19,1,2
210894,0.065,0.006,1.003,0.105,-0.544,-0.088,0.9819,0.0088,-0.0314,0.1863,0.320,-3.727,201.478,0.000,-1.564,2.111,0.229,-0.031,0.012,-1.416,8.894,2.111,0.212,-0.031,0.012,0.06,-0.11,1,2
210904,0.065,0.006,1.004,-0.091,-0.503,-0.124,0.9819,0.0090,-0.0316,0.1863,0.343,-3.753,201.475,0.000,-1.564,2.111,0.239,-0.031,0.012,-1.416,8.894,2.111,0.239,-0.031,0.012,0.06,-0.11,1,2
210918,0.066,0.006,1.004,0.225,-0.504,-0.037,0.9819,0.0092,-0.0318,0.1863,0.359,-3.779,201.473,0.000,-1.564,2.111,0.267,-0.031,0.012,-1.416,8.894,2.111,0.267,-0.031,0.012,0.05,-0.11,1,2
210923,0.066,0.006,1.004,-0.018,-0.438,0.019,0.9819,0.0093,-0.0317,0.1863,0.373,-3.772,201.473,0.000,-1.564,2.111,0.283,-0.031,0.012,-1.416,8.894,2.111,0.283,-0.031,0.012,0.05,-0.11,1,2
210936,0.066,0.006,1.004,0.248,-0.386,0.085,0.9819,0.0093,-0.0318,0.1863,0.368,-3.775,201.474,0.000,-1.564,2.111,0.323,-0.031,0.012,-1.416,8.894,2.111,0.323,-0.031,0.012,0.05,-0.10,1,2
210947,0.067,0.006,1.004,-0.059,-0.376,0.113,0.9819,0.0091,-0.0320,0.1863,0.347,-3.796,201.476,0.000,-1.564,2.111,0.342,-0.031,0.012,-1.416,8.894,2.111,0.342,-0.031,0.012,0.05,-0.10,1,2
210964,0.067,0.006,1.004,-0.310,-0.297,0.171,0.9819,0.0091,-0.0320,0.1863,0.344,-3.798,201.479,0.000,-1.564,2.111,0.389,-0.031,0.012,-1.416,8.894,2.111,0.389,-0.031,0.012,0.06,-0.07,1,2
210971,0.066,0.006,1.004,-0.131,-0.280,0.176,0.9819,0.0089,-0.0319,0.1864,0.324,-3.783,201.481,0.000,-1.564,2.111,0.398,-0.031,0.012,-1.416,8.894,2.111,0.398,-0.031,0.012,0.06,0.21,1,2
210984,0.067,0.006,1.003,-0.159,-0.217,0.150,0.9819,0.0090,-0.0320,0.1864,0.328,-3.800,201.483,0.000,-1.564,2.111,0.444,-0.031,0.012,-1.416,8.894,2.111,0.444,-0.031,0.012,0.06,0.21,1,2
210995,0.067,0.006,1.004,0.049,-0.177,0.129,0.9819,0.0090,-0.0321,0.1864,0.327,-3.802,201.485,0.000,-1.564,2.111,0.478,-0.031,0.012,-1.416,8.894,2.111,0.478,-0.031,0.012,0.06,0.20,1,2
211004,0.067,0.005,1.004,-0.127,-0.138,0.095,0.9819,0.0086,-0.0323,0.1864,0.282,-3.818,201.488,0.000,-1.564,2.111,0.489,-0.031,0.012,-1.416,8.894,2.111,0.489,-0.031,0.012,0.06,0.20,1,2
211018,0.067,0.006,1.004,0.103,-0.147,-0.000,0.9819,0.0091,-0.0323,0.1864,0.330,-3.835,201.486,0.000,-1.564,2.111,0.522,-0.031,0.012,-1.416,8.894,2.111,0.522,-0.031,0.012,0.07,0.23,1,2
211030,0.067,0.006,1.004,0.157,-0.133,-0.032,0.9819,0.0088,-0.0324,0.1864,0.305,-3.833,201.488,0.000,-1.564,2.111,0.536,-0.031,0.012,-1.416,8.894,2.111,0.536,-0.031,0.012,0.08,0.57,1,2
211042,0.067,0.006,1.003,0.160,-0.093,-0.039,0.9819,0.0091,-0.0323,0.1864,0.333,-3.830,201.486,0.000,-1.564,2.111,0.567,-0.031,0.012,-1.416,8.894,2.111,0.567,-0.031,0.012,0.08,0.57,1,2
211063,0.067,0.005,1.003,0.064,0.053,-0.063,0.9819,0.0089,-0.0323,0.1864,0.308,-3.831,201.486,0.000,-1.564,2.111,0.610,-0.031,0.012,-1.416,8.894,2.111,0.610,-0.031,0.012,0.09,0.54,1,2
211072,0.068,0.005,1.003,0.048,0.089,-0.045,0.9819,0.0089,-0.0326,0.1864,0.305,-3.860,201.486,0.000,-1.564,2.111,0.622,-0.031,0.012,-1.416,8.894,2.111,0.622,-0.031,0.012,0.10,0.42,1,2
211410,0.065,0.005,1.004,0.131,0.914,-0.130,0.9819,0.0087,-0.0314,0.1863,0.313,-3.717,201.479,0.000,-1.564,2.111,0.769,-0.031,0.012,-1.416,8.894,2.111,0.769,-0.031,0.012,0.04,-0.48,1,2
211437,0.065,0.006,1.004,-0.026,1.058,0.160,0.9819,0.0090,-0.0311,0.1863,0.344,-3.694,201.478,0.000,-1.564,2.111,0.769,-0.031,0.012,-1.416,8.894,2.111,0.769,-0.031,0.012,0.04,-0.13,1,2
211449,0.065,0.006,1.004,-0.077,1.097,0.187,0.9819,0.0090,-0.0311,0.1863,0.348,-3.693,201.479,0.000,-1.564,2.111,0.769,-0.031,0.012,-1.416,8.894,2.111,0.769,-0.031,0.012,0.03,-0.13,1,2
211460,0.065,0.006,1.004,-0.134,1.172,0.290,0.9819,0.0088,-0.0311,0.1864,0.329,-3.691,201.484,0.000,-1.564,2.111,0.769,-0.031,0.012,-1.416,8.894,2.111,0.769,-0.031,0.012,0.03,-0.12,1,2
211476,0.064,0.006,1.004,-0.024,1.106,0.218,0.9819,0.0088,-0.0310,0.1864,0.327,-3.674,201.489,0.000,-1.564,2.111,0.769,-0.031,0.012,-1.416,8.894,2.111,0.769,-0.031,0.012,0.04,-0.08,1,2
211487,0.064,0.005,1.004,-0.050,1.085,0.199,0.9819,0.0086,-0.0308,0.1864,0.307,-3.650,201.492,0.000,-1.564,2.111,0.769,-0.031,0.012,-1.416,8.894,2.111,0.769,-0.031,0.012,0.04,-0.08,1,2
211498,0.064,0.005,1.004,-0.026,1.088,0.055,0.9819,0.0085,-0.0307,0.1865,0.302,-3.634,201.494,0.000,-1.564,2.111,0.769,-0.031,0.012,-1.416,8.894,2.111,0.769,-0.031,0.012,0.04,0.25,1,2
211511,0.064,0.005,1.004,0.013,1.129,-0.017,0.9819,0.0085,-0.0306,0.1865,0.299,-3.622,201.494,0.000,-1.564,2.111,0.769,-0.031,0.012,-1.416,8.894,2.111,0.769,-0.031,0.012,0.04,0.24,1,2
211520,0.063,0.005,1.004,0.115,1.128,-0.019,0.9819,0.0083,-0.0305,0.1865,0.279,-3.617,201.495,0.000,-1.564,2.111,0.769,-0.031,0.012,-1.416,8.894,2.111,0.769,-0.031,0.012,0.04,0.24,1,2
211536,0.063,0.005,1.004,0.193,1.102,-0.145,0.9820,0.0084,-0.0303,0.1864,0.305,-3.589,201.492,0.000,-1.564,2.111,0.769,-0.031,0.012,-1.416,8.894,2.111,0.769,-0.031,0.012,0.05,0.26,1,2
211546,0.063,0.005,1.004,0.161,1.092,-0.183,0.9820,0.0085,-0.0302,0.1864,0.308,-3.578,201.490,0.000,-1.564,2.111,0.769,-0.031,0.012,-1.416,8.894,2.111,0.769,-0.031,0.012,0.06,0.26,1,2
211562,0.063,0.005,1.004,0.161,1.114,-0.160,0.9820,0.0083,-0.0302,0.1864,0.294,-3.577,201.489,0.000,-1.564,2.111,0.769,-0.031,0.012,-1.416,8.894,2.111,0.769,-0.031,0.012,0.06,0.51,1,2
211576,0.062,0.006,1.004,0.070,1.140,0.009,0.9820,0.0086,-0.0300,0.1864,0.325,-3.561,201.486,0.000,-1.564,2.111,0.769,-0.031,0.012,-1.416,8.894,2.111,0.769,-0.031,0.012,0.07,0.49,1,2
211582,0.062,0.006,1.004,0.041,1.145,0.014,0.9820,0.0086,-0.0300,0.1864,0.326,-3.557,201.486,0.000,-1.564,2.111,0.769,-0.031,0.012,-1.416,8.894,2.111,0.769,-0.031,0.012,0.07,0.49,1,2
211599,0.062,0.006,1.004,0.008,1.184,0.091,0.9820,0.0086,-0.0298,0.1864,0.332,-3.537,201.487,0.000,-1.564,2.111,0.769,-0.031,0.012,-1.416,8.894,2.111,0.769,-0.031,0.012,0.08,0.42,1,2
211612,0.062,0.006,1.004,-0.107,1.212,0.170,0.9820,0.0086,-0.0297,0.1864,0.337,-3.527,201.488,0.000,-1.564,2.111,0.769,-0.031,0.012,-1.416,8.894,2.111,0.769,-0.031,0.012,0.08,0.06,1,2
211624,0.062,0.006,1.004,-0.090,1.225,0.136,0.9820,0.0088,-0.0295,0.1864,0.356,-3.503,201.489,0.000,-1.564,2.111,0.769,-0.031,0.012,-1.416,8.894,2.111,0.769,-0.031,0.012,0.08,0.06,1,2
211630,0.062,0.006,1.004,-0.099,1.211,0.106,0.9820,0.0084,-0.0295,0.1865,0.315,-3.502,201.492,0.000,-1.564,2.111,0.769,-0.031,0.012,-1.416,8.894,2.111,0.769,-0.031,0.012,0.08,0.05,1,2
211642,0.061,0.006,1.004,-0.102,1.207,0.142,0.9820,0.0084,-0.0293,0.1865,0.316,-3.481,201.493,0.000,-1.564,2.111,0.769,-0.031,0.012,-1.416,8.894,2.111,0.769,-0.031,0.012,0.08,0.05,1,2
211658,0.061,0.006,1.003,-0.105,1.151,0.105,0.9820,0.0085,-0.0293,0.1865,0.312,-3.469,201.495,0.000,-1.564,2.111,0.769,-0.031,0.012,-1.416,8.894,2.111,0.769,-0.031,0.012,0.08,0.05,1,2
211673,0.060,0.006,1.003,0.029,1.101,0.044,0.9820,0.0085,-0.0290,0.1865,0.335,-3.448,201.495,0.000,-1.564,2.111,0.769,-0.031,0.012,-1.416,8.894,2.111,0.769,-0.031,0.012,0.08,0.04,1,2
211687,0.060,0.006,1.003,0.114,1.190,-0.011,0.9820,0.0083,-0.0289,0.1865,0.312,-3.429,201.497,0.000,-1.564,2.111,0.769,-0.031,0.012,-1.416,8.894,2.111,0.769,-0.031,0.012,0.08,0.04,1,2
211698,0.060,0.006,1.003,0.111,1.149,-0.092,0.9820,0.0084,-0.0288,0.1865,0.334,-3.425,201.495,0.000,-1.564,2.111,0.769,-0.031,0.012,-1.416,8.894,2.111,0.769,-0.031,0.012,0.08,-0.07,1,2
211706,0.060,0.006,1.003,0.166,1.162,-0.126,0.9820,0.0084,-0.0287,0.1865,0.336,-3.415,201.494,0.000,-1.564,2.111,0.769,-0.031,0.012,-1.416,8.894,2.111,0.769,-0.031,0.012,0.08,-0.07,1,2
212077,0.053,0.006,1.003,0.029,0.570,0.076,0.9821,0.0080,-0.0256,0.1865,0.359,-3.051,201.490,0.000,-1.564,2.111,0.012,-0.031,0.012,-1.416,8.894,2.111,0.013,-0.031,0.012,-0.00,0.21,1,2
212095,0.053,0.007,1.003,-0.270,0.487,0.377,0.9821,0.0083,-0.0253,0.1865,0.391,-3.028,201.492,0.000,-1.564,2.111,0.012,-0.031,0.012,-1.416,8.894,2.111,0.012,-0.031,0.012,0.00,0.20,1,2
212109,0.053,0.006,1.003,-0.259,0.484,0.319,0.9821,0.0080,-0.0252,0.1865,0.364,-3.010,201.499,0.000,-1.564,2.111,0.008,-0.031,0.012,-1.416,8.894,2.111,0.008,-0.031,0.012,0.01,0.23,1,2
212119,0.053,0.007,1.003,-0.323,0.521,0.295,0.9821,0.0080,-0.0252,0.1866,0.364,-3.006,201.501,0.000,-1.564,2.111,0.008,-0.031,0.012,-1.416,8.894,2.111,0.008,-0.031,0.012,0.01,0.23,1,2
212132,0.053,0.006,1.003,-0.108,0.467,0.236,0.9821,0.0079,-0.0251,0.1866,0.351,-2.989,201.506,0.000,-1.564,2.111,0.008,-0.031,0.012,-1.416,8.894,2.111,0.008,-0.031,0.012,0.02,0.55,1,2
212146,0.052,0.006,1.003,0.136,0.412,0.029,0.9821,0.0077,-0.0251,0.1866,0.327,-2.986,201.508,0.000,-1.564,2.111,0.007,-0.031,0.012,-1.416,8.894,2.111,0.008,-0.031,0.012,0.02,0.55,1,2
212154,0.052,0.006,1.003,0.263,0.378,-0.115,0.9821,0.0076,-0.0252,0.1866,0.316,-3.002,201.509,0.000,-1.564,2.111,0.007,-0.031,0.012,-1.416,8.894,2.111,0.007,-0.031,0.012,0.03,0.53,1,2
212169,0.052,0.005,1.003,0.350,0.325,-0.286,0.9821,0.0074,-0.0250,0.1866,0.300,-2.973,201.506,0.000,-1.564,2.111,0.007,-0.031,0.012,-1.416,8.894,2.111,0.007,-0.031,0.012,0.04,0.50,1,2
212182,0.052,0.005,1.003,0.367,0.264,-0.339,0.9821,0.0073,-0.0249,0.1866,0.284,-2.962,201.504,0.000,-1.564,2.111,0.004,-0.031,0.012,-1.416,8.894,2.111,0.004,-0.031,0.012,0.04,0.50,1,2
212194,0.052,0.005,1.003,0.291,0.217,-0.300,0.9821,0.0074,-0.0250,0.1865,0.301,-2.969,201.499,0.000,-1.564,2.111,0.004,-0.031,0.012,-1.416,8.894,2.111,0.004,-0.031,0.012,0.05,0.48,1,2
212202,0.052,0.005,1.003,0.175,0.185,-0.253,0.9821,0.0075,-0.0249,0.1865,0.307,-2.965,201.497,0.000,-1.564,2.111,0.004,-0.031,0.012,-1.416,8.894,2.111,0.004,-0.031,0.012,0.05,0.48,1,2
212217,0.052,0.006,1.003,-0.011,0.161,-0.093,0.9821,0.0079,-0.0249,0.1865,0.361,-2.970,201.492,0.000,-1.564,2.111,0.004,-0.031,0.012,-1.416,8.894,2.111,0.004,-0.031,0.012,0.06,0.49,1,2
212232,0.052,0.006,1.003,-0.083,0.095,0.141,0.9821,0.0080,-0.0247,0.1865,0.372,-2.948,201.492,0.000,-1.564,2.111,0.002,-0.031,0.012,-1.416,8.894,2.111,0.002,-0.031,0.012,0.07,0.46,1,2
212242,0.051,0.007,1.003,-0.082,0.145,0.287,0.9821,0.0083,-0.0246,0.1865,0.410,-2.950,201.493,0.000,-1.564,2.111,0.002,-0.031,0.012,-1.416,8.894,2.111,0.002,-0.031,0.012,0.07,0.46,1,2
212252,0.051,0.007,1.003,-0.174,0.119,0.437,0.9821,0.0082,-0.0244,0.1865,0.403,-2.925,201.497,0.000,-1.564,2.111,0.002,-0.031,0.012,-1.416,8.894,2.111,0.002,-0.031,0.012,0.07,0.40,1,2
212266,0.051,0.007,1.003,-0.132,0.085,0.484,0.9821,0.0080,-0.0244,0.1866,0.377,-2.913,201.504,0.000,-1.564,2.111,0.002,-0.031,0.012,-1.416,8.894,2.111,0.002,-0.031,0.012,0.07,0.40,1,2
212276,0.051,0.006,1.003,-0.103,0.065,0.484,0.9821,0.0078,-0.0243,0.1866,0.355,-2.903,201.510,0.000,-1.564,2.111,0.000,-0.031,0.012,-1.416,8.894,2.111,0.000,-0.031,0.012,0.07,0.05,1,2
212284,0.051,0.006,1.003,-0.080,0.050,0.414,0.9821,0.0077,-0.0244,0.1867,0.349,-2.911,201.514,0.000,-1.564,2.111,0.000,-0.031,0.012,-1.416,8.894,2.111,0.000,-0.031,0.012,0.07,0.05,1,2
212291,0.051,0.006,1.003,-0.063,0.030,0.229,0.9821,0.0075,-0.0244,0.1867,0.327,-2.903,201.517,0.000,-1.564,2.111,0.000,-0.031,0.012,-1.416,8.894,2.111,0.000,-0.031,0.012,0.07,0.05,1,2
212302,0.051,0.005,1.003,0.047,-0.014,0.004,0.9821,0.0071,-0.0245,0.1867,0.280,-2.906,201.520,0.000,-1.564,2.111,0.000,-0.031,0.012,-1.416,8.894,2.111,0.000,-0.031,0.012,0.08,0.05,1,2
212314,0.051,0.005,1.003,0.108,-0.081,-0.111,0.9821,0.0071,-0.0244,0.1867,0.276,-2.900,201.520,0.000,-1.564,2.111,0.000,-0.031,0.012,-1.416,8.894,2.111,0.000,-0.031,0.012,0.07,-0.01,1,2
212322,0.051,0.005,1.003,0.154,-0.088,-0.160,0.9821,0.0071,-0.0244,0.1867,0.276,-2.900,201.519,0.000,-1.564,2.111,0.000,-0.031,0.012,-1.416,8.894,2.111,0.000,-0.031,0.012,0.07,-0.01,1,2
212332,0.051,0.005,1.003,0.164,-0.117,-0.264,0.9821,0.0072,-0.0244,0.1867,0.284,-2.902,201.517,0.000,-1.564,2.111,0.000,-0.031,0.012,-1.416,8.894,2.111,0.000,-0.031,0.012,0.06,-0.01,1,2
212338,0.051,0.005,1.003,0.173,-0.137,-0.292,0.9821,0.0072,-0.0244,0.1867,0.288,-2.906,201.516,0.000,-1.564,2.111,0.000,-0.031,0.012,-1.416,8.894,2.111,0.000,-0.031,0.012,0.06,-0.54,1,2
212664,0.053,0.004,1.003,0.265,-0.796,-0.418,0.9821,0.0071,-0.0254,0.1867,0.258,-3.010,201.520,0.000,-1.564,2.111,0.630,-0.031,0.012,-1.416,8.894,2.111,0.621,-0.031,0.012,0.05,-0.22,1,2
212697,0.053,0.005,1.003,0.238,-0.896,-0.295,0.9821,0.0075,-0.0254,0.1866,0.301,-3.016,201.503,0.000,-1.564,2.111,0.678,-0.031,0.012,-1.416,8.894,2.111,0.678,-0.031,0.012,0.05,0.04,1,2
212710,0.054,0.006,1.002,-0.015,-0.871,-0.197,0.9821,0.0079,-0.0257,0.1865,0.335,-3.060,201.499,0.000,-1.564,2.111,0.709,-0.031,0.012,-1.416,8.894,2.111,0.709,-0.031,0.012,0.05,0.04,1,2
212722,0.054,0.007,1.001,-0.231,-0.856,0.193,0.9821,0.0083,-0.0259,0.1865,0.383,-3.092,201.497,0.000,-1.564,2.111,0.741,-0.031,0.012,-1.416,8.894,2.111,0.741,-0.031,0.012,0.05,0.03,1,2
212740,0.054,0.007,1.002,-0.219,-0.933,0.525,0.9821,0.0084,-0.0258,0.1866,0.391,-3.086,201.503,0.000,-1.564,2.111,0.766,-0.031,0.012,-1.416,8.894,2.111,0.766,-0.031,0.012,0.05,-0.01,1,2
212751,0.054,0.006,1.002,-0.407,-0.925,0.698,0.9821,0.0081,-0.0257,0.1866,0.361,-3.067,201.512,0.000,-1.564,2.111,0.766,-0.031,0.012,-1.416,8.894,2.111,0.766,-0.031,0.012,0.05,-0.01,1,2
212765,0.054,0.005,1.003,-0.352,-1.001,0.645,0.9820,0.0077,-0.0259,0.1867,0.309,-3.080,201.523,0.000,-1.564,2.111,0.769,-0.031,0.012,-1.416,8.894,2.111,0.769,-0.031,0.012,0.05,-0.01,1,2
212776,0.054,0.005,1.002,-0.374,-0.981,0.550,0.9820,0.0078,-0.0261,0.1868,0.322,-3.107,201.527,0.000,-1.564,2.111,0.769,-0.031,0.012,-1.416,8.894,2.111,0.769,-0.031,0.012,0.05,-0.02,1,2
212785,0.054,0.005,1.003,-0.152,-1.041,0.375,0.9820,0.0072,-0.0261,0.1868,0.250,-3.096,201.536,0.000,-1.564,2.111,0.769,-0.031,0.012,-1.416,8.894,2.111,0.769,-0.031,0.012,0.05,-0.02,1,2
212798,0.054,0.004,1.002,-0.011,-1.047,0.032,0.9820,0.0072,-0.0260,0.1868,0.252,-3.085,201.538,0.000,-1.564,2.111,0.769,-0.031,0.012,-1.416,8.894,2.111,0.769,-0.031,0.012,0.04,-0.11,1,2
212810,0.054,0.004,1.002,0.320,-1.060,-0.184,0.9820,0.0072,-0.0261,0.1868,0.252,-3.093,201.537,0.000,-1.564,2.111,0.769,-0.031,0.012,-1.416,8.894,2.111,0.769,-0.031,0.012,0.04,-0.10,1,2
212820,0.054,0.004,1.003,0.364,-1.057,-0.376,0.9820,0.0071,-0.0263,0.1868,0.234,-3.112,201.535,0.000,-1.564,2.111,0.769,-0.031,0.012,-1.416,8.894,2.111,0.769,-0.031,0.012,0.04,-0.10,1,2
212833,0.055,0.005,1.003,0.535,-1.171,-0.566,0.9820,0.0075,-0.0263,0.1867,0.287,-3.117,201.526,0.000,-1.564,2.111,0.769,-0.031,0.012,-1.416,8.894,2.111,0.769,-0.031,0.012,0.05,-0.03,1,2
212842,0.055,0.005,1.003,0.364,-1.168,-0.587,0.9820,0.0076,-0.0263,0.1867,0.290,-3.127,201.522,0.000,-1.564,2.111,0.769,-0.031,0.012,-1.416,8.894,2.111,0.769,-0.031,0.012,0.05,-0.03,1,2
212856,0.055,0.006,1.003,0.351,-1.150,-0.445,0.9820,0.0077,-0.0264,0.1866,0.297,-3.136,201.513,0.000,-1.564,2.111,0.769,-0.031,0.012,-1.416,8.894,2.111,0.769,-0.031,0.012,0.06,0.57,1,2
212867,0.055,0.006,1.003,0.250,-1.149,-0.233,0.9820,0.0080,-0.0266,0.1866,0.332,-3.171,201.508,0.000,-1.564,2.111,0.769,-0.031,0.012,-1.416,8.894,2.111,0.769,-0.031,0.012,0.06,0.57,1,2
212876,0.055,0.006,1.003,0.052,-1.153,-0.020,0.9820,0.0081,-0.0266,0.1866,0.347,-3.166,201.506,0.000,-1.564,2.111,0.769,-0.031,0.012,-1.416,8.894,2.111,0.769,-0.031,0.012,0.07,0.54,1,2
212890,0.056,0.006,1.003,-0.181,-1.151,0.322,0.9820,0.0083,-0.0266,0.1866,0.369,-3.174,201.507,0.000,-1.564,2.111,0.769,-0.031,0.012,-1.416,8.894,2.111,0.769,-0.031,0.012,0.08,0.51,1,2
212902,0.056,0.007,1.003,-0.343,-1.192,0.484,0.9820,0.0083,-0.0268,0.1866,0.366,-3.197,201.512,0.000,-1.564,2.111,0.769,-0.031,0.012,-1.416,8.894,2.111,0.769,-0.031,0.012,0.08,0.51,1,2
212916,0.056,0.007,1.003,-0.393,-1.145,0.637,0.9820,0.0085,-0.0269,0.1867,0.383,-3.209,201.519,0.000,-1.564,2.111,0.769,-0.031,0.012,-1.416,8.894,2.111,0.769,-0.031,0.012,0.08,0.43,1,2
212924,0.056,0.007,1.003,-0.439,-1.129,0.622,0.9820,0.0085,-0.0270,0.1867,0.380,-3.220,201.524,0.000,-1.564,2.111,0.769,-0.031,0.012,-1.416,8.894,2.111,0.769,-0.031,0.012,0.08,0.43,1,2
212938,0.057,0.006,1.003,-0.295,-1.126,0.546,0.9820,0.0083,-0.0271,0.1868,0.349,-3.233,201.533,0.000,-1.564,2.111,0.769,-0.031,0.012,-1.416,8.894,2.111,0.769,-0.031,0.012,0.08,-0.10,1,2
212951,0.057,0.006,1.003,-0.100,-1.104,0.345,0.9820,0.0082,-0.0272,0.1869,0.343,-3.241,201.539,0.000,-1.564,2.111,0.769,-0.031,0.012,-1.416,8.894,2.111,0.769,-0.031,0.012,0.08,-0.10,1,2
212962,0.057,0.006,1.003,0.050,-1.165,0.088,0.9820,0.0080,-0.0273,0.1869,0.314,-3.248,201.542,0.000,-1.564,2.111,0.769,-0.031,0.012,-1.416,8.894,2.111,0.769,-0.031,0.012,0.08,-0.10,1,2
213382,0.064,0.006,1.003,-0.098,-0.515,0.389,0.9818,0.0087,-0.0309,0.1869,0.321,-3.667,201.546,0.000,-1.564,2.111,0.004,-0.031,0.012,-1.416,8.894,2.111,0.004,-0.031,0.012,0.05,0.10,1,2
213411,0.064,0.006,1.003,-0.258,-0.438,0.447,0.9818,0.0087,-0.0310,0.1870,0.310,-3.674,201.562,0.000,-1.564,2.111,0.004,-0.031,0.012,-1.416,8.894,2.111,0.004,-0.031,0.012,0.04,-0.24,1,2
213423,0.065,0.006,1.003,-0.094,-0.418,0.331,0.9818,0.0088,-0.0311,0.1871,0.322,-3.695,201.565,0.000,-1.564,2.111,0.004,-0.031,0.012,-1.416,8.894,2.111,0.004,-0.031,0.012,0.04,-0.24,1,2
213431,0.065,0.005,1.003,0.005,-0.406,0.168,0.9818,0.0086,-0.0311,0.1871,0.301,-3.684,201.569,0.000,-1.564,2.111,0.004,-0.031,0.012,-1.416,8.894,2.111,0.004,-0.031,0.012,0.04,-0.17,1,2
213442,0.065,0.004,1.003,0.138,-0.396,-0.049,0.9818,0.0080,-0.0312,0.1871,0.232,-3.688,201.574,0.000,-1.564,2.111,0.004,-0.031,0.012,-1.416,8.894,2.111,0.004,-0.031,0.012,0.04,-0.17,1,2
213457,0.065,0.004,1.003,0.221,-0.343,-0.299,0.9818,0.0082,-0.0313,0.1871,0.257,-3.698,201.570,0.000,-1.564,2.111,0.004,-0.031,0.012,-1.416,8.894,2.111,0.004,-0.031,0.012,0.05,0.31,1,2
213466,0.065,0.004,1.003,0.253,-0.355,-0.412,0.9818,0.0081,-0.0315,0.1871,0.239,-3.719,201.567,0.000,-1.564,2.111,0.004,-0.031,0.012,-1.416,8.894,2.111,0.004,-0.031,0.012,0.05,0.31,1,2
213480,0.065,0.004,1.003,0.226,-0.300,-0.449,0.9818,0.0081,-0.0315,0.1870,0.242,-3.724,201.562,0.000,-1.564,2.111,0.004,-0.031,0.012,-1.416,8.894,2.111,0.004,-0.031,0.012,0.05,0.29,1,2
213487,0.065,0.005,1.003,0.264,-0.267,-0.398,0.9818,0.0086,-0.0315,0.1870,0.289,-3.732,201.555,0.000,-1.564,2.111,0.004,-0.031,0.012,-1.416,8.894,2.111,0.004,-0.031,0.012,0.06,0.29,1,2
213498,0.065,0.005,1.003,0.217,-0.274,-0.268,0.9818,0.0086,-0.0315,0.1870,0.293,-3.735,201.553,0.000,-1.564,2.111,0.004,-0.031,0.012,-1.416,8.894,2.111,0.004,-0.031,0.012,0.06,0.25,1,2
213511,0.066,0.006,1.003,0.054,-0.300,-0.106,0.9818,0.0090,-0.0315,0.1869,0.340,-3.739,201.548,0.000,-1.564,2.111,0.004,-0.031,0.012,-1.416,8.894,2.111,0.004,-0.031,0.012,0.06,0.25,1,2
213522,0.066,0.006,1.003,-0.035,-0.200,0.124,0.9818,0.0092,-0.0315,0.1869,0.361,-3.740,201.547,0.000,-1.564,2.111,0.004,-0.031,0.012,-1.416,8.894,2.111,0.004,-0.031,0.012,0.06,0.02,1,2
213534,0.066,0.007,1.003,-0.047,-0.125,0.257,0.9818,0.0094,-0.0315,0.1869,0.383,-3.747,201.548,0.000,-1.564,2.111,0.004,-0.031,0.012,-1.416,8.894,2.111,0.004,-0.031,0.012,0.06,0.01,1,2
213544,0.066,0.007,1.003,-0.139,-0.128,0.309,0.9818,0.0094,-0.0315,0.1870,0.383,-3.750,201.550,0.000,-1.564,2.111,0.004,-0.031,0.012,-1.416,8.894,2.111,0.004,-0.031,0.012,0.06,0.01,1,2
213551,0.066,0.007,1.003,-0.192,-0.124,0.335,0.9818,0.0094,-0.0315,0.1870,0.379,-3.751,201.552,0.000,-1.564,2.111,0.004,-0.031,0.012,-1.416,8.894,2.111,0.004,-0.031,0.012,0.06,0.01,1,2
213562,0.066,0.006,1.003,-0.239,-0.028,0.434,0.9818,0.0090,-0.0317,0.1870,0.330,-3.764,201.562,0.000,-1.564,2.111,0.004,-0.031,0.012,-1.416,8.894,2.111,0.004,-0.031,0.012,0.06,-0.00,1,2
213575,0.066,0.006,1.003,-0.153,0.021,0.389,0.9818,0.0089,-0.0317,0.1871,0.323,-3.759,201.567,0.000,-1.564,2.111,0.004,-0.031,0.012,-1.416,8.894,2.111,0.004,-0.031,0.012,0.05,-0.14,1,2
213586,0.066,0.005,1.003,-0.133,0.054,0.276,0.9818,0.0085,-0.0317,0.1871,0.276,-3.752,201.574,0.000,-1.564,2.111,0.004,-0.031,0.012,-1.416,8.894,2.111,0.004,-0.031,0.012,0.05,-0.14,1,2
213594,0.066,0.005,1.003,-0.110,0.056,0.217,0.9818,0.0085,-0.0317,0.1871,0.274,-3.754,201.575,0.000,-1.564,2.111,0.004,-0.031,0.012,-1.416,8.894,2.111,0.004,-0.031,0.012,0.05,-0.14,1,2
213607,0.066,0.005,1.003,-0.013,0.120,-0.065,0.9818,0.0085,-0.0317,0.1871,0.273,-3.749,201.576,0.000,-1.564,2.111,0.004,-0.031,0.012,-1.416,8.894,2.111,0.004,-0.031,0.012,0.05,-0.14,1,2
213618,0.066,0.005,1.003,0.149,0.087,-0.176,0.9818,0.0085,-0.0317,0.1871,0.273,-3.747,201.574,0.000,-1.564,2.111,0.002,-0.031,0.012,-1.416,8.894,2.111,0.002,-0.031,0.012,0.05,-0.13,1,2
213625,0.066,0.005,1.003,0.229,0.103,-0.235,0.9818,0.0087,-0.0316,0.1871,0.297,-3.746,201.571,0.000,-1.564,2.111,0.004,-0.031,0.012,-1.416,8.894,2.111,0.004,-0.031,0.012,0.05,-0.13,1,2
213640,0.066,0.005,1.003,0.289,0.180,-0.325,0.9818,0.0087,-0.0316,0.1871,0.307,-3.750,201.566,0.000,-1.564,2.111,0.002,-0.031,0.012,-1.416,8.894,2.111,0.002,-0.031,0.012,0.06,-0.05,1,2
213650,0.066,0.005,1.003,0.289,0.210,-0.338,0.9818,0.0088,-0.0316,0.1871,0.310,-3.749,201.565,0.000,-1.564,2.111,0.002,-0.031,0.012,-1.416,8.894,2.111,0.002,-0.031,0.012,0.06,-0.05,1,2
214009,0.062,0.005,1.003,0.111,1.135,0.007,0.9819,0.0084,-0.0299,0.1870,0.310,-3.543,201.561,0.000,-1.564,2.111,0.007,0.748,0.012,-1.416,8.894,2.111,0.007,0.748,0.012,0.03,-0.25,1,2
214150,0.059,0.004,1.003,0.224,0.822,-0.283,0.9819,0.0077,-0.0285,0.1871,0.253,-3.376,201.572,0.000,-1.564,2.111,0.015,0.769,0.012,-1.416,8.894,2.111,0.015,0.769,0.012,0.07,0.28,1,2
214163,0.059,0.005,1.003,0.197,0.794,-0.239,0.9819,0.0078,-0.0285,0.1871,0.273,-3.377,201.568,0.000,-1.564,2.111,0.015,0.769,0.012,-1.416,8.894,2.111,0.015,0.769,0.012,0.06,0.28,1,2
214176,0.059,0.005,1.003,0.082,0.701,-0.119,0.9819,0.0081,-0.0286,0.1871,0.301,-3.390,201.564,0.000,-1.564,2.111,0.015,0.769,0.012,-1.416,8.894,2.111,0.015,0.769,0.012,0.06,-0.54,1,2
214190,0.059,0.005,1.003,0.091,0.682,-0.010,0.9819,0.0082,-0.0284,0.1871,0.309,-3.376,201.563,0.000,-1.564,2.111,0.012,0.769,0.012,-1.416,8.894,2.111,0.012,0.769,0.012,0.05,-0.51,1,2
214200,0.059,0.006,1.003,0.016,0.697,0.109,0.9819,0.0082,-0.0283,0.1871,0.318,-3.367,201.563,0.000,-1.564,2.111,0.012,0.769,0.012,-1.416,8.894,2.111,0.012,0.769,0.012,0.04,-0.51,1,2
214210,0.059,0.006,1.003,-0.036,0.683,0.175,0.9819,0.0084,-0.0284,0.1871,0.337,-3.381,201.563,0.000,-1.564,2.111,0.012,0.769,0.012,-1.416,8.894,2.111,0.012,0.769,0.012,0.04,-0.45,1,2
214217,0.059,0.006,1.003,-0.054,0.689,0.244,0.9819,0.0085,-0.0282,0.1871,0.349,-3.357,201.564,0.000,-1.564,2.111,0.012,0.769,0.012,-1.416,8.894,2.111,0.012,0.769,0.012,0.04,-0.45,1,2
214232,0.059,0.006,1.003,-0.042,0.723,0.280,0.9819,0.0084,-0.0283,0.1871,0.338,-3.370,201.567,0.000,-1.564,2.111,0.012,0.769,0.012,-1.416,8.894,2.111,0.012,0.769,0.012,0.04,-0.45,1,2
214242,0.059,0.006,1.003,-0.068,0.683,0.288,0.9819,0.0083,-0.0280,0.1871,0.336,-3.336,201.571,0.000,-1.564,2.111,0.008,0.769,0.012,-1.416,8.894,2.111,0.008,0.769,0.012,0.04,-0.13,1,2
214258,0.058,0.006,1.003,-0.050,0.615,0.270,0.9819,0.0081,-0.0281,0.1872,0.307,-3.337,201.578,0.000,-1.564,2.111,0.008,0.769,0.012,-1.416,8.894,2.111,0.008,0.769,0.012,0.03,-0.13,1,2
214266,0.058,0.005,1.003,-0.036,0.601,0.196,0.9819,0.0080,-0.0280,0.1872,0.302,-3.329,201.580,0.000,-1.564,2.111,0.008,0.769,0.012,-1.416,8.894,2.111,0.008,0.769,0.012,0.03,-0.13,1,2
214278,0.058,0.005,1.003,0.038,0.574,0.067,0.9819,0.0080,-0.0280,0.1872,0.300,-3.322,201.581,0.000,-1.564,2.111,0.008,0.759,0.012,-1.416,8.894,2.111,0.008,0.759,0.012,0.03,-0.14,1,2
214285,0.058,0.005,1.003,0.118,0.556,-0.010,0.9819,0.0080,-0.0277,0.1872,0.303,-3.294,201.581,0.000,-1.564,2.111,0.008,0.719,0.012,-1.416,8.894,2.111,0.008,0.743,0.012,0.03,-0.14,1,2
214300,0.058,0.005,1.003,0.133,0.475,-0.203,0.9819,0.0080,-0.0276,0.1872,0.305,-3.282,201.579,0.000,-1.564,2.111,0.007,0.669,0.012,-1.416,8.894,2.111,0.007,0.696,0.012,0.02,-0.31,1,2
214312,0.057,0.006,1.003,0.112,0.361,-0.173,0.9819,0.0080,-0.0276,0.1872,0.308,-3.275,201.577,0.000,-1.564,2.111,0.007,0.644,0.012,-1.416,8.894,2.111,0.007,0.657,0.012,0.02,-0.30,1,2
214318,0.057,0.006,1.003,0.128,0.333,-0.172,0.9819,0.0080,-0.0275,0.1872,0.310,-3.268,201.576,0.000,-1.564,2.111,0.007,0.624,0.012,-1.416,8.894,2.111,0.007,0.644,0.012,0.02,-0.30,1,2
214330,0.057,0.006,1.003,0.211,0.416,-0.073,0.9819,0.0082,-0.0275,0.1872,0.330,-3.271,201.574,0.000,-1.564,2.111,0.007,0.605,0.012,-1.416,8.894,2.111,0.007,0.605,0.012,0.01,-0.28,1,2
214341,0.057,0.006,1.003,0.274,0.468,-0.090,0.9819,0.0080,-0.0272,0.1872,0.317,-3.238,201.574,0.000,-1.564,2.111,0.007,0.594,0.012,-1.416,8.894,2.111,0.007,0.594,0.012,0.01,-0.28,1,2
214353,0.057,0.006,1.003,0.068,0.292,-0.007,0.9819,0.0085,-0.0275,0.1871,0.366,-3.283,201.570,0.000,-1.564,2.111,0.004,0.543,0.012,-1.416,8.894,2.111,0.007,0.575,0.012,0.01,-0.20,1,2
214360,0.057,0.006,1.003,-0.027,0.180,0.106,0.9819,0.0085,-0.0273,0.1871,0.367,-3.259,201.571,0.000,-1.564,2.111,0.004,0.543,0.012,-1.416,8.894,2.111,0.004,0.543,0.012,0.01,-0.20,1,2
214372,0.057,0.005,1.004,-0.038,0.004,0.252,0.9819,0.0079,-0.0272,0.1872,0.303,-3.232,201.577,0.000,-1.564,2.111,0.004,0.494,0.012,-1.416,8.894,2.111,0.004,0.507,0.012,0.02,0.39,1,2
214383,0.057,0.004,1.004,0.002,0.059,0.066,0.9819,0.0076,-0.0275,0.1872,0.264,-3.254,201.581,0.000,-1.564,2.111,0.004,0.453,0.012,-1.416,8.894,2.111,0.004,0.453,0.012,0.02,0.39,1,2
214390,0.057,0.004,1.004,-0.025,0.117,-0.030,0.9819,0.0072,-0.0272,0.1872,0.231,-3.223,201.583,0.000,-1.564,2.111,0.004,0.437,0.012,-1.416,8.894,2.111,0.004,0.437,0.012,0.03,0.37,1,2
214666,0.056,0.005,1.004,-0.064,-0.140,0.104,0.9819,0.0079,-0.0267,0.1872,0.313,-3.175,201.582,0.000,-1.564,2.111,0.004,-0.031,0.012,-1.416,8.894,2.111,0.004,-0.027,0.012,0.01,-0.07,1,2
214685,0.056,0.006,1.004,-0.035,-0.150,0.184,0.9819,0.0081,-0.0268,0.1873,0.332,-3.193,201.584,0.000,-1.564,2.111,0.004,-0.031,0.012,-1.416,8.894,2.111,0.004,-0.031,0.012,0.01,-0.08,1,2
214698,0.056,0.006,1.004,-0.019,-0.085,0.197,0.9819,0.0079,-0.0268,0.1873,0.310,-3.183,201.588,0.000,-1.564,2.111,0.004,-0.031,0.012,-1.416,8.894,2.111,0.004,-0.031,0.012,0.00,-0.17,1,2
214710,0.056,0.006,1.003,0.011,-0.120,0.096,0.9819,0.0079,-0.0268,0.1873,0.310,-3.184,201.590,0.000,-1.564,2.111,0.002,-0.031,0.012,-1.416,8.894,2.111,0.002,-0.031,0.012,0.00,-0.17,1,2
214722,0.056,0.005,1.003,0.021,-0.150,0.014,0.9819,0.0081,-0.0269,0.1873,0.329,-3.201,201.589,0.000,-1.564,2.111,0.004,-0.031,0.012,-1.416,8.894,2.111,0.004,-0.031,0.012,0.00,-0.17,1,2
214730,0.056,0.005,1.003,0.001,-0.161,0.004,0.9819,0.0078,-0.0269,0.1873,0.306,-3.197,201.590,0.000,-1.564,2.111,0.004,-0.031,0.012,-1.416,8.894,2.111,0.004,-0.031,0.012,-0.00,-0.17,1,2
214744,0.056,0.005,1.003,0.064,-0.153,-0.007,0.9819,0.0077,-0.0270,0.1873,0.285,-3.209,201.591,0.000,-1.564,2.111,0.002,-0.031,0.012,-1.416,8.894,2.111,0.002,-0.031,0.012,-0.00,-0.17,1,2
214752,0.056,0.005,1.003,0.051,-0.159,-0.055,0.9819,0.0077,-0.0270,0.1873,0.283,-3.206,201.591,0.000,-1.564,2.111,0.002,-0.031,0.012,-1.416,8.894,2.111,0.002,-0.031,0.012,-0.01,-0.23,1,2
214762,0.056,0.005,1.003,0.061,-0.166,-0.012,0.9819,0.0077,-0.0268,0.1873,0.289,-3.184,201.591,0.000,-1.564,2.111,0.002,-0.031,0.012,-1.416,8.894,2.111,0.002,-0.031,0.012,-0.01,-0.23,1,2
214781,0.056,0.005,1.003,0.028,-0.174,-0.041,0.9819,0.0078,-0.0269,0.1873,0.297,-3.189,201.590,0.000,-1.564,2.111,0.002,-0.031,0.012,-1.416,8.894,2.111,0.002,-0.031,0.012,-0.01,-0.22,1,2
214791,0.056,0.005,1.003,0.085,-0.160,-0.066,0.9819,0.0078,-0.0269,0.1873,0.303,-3.191,201.589,0.000,-1.564,2.111,0.004,-0.031,0.012,-1.416,8.894,2.111,0.002,-0.031,0.012,-0.01,-0.22,1,2
214797,0.056,0.006,1.003,0.082,-0.173,0.018,0.9819,0.0080,-0.0270,0.1873,0.320,-3.212,201.588,0.000,-1.564,2.111,0.004,-0.031,0.012,-1.416,8.894,2.111,0.004,-0.031,0.012,-0.01,-0.20,1,2
214807,0.056,0.006,1.003,0.099,-0.182,0.080,0.9819,0.0081,-0.0269,0.1873,0.341,-3.201,201.587,0.000,-1.564,2.111,0.004,-0.031,0.012,-1.416,8.894,2.111,0.004,-0.031,0.012,-0.02,-0.20,1,2
214822,0.056,0.006,1.003,0.095,-0.266,0.112,0.9819,0.0082,-0.0269,0.1873,0.341,-3.202,201.589,0.000,-1.564,2.111,0.004,-0.031,0.012,-1.416,8.894,2.111,0.004,-0.031,0.012,-0.02,-0.19,1,2
214833,0.056,0.006,1.003,0.079,-0.188,0.173,0.9819,0.0081,-0.0267,0.1873,0.337,-3.178,201.591,0.000,-1.564,2.111,0.004,-0.031,0.012,-1.416,8.894,2.111,0.004,-0.031,0.012,-0.02,-0.18,1,2
214840,0.056,0.006,1.003,0.086,-0.162,0.102,0.9819,0.0079,-0.0268,0.1873,0.317,-3.189,201.593,0.000,-1.564,2.111,0.004,-0.031,0.012,-1.416,8.894,2.111,0.004,-0.031,0.012,-0.02,-0.18,1,2
214854,0.056,0.005,1.004,0.030,-0.215,0.102,0.9819,0.0079,-0.0271,0.1873,0.305,-3.214,201.595,0.000,-1.564,2.111,0.016,-0.031,0.012,-1.416,8.894,2.111,0.016,-0.031,0.012,-0.02,-0.17,1,2
214870,0.056,0.005,1.004,-0.032,-0.240,0.083,0.9819,0.0078,-0.0270,0.1874,0.293,-3.208,201.597,0.000,-1.564,2.111,0.074,-0.031,0.012,-1.416,8.894,2.111,0.074,-0.031,0.012,-0.03,-0.17,1,2
214881,0.056,0.005,1.004,-0.031,-0.274,0.073,0.9819,0.0079,-0.0269,0.1874,0.312,-3.198,201.597,0.000,-1.564,2.111,0.134,-0.031,0.012,-1.416,8.894,2.111,0.111,-0.031,0.012,-0.03,-0.17,1,2
214897,0.056,0.005,1.004,0.009,-0.226,0.046,0.9819,0.0080,-0.0270,0.1874,0.316,-3.207,201.597,0.000,-1.564,2.111,0.224,-0.031,0.012,-1.416,8.894,2.111,0.200,-0.031,0.012,-0.03,-0.27,1,2
214906,0.056,0.006,1.004,0.014,-0.212,-0.037,0.9819,0.0080,-0.0272,0.1874,0.319,-3.233,201.597,0.000,-1.564,2.111,0.246,-0.031,0.012,-1.416,8.894,2.111,0.246,-0.031,0.012,-0.04,-0.27,1,2
214919,0.056,0.006,1.004,0.120,-0.253,0.001,0.9819,0.0082,-0.0271,0.1874,0.345,-3.228,201.595,0.000,-1.564,2.111,0.334,-0.031,0.012,-1.416,8.894,2.111,0.314,-0.031,0.012,-0.04,-0.25,1,2
214930,0.057,0.006,1.004,0.238,-0.234,-0.090,0.9819,0.0082,-0.0271,0.1873,0.346,-3.231,201.595,0.000,-1.564,2.111,0.387,-0.031,0.012,-1.416,8.894,2.111,0.371,-0.031,0.012,-0.04,-0.21,1,2
215223,0.058,0.004,1.003,0.080,-0.341,0.039,0.9818,0.0072,-0.0280,0.1876,0.207,-3.302,201.629,0.000,-1.564,2.111,0.769,-0.031,0.012,-1.416,8.894,2.111,0.769,-0.029,0.012,-0.01,-0.08,1,2
215238,0.058,0.003,1.003,0.231,-0.428,-0.263,0.9818,0.0070,-0.0278,0.1876,0.195,-3.278,201.627,0.000,-1.564,2.111,0.769,-0.031,0.012,-1.416,8.894,2.111,0.769,-0.031,0.012,-0.01,-0.07,1,2
215252,0.058,0.004,1.003,0.426,-0.497,-0.436,0.9818,0.0074,-0.0280,0.1875,0.229,-3.306,201.621,0.000,-1.564,2.111,0.769,-0.031,0.012,-1.416,8.894,2.111,0.769,-0.031,0.012,-0.01,-0.03,1,2
215267,0.058,0.004,1.003,0.355,-0.382,-0.432,0.9818,0.0074,-0.0280,0.1875,0.237,-3.308,201.614,0.000,-1.564,2.111,0.769,-0.031,0.012,-1.416,8.894,2.111,0.769,-0.031,0.012,-0.01,-0.03,1,2
215278,0.058,0.005,1.004,0.384,-0.364,-0.381,0.9818,0.0077,-0.0279,0.1874,0.269,-3.310,201.608,0.000,-1.564,2.111,0.769,-0.031,0.012,-1.416,8.894,2.111,0.769,-0.031,0.012,-0.00,0.37,1,2
215289,0.058,0.005,1.003,0.164,-0.362,-0.180,0.9818,0.0081,-0.0279,0.1874,0.310,-3.318,201.602,0.000,-1.564,2.111,0.769,-0.031,0.012,-1.416,8.894,2.111,0.769,-0.031,0.012,0.00,0.43,1,2
215302,0.058,0.006,1.004,0.004,-0.346,0.023,0.9818,0.0081,-0.0279,0.1874,0.317,-3.321,201.601,0.000,-1.564,2.111,0.769,-0.031,0.012,-1.416,8.894,2.111,0.769,-0.031,0.012,0.01,0.43,1,2
215314,0.058,0.006,1.004,-0.125,-0.381,0.230,0.9818,0.0083,-0.0279,0.1874,0.338,-3.318,201.601,0.000,-1.564,2.111,0.769,-0.031,0.012,-1.416,8.894,2.111,0.769,-0.031,0.012,0.01,0.40,1,2
215326,0.058,0.006,1.003,-0.295,-0.362,0.479,0.9818,0.0081,-0.0280,0.1874,0.313,-3.331,201.608,0.000,-1.564,2.111,0.769,-0.031,0.012,-1.416,8.894,2.111,0.769,-0.031,0.012,0.02,0.40,1,2
215336,0.058,0.006,1.003,-0.289,-0.346,0.540,0.9818,0.0081,-0.0281,0.1875,0.311,-3.336,201.612,0.000,-1.564,2.111,0.769,-0.031,0.012,-1.416,8.894,2.111,0.769,-0.031,0.012,0.02,0.36,1,2
215347,0.058,0.006,1.004,-0.337,-0.344,0.547,0.9818,0.0080,-0.0280,0.1875,0.302,-3.323,201.619,0.000,-1.564,2.111,0.769,-0.031,0.012,-1.416,8.894,2.111,0.769,-0.031,0.012,0.02,0.36,1,2
215362,0.058,0.005,1.004,-0.219,-0.378,0.437,0.9818,0.0080,-0.0281,0.1876,0.295,-3.330,201.627,0.000,-1.564,2.111,0.769,-0.031,0.012,-1.416,8.894,2.111,0.769,-0.031,0.012,0.02,0.13,1,2
215379,0.059,0.005,1.004,-0.008,-0.385,0.170,0.9818,0.0079,-0.0282,0.1876,0.285,-3.340,201.632,0.000,-1.564,2.111,0.769,-0.031,0.012,-1.416,8.894,2.111,0.769,-0.031,0.012,0.02,0.12,1,2
215386,0.059,0.005,1.003,0.068,-0.403,0.040,0.9818,0.0079,-0.0282,0.1877,0.282,-3.346,201.632,0.000,-1.564,2.111,0.769,-0.031,0.012,-1.416,8.894,2.111,0.769,-0.031,0.012,0.03,0.12,1,2
215398,0.059,0.005,1.003,0.143,-0.419,-0.175,0.9818,0.0079,-0.0282,0.1876,0.285,-3.350,201.631,0.000,-1.564,2.111,0.769,-0.031,0.012,-1.416,8.894,2.111,0.769,-0.031,0.012,0.03,0.12,1,2
215410,0.059,0.005,1.004,0.237,-0.412,-0.302,0.9818,0.0080,-0.0283,0.1876,0.290,-3.353,201.628,0.000,-1.564,2.111,0.769,-0.031,0.012,-1.416,8.894,2.111,0.769,-0.031,0.012,0.03,0.18,1,2
215417,0.059,0.005,1.003,0.278,-0.388,-0.368,0.9818,0.0078,-0.0282,0.1876,0.274,-3.339,201.627,0.000,-1.564,2.111,0.769,-0.031,0.012,-1.416,8.894,2.111,0.769,-0.031,0.012,0.03,0.18,1,2
215431,0.059,0.005,1.003,0.354,-0.451,-0.367,0.9818,0.0080,-0.0283,0.1876,0.296,-3.360,201.621,0.000,-1.564,2.111,0.769,-0.031,0.012,-1.416,8.894,2.111,0.769,-0.031,0.012,0.03,0.17,1,2
215442,0.059,0.005,1.004,0.308,-0.401,-0.314,0.9818,0.0079,-0.0282,0.1875,0.283,-3.349,201.618,0.000,-1.564,2.111,0.769,-0.031,0.012,-1.416,8.894,2.111,0.769,-0.031,0.012,0.03,0.17,1,2
215451,0.059,0.005,1.003,0.161,-0.412,-0.160,0.9818,0.0083,-0.0282,0.1875,0.327,-3.350,201.613,0.000,-1.564,2.111,0.769,-0.031,0.012,-1.416,8.894,2.111,0.769,-0.031,0.012,0.03,0.13,1,2
215464,0.059,0.006,1.003,0.071,-0.381,-0.017,0.9818,0.0083,-0.0282,0.1875,0.332,-3.359,201.612,0.000,-1.564,2.111,0.769,-0.031,0.012,-1.416,8.894,2.111,0.769,-0.031,0.012,0.03,0.13,1,2
215476,0.059,0.006,1.003,-0.061,-0.384,0.164,0.9818,0.0084,-0.0283,0.1875,0.335,-3.365,201.613,0.000,-1.564,2.111,0.769,-0.031,0.012,-1.416,8.894,2.111,0.769,-0.031,0.012,0.03,-0.14,1,2
215491,0.059,0.006,1.003,-0.202,-0.330,0.325,0.9818,0.0086,-0.0283,0.1875,0.357,-3.365,201.615,0.000,-1.564,2.111,0.769,-0.031,0.012,-1.416,8.894,2.111,0.769,-0.031,0.012,0.03,-0.14,1,2
215505,0.059,0.006,1.003,-0.295,-0.404,0.435,0.9818,0.0085,-0.0283,0.1876,0.351,-3.368,201.622,0.000,-1.564,2.111,0.769,-0.031,0.012,-1.416,8.894,2.111,0.769,-0.031,0.012,0.03,-0.14,1,2
215794,0.060,0.006,1.005,-0.109,-0.235,-0.011,0.9818,0.0085,-0.0288,0.1876,0.341,-3.420,201.628,0.000,-1.564,2.111,0.000,-0.031,0.012,-1.416,8.894,2.111,0.000,-0.031,0.012,0.10,0.67,1,2
215812,0.060,0.007,1.004,-0.172,-0.146,0.318,0.9818,0.0088,-0.0282,0.1876,0.386,-3.370,201.628,0.000,-1.564,2.111,0.000,-0.031,0.012,-1.416,8.894,2.111,0.000,-0.031,0.012,0.10,-0.36,1,2
215823,0.061,0.007,1.003,-0.211,-0.108,0.407,0.9818,0.0089,-0.0292,0.1877,0.377,-3.484,201.632,0.000,-1.564,2.111,0.000,-0.031,0.012,-1.416,8.894,2.111,0.000,-0.031,0.012,0.10,-0.36,1,2
215831,0.060,0.007,1.004,-0.164,-0.129,0.392,0.9818,0.0090,-0.0289,0.1877,0.392,-3.442,201.634,0.000,-1.564,2.111,0.000,-0.031,0.012,-1.416,8.894,2.111,0.000,-0.031,0.012,0.09,-0.34,1,2
215842,0.061,0.007,1.004,-0.175,-0.102,0.334,0.9817,0.0090,-0.0289,0.1877,0.394,-3.451,201.639,0.000,-1.564,2.111,0.000,-0.031,0.012,-1.416,8.894,2.111,0.000,-0.031,0.012,0.09,-0.34,1,2
215862,0.061,0.006,1.003,0.023,-0.107,0.174,0.9817,0.0087,-0.0291,0.1878,0.359,-3.460,201.646,0.000,-1.564,2.111,0.000,-0.031,0.012,-1.416,8.894,2.111,0.000,-0.031,0.012,0.09,-0.29,1,2
215867,0.061,0.006,1.003,0.039,-0.150,0.111,0.9817,0.0087,-0.0291,0.1878,0.357,-3.467,201.647,0.000,-1.564,2.111,0.000,-0.031,0.012,-1.416,8.894,2.111,0.000,-0.031,0.012,0.09,-0.29,1,2
215882,0.061,0.005,1.003,0.089,-0.129,-0.057,0.9817,0.0085,-0.0292,0.1878,0.305,-3.456,201.650,0.000,-1.564,2.111,0.000,-0.031,0.012,-1.416,8.894,2.111,0.000,-0.031,0.012,0.09,0.03,1,2
215896,0.061,0.005,1.003,0.151,-0.055,-0.186,0.9817,0.0083,-0.0292,0.1878,0.309,-3.461,201.648,0.000,-1.564,2.111,0.000,-0.031,0.012,-1.416,8.894,2.111,0.000,-0.031,0.012,0.09,0.02,1,2
215906,0.061,0.005,1.003,0.068,-0.073,-0.251,0.9817,0.0082,-0.0293,0.1878,0.291,-3.475,201.647,0.000,-1.564,2.111,0.000,-0.031,0.012,-1.416,8.894,2.111,0.000,-0.031,0.012,0.09,0.02,1,2
215916,0.061,0.005,1.003,0.050,-0.017,-0.140,0.9817,0.0084,-0.0292,0.1878,0.315,-3.465,201.644,0.000,-1.564,2.111,0.000,-0.031,0.012,-1.416,8.894,2.111,0.000,-0.031,0.012,0.09,0.02,1,2
215927,0.061,0.006,1.003,0.026,0.013,-0.165,0.9817,0.0086,-0.0291,0.1877,0.339,-3.465,201.641,0.000,-1.564,2.111,0.000,-0.031,0.012,-1.416,8.894,2.111,0.000,-0.031,0.012,0.09,0.02,1,2
215938,0.061,0.006,1.003,0.001,-0.013,-0.020,0.9818,0.0087,-0.0290,0.1877,0.355,-3.455,201.639,0.000,-1.564,2.111,0.002,-0.031,0.012,-1.416,8.894,2.111,0.002,-0.031,0.012,0.09,0.03,1,2
215946,0.061,0.007,1.003,-0.014,-0.090,0.045,0.9817,0.0090,-0.0291,0.1877,0.391,-3.467,201.637,0.000,-1.564,2.111,0.002,-0.031,0.012,-1.416,8.894,2.111,0.002,-0.031,0.012,0.09,0.03,1,2
215952,0.061,0.007,1.003,-0.031,-0.113,0.133,0.9817,0.0089,-0.0293,0.1877,0.377,-3.487,201.638,0.000,-1.564,2.111,0.002,-0.031,0.012,-1.416,8.894,2.111,0.002,-0.031,0.012,0.09,0.03,1,2
215966,0.061,0.007,1.003,0.007,0.011,0.306,0.9817,0.0090,-0.0291,0.1877,0.392,-3.471,201.641,0.000,-1.564,2.111,0.002,-0.031,0.012,-1.416,8.894,2.111,0.002,-0.031,0.012,0.09,0.03,1,2
215982,0.061,0.006,1.003,-0.062,-0.009,0.287,0.9817,0.0089,-0.0293,0.1878,0.370,-3.484,201.646,0.000,-1.564,2.111,0.002,-0.031,0.012,-1.416,8.894,2.111,0.002,-0.031,0.012,0.09,0.04,1,2
215992,0.061,0.006,1.003,-0.082,0.042,0.256,0.9817,0.0088,-0.0294,0.1878,0.355,-3.494,201.650,0.000,-1.564,2.111,0.002,-0.031,0.012,-1.416,8.894,2.111,0.002,-0.031,0.012,0.10,0.17,1,2
215998,0.061,0.006,1.003,-0.099,0.048,0.223,0.9817,0.0085,-0.0294,0.1878,0.322,-3.493,201.653,0.000,-1.564,2.111,0.002,-0.031,0.012,-1.416,8.894,2.111,0.002,-0.031,0.012,0.10,0.17,1,2
216010,0.061,0.005,1.003,-0.053,0.132,0.178,0.9817,0.0082,-0.0295,0.1879,0.288,-3.494,201.658,0.000,-1.564,2.111,0.002,-0.031,0.012,-1.416,8.894,2.111,0.002,-0.031,0.012,0.10,0.23,1,2
216022,0.061,0.005,1.003,-0.023,0.100,0.044,0.9817,0.0082,-0.0295,0.1879,0.287,-3.496,201.659,0.000,-1.564,2.111,0.002,-0.031,0.012,-1.416,8.894,2.111,0.002,-0.031,0.012,0.10,0.23,1,2
216034,0.061,0.005,1.003,-0.046,0.082,-0.033,0.9817,0.0084,-0.0294,0.1879,0.310,-3.491,201.658,0.000,-1.564,2.111,0.004,-0.031,0.012,-1.416,8.894,2.111,0.004,-0.031,0.012,0.10,0.22,1,2
216042,0.061,0.005,1.003,-0.019,0.046,-0.087,0.9817,0.0084,-0.0294,0.1879,0.310,-3.491,201.657,0.000,-1.564,2.111,0.004,-0.031,0.012,-1.416,8.894,2.111,0.004,-0.031,0.012,0.11,0.22,1,2
216054,0.061,0.006,1.003,0.098,0.104,-0.110,0.9817,0.0086,-0.0294,0.1878,0.334,-3.490,201.655,0.000,-1.564,2.111,0.004,-0.031,0.012,-1.416,8.894,2.111,0.004,-0.031,0.012,0.11,0.19,1,2
216350,0.059,0.006,1.004,0.012,0.407,0.286,0.9817,0.0087,-0.0283,0.1880,0.364,-3.371,201.669,0.000,-1.564,2.111,0.769,-0.031,0.012,-1.416,8.894,2.111,0.697,-0.031,0.012,0.10,0.01,1,2
216382,0.059,0.005,1.004,0.090,0.363,-0.270,0.9817,0.0078,-0.0285,0.1880,0.262,-3.370,201.676,0.000,-1.564,2.111,0.769,-0.031,0.012,-1.416,8.894,2.111,0.769,-0.031,0.012,0.10,0.01,1,2
216397,0.059,0.005,1.004,0.209,0.332,-0.299,0.9817,0.0080,-0.0283,0.1880,0.289,-3.359,201.671,0.000,-1.564,2.111,0.769,-0.031,0.012,-1.416,8.894,2.111,0.769,-0.031,0.012,0.10,0.00,1,2
216409,0.059,0.006,1.004,0.089,0.317,-0.241,0.9817,0.0082,-0.0281,0.1880,0.315,-3.342,201.667,0.000,-1.564,2.111,0.769,-0.031,0.012,-1.416,8.894,2.111,0.769,-0.031,0.012,0.10,0.00,1,2
216422,0.059,0.006,1.004,0.039,0.329,-0.198,0.9817,0.0085,-0.0281,0.1879,0.350,-3.341,201.661,0.000,-1.564,2.111,0.769,-0.031,0.012,-1.416,8.894,2.111,0.769,-0.031,0.012,0.10,0.00,1,2
216430,0.059,0.007,1.004,-0.023,0.361,-0.132,0.9817,0.0088,-0.0280,0.1879,0.392,-3.337,201.657,0.000,-1.564,2.111,0.769,-0.031,0.012,-1.416,8.894,2.111,0.769,-0.031,0.012,0.10,0.01,1,2
216445,0.059,0.007,1.004,0.007,0.382,0.074,0.9817,0.0089,-0.0281,0.1879,0.393,-3.355,201.657,0.000,-1.564,2.111,0.769,-0.031,0.012,-1.416,8.894,2.111,0.769,-0.031,0.012,0.11,0.01,1,2
216458,0.059,0.007,1.004,0.012,0.384,0.199,0.9817,0.0088,-0.0281,0.1879,0.392,-3.351,201.659,0.000,-1.564,2.111,0.769,-0.031,0.012,-1.416,8.894,2.111,0.769,-0.031,0.012,0.11,0.10,1,2
216467,0.059,0.007,1.004,-0.050,0.392,0.337,0.9817,0.0086,-0.0281,0.1879,0.364,-3.348,201.664,0.000,-1.564,2.111,0.769,-0.031,0.012,-1.416,8.894,2.111,0.769,-0.031,0.012,0.11,0.10,1,2
216478,0.059,0.006,1.004,-0.084,0.433,0.356,0.9817,0.0084,-0.0281,0.1880,0.338,-3.348,201.669,0.000,-1.564,2.111,0.769,-0.031,0.012,-1.416,8.894,2.111,0.769,-0.031,0.012,0.11,0.10,1,2
216490,0.059,0.006,1.004,-0.035,0.407,0.335,0.9817,0.0081,-0.0280,0.1880,0.309,-3.331,201.675,0.000,-1.564,2.111,0.769,-0.031,0.012,-1.416,8.894,2.111,0.769,-0.031,0.012,0.11,0.09,1,2
216501,0.059,0.005,1.004,-0.083,0.291,0.199,0.9817,0.0078,-0.0280,0.1881,0.278,-3.323,201.680,0.000,-1.564,2.111,0.769,-0.031,0.012,-1.416,8.894,2.111,0.769,-0.031,0.012,0.11,0.09,1,2
216506,0.059,0.005,1.004,-0.110,0.278,0.166,0.9817,0.0078,-0.0280,0.1881,0.275,-3.322,201.681,0.000,-1.564,2.111,0.769,-0.031,0.012,-1.416,8.894,2.111,0.769,-0.031,0.012,0.11,0.09,1,2
216515,0.058,0.005,1.004,-0.103,0.278,0.063,0.9817,0.0079,-0.0280,0.1881,0.290,-3.320,201.681,0.000,-1.564,2.111,0.769,-0.031,0.012,-1.416,8.894,2.111,0.769,-0.031,0.012,0.11,0.08,1,2
216524,0.058,0.005,1.004,-0.037,0.273,-0.020,0.9817,0.0080,-0.0279,0.1881,0.303,-3.319,201.680,0.000,-1.564,2.111,0.769,-0.031,0.012,-1.416,8.894,2.111,0.769,-0.031,0.012,0.11,0.08,1,2
216538,0.058,0.005,1.003,0.095,0.315,-0.145,0.9817,0.0081,-0.0279,0.1881,0.309,-3.314,201.679,0.000,-1.564,2.111,0.769,-0.031,0.012,-1.416,8.894,2.111,0.769,-0.031,0.012,0.11,0.05,1,2
216552,0.058,0.006,1.004,0.174,0.328,-0.212,0.9817,0.0083,-0.0278,0.1880,0.337,-3.312,201.674,0.000,-1.564,2.111,0.769,-0.031,0.012,-1.416,8.894,2.111,0.769,-0.031,0.012,0.11,0.05,1,2
216568,0.058,0.006,1.004,0.224,0.337,-0.162,0.9817,0.0082,-0.0276,0.1880,0.323,-3.288,201.673,0.000,-1.564,2.111,0.769,-0.031,0.012,-1.416,8.894,2.111,0.769,-0.031,0.012,0.11,0.05,1,2
216580,0.058,0.006,1.004,0.299,0.320,-0.046,0.9817,0.0084,-0.0277,0.1880,0.343,-3.302,201.670,0.000,-1.564,2.111,0.769,-0.031,0.012,-1.416,8.894,2.111,0.769,-0.031,0.012,0.11,0.02,1,2
216594,0.058,0.006,1.004,0.150,0.341,0.038,0.9817,0.0082,-0.0276,0.1880,0.333,-3.279,201.671,0.000,-1.564,2.111,0.769,-0.031,0.012,-1.416,8.894,2.111,0.769,-0.031,0.012,0.11,-0.20,1,2
216607,0.058,0.006,1.003,0.035,0.304,0.121,0.9817,0.0082,-0.0276,0.1880,0.324,-3.282,201.673,0.000,-1.564,2.111,0.769,-0.031,0.012,-1.416,8.894,2.111,0.769,-0.031,0.012,0.11,-0.20,1,2
216617,0.058,0.006,1.004,-0.027,0.273,0.203,0.9817,0.0083,-0.0277,0.1880,0.338,-3.295,201.674,0.000,-1.564,2.111,0.769,-0.031,0.012,-1.416,8.894,2.111,0.769,-0.031,0.012,0.11,-0.19,1,2
216632,0.058,0.006,1.004,-0.160,0.330,0.266,0.9817,0.0083,-0.0276,0.1881,0.338,-3.287,201.678,0.000,-1.564,2.111,0.769,-0.031,0.012,-1.416,8.894,2.111,0.769,-0.031,0.012,0.10,-0.20,1,2
216642,0.058,0.006,1.004,-0.244,0.337,0.206,0.9817,0.0081,-0.0276,0.1881,0.314,-3.277,201.681,0.000,-1.564,2.111,0.769,-0.031,0.012,-1.416,8.894,2.111,0.769,-0.031,0.012,0.10,-0.20,1,2
216967,0.057,0.006,1.003,-0.047,0.073,0.182,0.9817,0.0085,-0.0272,0.1882,0.374,-3.244,201.697,0.000,-1.564,2.111,0.004,0.012,0.012,-1.416,8.894,2.111,0.004,0.023,0.012,0.07,-0.19,1,2
216998,0.057,0.006,1.002,-0.218,0.024,0.216,0.9817,0.0083,-0.0272,0.1883,0.347,-3.238,201.704,0.000,-1.564,2.111,0.002,-0.020,0.012,-1.416,8.894,2.111,0.002,-0.020,0.012,0.06,-0.31,1,2
217010,0.056,0.007,1.003,-0.296,0.026,0.278,0.9817,0.0086,-0.0270,0.1883,0.385,-3.222,201.705,0.000,-1.564,2.111,0.000,-0.023,0.012,-1.416,8.894,2.111,0.000,-0.023,0.012,0.06,-0.29,1,2
217017,0.057,0.007,1.003,-0.287,0.023,0.320,0.9817,0.0089,-0.0272,0.1883,0.410,-3.248,201.705,0.000,-1.564,2.111,0.000,-0.023,0.012,-1.416,8.894,2.111,0.000,-0.023,0.012,0.06,-0.29,1,2
217032,0.056,0.007,1.003,-0.168,-0.009,0.261,0.9817,0.0085,-0.0269,0.1884,0.372,-3.211,201.712,0.000,-1.564,2.111,0.000,-0.024,0.012,-1.416,8.894,2.111,0.000,-0.024,0.012,0.06,-0.26,1,2
217040,0.056,0.006,1.004,0.006,-0.053,0.184,0.9817,0.0084,-0.0269,0.1884,0.364,-3.209,201.714,0.000,-1.564,2.111,0.000,-0.027,0.012,-1.416,8.894,2.111,0.000,-0.026,0.012,0.06,-0.26,1,2
217050,0.056,0.006,1.004,0.111,-0.053,0.103,0.9817,0.0083,-0.0267,0.1884,0.359,-3.186,201.715,0.000,-1.564,2.111,0.000,-0.027,0.012,-1.416,8.894,2.111,0.000,-0.027,0.012,0.06,-0.26,1,2
217062,0.056,0.005,1.004,0.218,-0.093,-0.094,0.9817,0.0077,-0.0269,0.1884,0.287,-3.200,201.720,0.000,-1.564,2.111,0.000,-0.027,0.012,-1.416,8.894,2.111,0.000,-0.027,0.012,0.06,-0.03,1,2
217075,0.056,0.005,1.004,0.368,-0.138,-0.408,0.9817,0.0076,-0.0270,0.1884,0.273,-3.208,201.717,0.000,-1.564,2.111,0.000,-0.029,0.012,-1.416,8.894,2.111,0.000,-0.027,0.012,0.05,-0.03,1,2
217085,0.056,0.005,1.004,0.457,-0.088,-0.482,0.9817,0.0076,-0.0268,0.1883,0.278,-3.177,201.712,0.000,-1.564,2.111,0.000,-0.029,0.012,-1.416,8.894,2.111,0.000,-0.029,0.012,0.05,-0.03,1,2
217092,0.056,0.005,1.003,0.328,-0.065,-0.481,0.9817,0.0076,-0.0271,0.1883,0.265,-3.216,201.709,0.000,-1.564,2.111,0.000,-0.029,0.012,-1.416,8.894,2.111,0.000,-0.029,0.012,0.05,-0.01,1,2
217102,0.056,0.005,1.003,0.318,-0.102,-0.414,0.9817,0.0076,-0.0271,0.1883,0.275,-3.218,201.705,0.000,-1.564,2.111,0.000,-0.029,0.012,-1.416,8.894,2.111,0.000,-0.029,0.012,0.06,-0.01,1,2
217112,0.056,0.005,1.003,0.260,-0.059,-0.309,0.9817,0.0078,-0.0269,0.1882,0.292,-3.200,201.701,0.000,-1.564,2.111,0.000,-0.031,0.012,-1.416,8.894,2.111,0.000,-0.031,0.012,0.06,0.08,1,2
217122,0.056,0.006,1.003,-0.037,-0.105,-0.159,0.9817,0.0082,-0.0268,0.1882,0.343,-3.193,201.696,0.000,-1.564,2.111,0.000,-0.031,0.012,-1.416,8.894,2.111,0.000,-0.031,0.012,0.06,0.08,1,2
217134,0.056,0.007,1.003,-0.156,-0.051,0.119,0.9817,0.0086,-0.0267,0.1882,0.397,-3.188,201.692,0.000,-1.564,2.111,0.000,-0.031,0.012,-1.416,8.894,2.111,0.000,-0.031,0.012,0.06,0.08,1,2
217146,0.056,0.007,1.003,-0.295,-0.057,0.434,0.9817,0.0090,-0.0268,0.1882,0.436,-3.209,201.694,0.000,-1.564,2.111,0.000,-0.031,0.012,-1.416,8.894,2.111,0.000,-0.031,0.012,0.06,0.08,1,2
217156,0.056,0.007,1.003,-0.284,-0.043,0.606,0.9817,0.0088,-0.0268,0.1883,0.412,-3.202,201.700,0.000,-1.564,2.111,-0.001,-0.031,0.012,-1.416,8.894,2.111,-0.001,-0.031,0.012,0.06,0.05,1,2
217170,0.056,0.007,1.003,-0.275,-0.054,0.712,0.9817,0.0087,-0.0270,0.1883,0.391,-3.226,201.708,0.000,-1.564,2.111,-0.001,-0.031,0.012,-1.416,8.894,2.111,-0.001,-0.031,0.012,0.06,-0.13,1,2
217182,0.056,0.006,1.003,-0.296,-0.065,0.606,0.9817,0.0082,-0.0268,0.1884,0.345,-3.198,201.720,0.000,-1.564,2.111,-0.001,-0.031,0.012,-1.416,8.894,2.111,-0.001,-0.031,0.012,0.05,-0.13,1,2
217193,0.056,0.006,1.003,-0.144,-0.093,0.410,0.9817,0.0082,-0.0269,0.1885,0.340,-3.204,201.726,0.000,-1.564,2.111,-0.001,-0.031,0.012,-1.416,8.894,2.111,-0.001,-0.031,0.012,0.05,-0.13,1,2
217203,0.056,0.005,1.003,0.016,-0.157,0.194,0.9817,0.0076,-0.0269,0.1885,0.272,-3.189,201.733,0.000,-1.564,2.111,0.000,-0.031,0.012,-1.416,8.894,2.111,-0.001,-0.031,0.012,0.05,-0.13,1,2
217214,0.056,0.004,1.003,0.089,-0.158,-0.026,0.9817,0.0074,-0.0270,0.1885,0.246,-3.200,201.735,0.000,-1.564,2.111,0.000,-0.031,0.012,-1.416,8.894,2.111,0.000,-0.031,0.012,0.05,-0.12,1,2
217224,0.056,0.004,1.003,0.101,-0.161,-0.237,0.9817,0.0073,-0.0272,0.1885,0.232,-3.221,201.734,0.000,-1.564,2.111,0.000,-0.031,0.012,-1.416,8.894,2.111,0.000,-0.031,0.012,0.05,-0.12,1,2
217230,0.056,0.004,1.003,0.157,-0.170,-0.420,0.9817,0.0076,-0.0271,0.1885,0.271,-3.211,201.729,0.000,-1.564,2.111,0.000,-0.031,0.012,-1.416,8.894,2.111,0.000,-0.031,0.012,0.05,-0.10,1,2
217514,0.057,0.006,1.003,-0.217,-0.205,0.378,0.9816,0.0085,-0.0272,0.1885,0.364,-3.244,201.734,0.000,-1.564,2.111,0.000,-0.031,0.012,-1.416,8.894,2.111,0.000,-0.031,0.012,0.02,0.23,1,2
217536,0.057,0.005,1.003,0.102,-0.280,0.062,0.9816,0.0081,-0.0272,0.1886,0.327,-3.242,201.742,0.000,-1.564,2.111,0.000,-0.031,0.012,-1.416,8.894,2.111,0.000,-0.031,0.012,0.03,0.22,1,2
217554,0.057,0.005,1.003,0.221,-0.266,-0.120,0.9816,0.0077,-0.0272,0.1886,0.278,-3.232,201.745,0.000,-1.564,2.111,0.000,-0.031,0.012,-1.416,8.894,2.111,0.000,-0.031,0.012,0.03,0.22,1,2
217562,0.057,0.005,1.003,0.237,-0.306,-0.241,0.9816,0.0077,-0.0273,0.1886,0.275,-3.237,201.743,0.000,-1.564,2.111,0.000,-0.031,0.012,-1.416,8.894,2.111,0.000,-0.031,0.012,0.03,0.22,1,2
217574,0.057,0.005,1.003,0.233,-0.347,-0.334,0.9816,0.0078,-0.0275,0.1886,0.289,-3.263,201.738,0.000,-1.564,2.111,0.000,-0.031,0.012,-1.416,8.894,2.111,0.000,-0.031,0.012,0.03,0.27,1,2
217586,0.057,0.005,1.003,0.217,-0.306,-0.277,0.9816,0.0078,-0.0276,0.1885,0.281,-3.270,201.736,0.000,-1.564,2.111,0.000,-0.031,0.012,-1.416,8.894,2.111,0.000,-0.031,0.012,0.04,0.27,1,2
217596,0.057,0.005,1.003,0.184,-0.330,-0.249,0.9816,0.0079,-0.0276,0.1885,0.294,-3.272,201.733,0.000,-1.564,2.111,0.002,-0.031,0.012,-1.416,8.894,2.111,0.002,-0.031,0.012,0.04,0.25,1,2
217614,0.057,0.006,1.003,0.062,-0.276,-0.045,0.9817,0.0082,-0.0275,0.1885,0.330,-3.272,201.728,0.000,-1.564,2.111,0.090,-0.031,0.012,-1.416,8.894,2.111,0.090,-0.031,0.012,0.05,0.25,1,2
217626,0.057,0.006,1.003,-0.046,-0.255,0.064,0.9817,0.0085,-0.0275,0.1885,0.364,-3.278,201.727,0.000,-1.564,2.111,0.129,-0.031,0.012,-1.416,8.894,2.111,0.129,-0.031,0.012,0.05,0.25,1,2
217638,0.057,0.006,1.003,-0.105,-0.221,0.180,0.9817,0.0084,-0.0273,0.1885,0.352,-3.258,201.729,0.000,-1.564,2.111,0.208,-0.031,0.012,-1.416,8.894,2.111,0.190,-0.031,0.012,0.05,0.29,1,2
217650,0.057,0.006,1.003,-0.009,-0.268,0.247,0.9816,0.0085,-0.0275,0.1885,0.365,-3.278,201.731,0.000,-1.564,2.111,0.275,-0.031,0.012,-1.416,8.894,2.111,0.275,-0.031,0.012,0.06,0.28,1,2
217658,0.057,0.006,1.003,0.022,-0.261,0.299,0.9816,0.0085,-0.0276,0.1885,0.357,-3.285,201.732,0.000,-1.564,2.111,0.298,-0.031,0.012,-1.416,8.894,2.111,0.298,-0.031,0.012,0.06,0.28,1,2
217672,0.057,0.006,1.003,-0.011,-0.189,0.351,0.9816,0.0082,-0.0274,0.1886,0.328,-3.261,201.741,0.000,-1.564,2.111,0.385,-0.031,0.012,-1.416,8.894,2.111,0.385,-0.031,0.012,0.06,0.27,1,2
217687,0.057,0.005,1.003,-0.055,-0.245,0.140,0.9816,0.0080,-0.0276,0.1886,0.301,-3.274,201.745,0.000,-1.564,2.111,0.452,-0.031,0.012,-1.416,8.894,2.111,0.437,-0.031,0.012,0.06,0.27,1,2
217704,0.057,0.005,1.003,-0.062,-0.220,-0.050,0.9816,0.0077,-0.0277,0.1886,0.263,-3.285,201.748,0.000,-1.564,2.111,0.499,-0.031,0.012,-1.416,8.894,2.111,0.499,-0.031,0.012,0.07,0.24,1,2
217720,0.057,0.005,1.003,0.063,-0.253,-0.119,0.9816,0.0080,-0.0276,0.1886,0.299,-3.275,201.745,0.000,-1.564,2.111,0.550,-0.031,0.012,-1.416,8.894,2.111,0.550,-0.031,0.012,0.07,0.13,1,2
217734,0.057,0.005,1.004,0.062,-0.294,-0.129,0.9816,0.0078,-0.0270,0.1886,0.292,-3.210,201.743,0.000,-1.564,2.111,0.605,-0.031,0.012,-1.416,8.894,2.111,0.605,-0.031,0.012,0.07,0.12,1,2
217740,0.057,0.005,1.003,0.059,-0.262,-0.164,0.9816,0.0079,-0.0273,0.1886,0.298,-3.237,201.742,0.000,-1.564,2.111,0.605,-0.031,0.012,-1.416,8.894,2.111,0.605,-0.031,0.012,0.07,0.12,1,2
217752,0.057,0.005,1.003,0.016,-0.286,-0.180,0.9816,0.0079,-0.0272,0.1886,0.321,-3.227,201.739,0.000,-1.564,2.111,0.658,-0.031,0.012,-1.416,8.894,2.111,0.658,-0.031,0.012,0.07,0.09,1,2
217762,0.057,0.006,1.003,-0.008,-0.270,0.036,0.9816,0.0081,-0.0272,0.1886,0.328,-3.237,201.738,0.000,-1.564,2.111,0.697,-0.031,0.012,-1.416,8.894,2.111,0.697,-0.031,0.012,0.07,0.09,1,2
217773,0.057,0.006,1.003,0.042,-0.291,0.116,0.9816,0.0083,-0.0271,0.1886,0.346,-3.234,201.738,0.000,-1.564,2.111,0.732,-0.031,0.012,-1.416,8.894,2.111,0.712,-0.031,0.012,0.07,-0.12,1,2
217784,0.057,0.006,1.003,0.000,-0.258,0.106,0.9816,0.0082,-0.0273,0.1886,0.330,-3.255,201.740,0.000,-1.564,2.111,0.751,-0.031,0.012,-1.416,8.894,2.111,0.751,-0.031,0.012,0.07,-0.12,1,2
217795,0.057,0.006,1.003,0.146,-0.283,0.187,0.9816,0.0083,-0.0275,0.1886,0.346,-3.274,201.741,0.000,-1.564,2.111,0.760,-0.031,0.012,-1.416,8.894,2.111,0.760,-0.031,0.012,0.07,-0.12,1,2
217809,0.057,0.005,1.004,-0.183,-0.225,0.160,0.9816,0.0080,-0.0272,0.1886,0.311,-3.237,201.745,0.000,-1.564,2.111,0.769,-0.031,0.012,-1.416,8.894,2.111,0.760,-0.031,0.012,0.07,-0.12,1,2
218133,0.059,0.007,1.003,-0.094,-0.280,0.155,0.9816,0.0090,-0.0283,0.1887,0.406,-3.376,201.748,0.000,-1.564,2.111,0.000,-0.031,0.012,-1.416,8.894,2.111,0.000,-0.031,0.012,0.11,-0.13,1,2
218157,0.059,0.006,1.003,0.052,-0.284,0.213,0.9816,0.0089,-0.0283,0.1887,0.388,-3.380,201.753,0.000,-1.564,2.111,0.000,-0.031,0.012,-1.416,8.894,2.111,0.000,-0.031,0.012,0.10,-0.42,1,2
218169,0.059,0.006,1.003,-0.005,-0.223,0.144,0.9816,0.0087,-0.0285,0.1887,0.364,-3.397,201.757,0.000,-1.564,2.111,0.000,-0.031,0.012,-1.416,8.894,2.111,0.000,-0.031,0.012,0.10,-0.40,1,2
218184,0.059,0.006,1.003,0.056,-0.215,0.104,0.9816,0.0084,-0.0285,0.1888,0.325,-3.383,201.761,0.000,-1.564,2.111,0.000,-0.031,0.012,-1.416,8.894,2.111,0.000,-0.031,0.012,0.09,-0.40,1,2
218192,0.059,0.005,1.003,0.080,-0.272,0.043,0.9816,0.0082,-0.0286,0.1888,0.307,-3.392,201.763,0.000,-1.564,2.111,0.000,-0.031,0.012,-1.416,8.894,2.111,0.000,-0.031,0.012,0.09,-0.38,1,2
218202,0.059,0.005,1.003,-0.102,-0.267,-0.007,0.9816,0.0081,-0.0284,0.1888,0.298,-3.373,201.764,0.000,-1.564,2.111,0.000,-0.031,0.012,-1.416,8.894,2.111,0.000,-0.031,0.012,0.09,-0.38,1,2
218222,0.060,0.006,1.003,-0.065,-0.206,-0.028,0.9816,0.0085,-0.0286,0.1888,0.337,-3.403,201.760,0.000,-1.564,2.111,0.002,-0.031,0.012,-1.416,8.894,2.111,0.002,-0.031,0.012,0.09,-0.29,1,2
218231,0.060,0.006,1.003,-0.065,-0.206,-0.028,0.9816,0.0085,-0.0286,0.1888,0.337,-3.403,201.760,0.000,-1.564,2.111,0.002,-0.031,0.012,-1.416,8.894,2.111,0.002,-0.031,0.012,0.09,-0.29,1,2
218238,0.060,0.006,1.003,0.046,-0.232,0.026,0.9816,0.0086,-0.0285,0.1888,0.354,-3.390,201.760,0.000,-1.564,2.111,0.002,-0.031,0.012,-1.416,8.894,2.111,0.002,-0.031,0.012,0.10,0.36,1,2
218249,0.060,0.006,1.004,-0.097,-0.127,0.013,0.9816,0.0087,-0.0285,0.1888,0.361,-3.396,201.760,0.000,-1.564,2.111,0.000,-0.031,0.012,-1.416,8.894,2.111,0.000,-0.031,0.012,0.10,0.34,1,2
218261,0.060,0.007,1.004,-0.016,-0.156,0.042,0.9816,0.0089,-0.0286,0.1888,0.383,-3.415,201.758,0.000,-1.564,2.111,0.000,-0.031,0.012,-1.416,8.894,2.111,0.000,-0.031,0.012,0.10,0.34,1,2
218269,0.060,0.007,1.003,0.066,-0.216,0.019,0.9816,0.0089,-0.0283,0.1888,0.390,-3.379,201.758,0.000,-1.564,2.111,0.000,-0.031,0.012,-1.416,8.894,2.111,0.000,-0.031,0.012,0.10,0.27,1,2
218280,0.060,0.006,1.003,0.171,-0.196,0.093,0.9816,0.0086,-0.0285,0.1888,0.351,-3.397,201.762,0.000,-1.564,2.111,0.002,-0.031,0.012,-1.416,8.894,2.111,0.002,-0.031,0.012,0.10,0.27,1,2
218290,0.060,0.006,1.003,0.104,-0.131,0.020,0.9816,0.0084,-0.0286,0.1888,0.324,-3.399,201.764,0.000,-1.564,2.111,0.002,-0.031,0.012,-1.416,8.894,2.111,0.002,-0.031,0.012,0.10,-0.23,1,2
218298,0.060,0.005,1.003,0.014,-0.113,0.028,0.9816,0.0084,-0.0286,0.1888,0.325,-3.404,201.764,0.000,-1.564,2.111,0.002,-0.031,0.012,-1.416,8.894,2.111,0.002,-0.031,0.012,0.10,-0.23,1,2
218312,0.060,0.005,1.003,-0.001,-0.157,0.008,0.9816,0.0082,-0.0287,0.1888,0.304,-3.413,201.765,0.000,-1.564,2.111,0.002,-0.031,0.012,-1.416,8.894,2.111,0.002,-0.031,0.012,0.09,-0.22,1,2
218323,0.060,0.006,1.003,0.062,-0.170,0.029,0.9816,0.0082,-0.0287,0.1888,0.305,-3.413,201.766,0.000,-1.564,2.111,0.004,-0.031,0.012,-1.416,8.894,2.111,0.004,-0.031,0.012,0.09,-0.22,1,2
218339,0.060,0.006,1.003,-0.079,-0.156,-0.018,0.9816,0.0084,-0.0287,0.1888,0.329,-3.418,201.764,0.000,-1.564,2.111,0.039,-0.031,0.012,-1.416,8.894,2.111,0.039,-0.031,0.012,0.09,-0.21,1,2
218345,0.060,0.006,1.003,-0.086,-0.158,-0.024,0.9816,0.0083,-0.0287,0.1888,0.310,-3.405,201.765,0.000,-1.564,2.111,0.039,-0.031,0.012,-1.416,8.894,2.111,0.039,-0.031,0.012,0.09,-0.21,1,2
218352,0.060,0.006,1.003,-0.078,-0.143,-0.053,0.9816,0.0086,-0.0286,0.1888,0.348,-3.405,201.762,0.000,-1.564,2.111,0.102,-0.031,0.012,-1.416,8.894,2.111,0.102,-0.031,0.012,0.09,-0.27,1,2
218370,0.060,0.006,1.003,0.093,-0.108,0.003,0.9816,0.0085,-0.0287,0.1888,0.332,-3.408,201.763,0.000,-1.564,2.111,0.216,-0.031,0.012,-1.416,8.894,2.111,0.216,-0.031,0.012,0.08,-0.26,1,2
218376,0.060,0.006,1.003,0.089,-0.106,0.046,0.9816,0.0085,-0.0286,0.1888,0.333,-3.403,201.763,0.000,-1.564,2.111,0.239,-0.031,0.012,-1.416,8.894,2.111,0.216,-0.031,0.012,0.08,-0.26,1,2
218386,0.060,0.006,1.004,0.064,-0.066,0.020,0.9816,0.0087,-0.0286,0.1888,0.357,-3.405,201.762,0.000,-1.564,2.111,0.291,-0.031,0.012,-1.416,8.894,2.111,0.239,-0.031,0.012,0.08,-0.26,1,2
218394,0.060,0.006,1.003,0.240,-0.074,-0.000,0.9816,0.0085,-0.0287,0.1888,0.335,-3.416,201.763,0.000,-1.564,2.111,0.338,-0.031,0.012,-1.416,8.894,2.111,0.315,-0.031,0.012,0.07,-0.24,1,2
218714,0.059,0.003,1.002,0.336,0.141,-0.490,0.9815,0.0073,-0.0285,0.1890,0.204,-3.371,201.793,0.000,-1.564,2.111,0.008,-0.031,0.012,-1.416,8.894,2.111,0.008,-0.031,0.012,0.09,0.76,1,2
218742,0.059,0.005,1.002,0.316,0.079,-0.302,0.9816,0.0081,-0.0283,0.1889,0.295,-3.360,201.774,0.000,-1.564,2.111,0.007,-0.031,0.012,-1.416,8.894,2.111,0.007,-0.031,0.012,0.10,0.66,1,2
218754,0.059,0.006,1.002,0.184,0.176,-0.140,0.9816,0.0085,-0.0282,0.1888,0.351,-3.360,201.769,0.000,-1.564,2.111,0.007,-0.031,0.012,-1.416,8.894,2.111,0.007,-0.031,0.012,0.10,0.11,1,2
218760,0.059,0.006,1.002,0.210,0.180,-0.038,0.9816,0.0086,-0.0285,0.1888,0.352,-3.392,201.768,0.000,-1.564,2.111,0.004,-0.031,0.012,-1.416,8.894,2.111,0.004,-0.031,0.012,0.10,0.11,1,2
218776,0.059,0.006,1.003,-0.215,0.196,0.323,0.9816,0.0088,-0.0285,0.1888,0.379,-3.395,201.769,0.000,-1.564,2.111,0.004,-0.031,0.012,-1.416,8.894,2.111,0.004,-0.031,0.012,0.10,0.11,1,2
218790,0.061,0.006,1.001,-0.014,0.058,0.447,0.9815,0.0086,-0.0288,0.1889,0.345,-3.451,201.776,0.000,-1.564,2.111,0.004,-0.031,0.012,-1.416,8.894,2.111,0.004,-0.031,0.012,0.10,0.11,1,2
218802,0.060,0.006,1.002,-0.350,0.083,0.565,0.9815,0.0085,-0.0286,0.1890,0.342,-3.406,201.785,0.000,-1.564,2.111,0.004,-0.031,0.012,-1.416,8.894,2.111,0.004,-0.031,0.012,0.10,0.04,1,2
218822,0.059,0.005,1.003,-0.406,0.128,0.492,0.9815,0.0080,-0.0284,0.1891,0.290,-3.371,201.797,0.000,-1.564,2.111,0.002,-0.031,0.012,-1.416,8.894,2.111,0.004,-0.031,0.012,0.09,-0.50,1,2
218830,0.060,0.005,1.002,-0.139,0.094,0.308,0.9815,0.0082,-0.0286,0.1891,0.301,-3.397,201.800,0.000,-1.564,2.111,0.002,-0.031,0.012,-1.416,8.894,2.111,0.002,-0.031,0.012,0.08,-0.48,1,2
218842,0.058,0.005,1.004,-0.122,0.157,-0.009,0.9815,0.0080,-0.0281,0.1891,0.298,-3.332,201.802,0.000,-1.564,2.111,0.002,-0.031,0.012,-1.416,8.894,2.111,0.002,-0.031,0.012,0.08,-0.48,1,2
218852,0.059,0.005,1.003,0.142,0.149,-0.136,0.9815,0.0081,-0.0281,0.1891,0.303,-3.333,201.801,0.000,-1.564,2.111,0.002,-0.031,0.012,-1.416,8.894,2.111,0.002,-0.031,0.012,0.07,-0.44,1,2
218861,0.060,0.005,1.002,0.220,0.165,-0.307,0.9815,0.0080,-0.0288,0.1891,0.280,-3.416,201.801,0.000,-1.564,2.111,0.002,-0.031,0.012,-1.416,8.894,2.111,0.002,-0.031,0.012,0.07,-0.44,1,2
218873,0.059,0.005,1.003,0.505,0.155,-0.463,0.9815,0.0081,-0.0282,0.1890,0.298,-3.349,201.794,0.000,-1.564,2.111,0.000,-0.031,0.012,-1.416,8.894,2.111,0.000,-0.031,0.012,0.07,-0.32,1,2
218880,0.059,0.005,1.003,0.530,0.161,-0.512,0.9815,0.0082,-0.0282,0.1890,0.306,-3.352,201.792,0.000,-1.564,2.111,0.000,-0.031,0.012,-1.416,8.894,2.111,0.000,-0.031,0.012,0.07,-0.32,1,2
218892,0.059,0.005,1.003,0.494,0.172,-0.506,0.9815,0.0083,-0.0284,0.1890,0.315,-3.373,201.785,0.000,-1.564,2.111,0.000,-0.031,0.012,-1.416,8.894,2.111,0.000,-0.031,0.012,0.06,-0.31,1,2
218904,0.059,0.006,1.003,0.371,0.169,-0.411,0.9815,0.0083,-0.0283,0.1889,0.327,-3.362,201.779,0.000,-1.564,2.111,0.000,-0.031,0.012,-1.416,8.894,2.111,0.000,-0.031,0.012,0.06,-0.31,1,2
218913,0.059,0.006,1.003,0.270,0.153,-0.316,0.9816,0.0084,-0.0283,0.1889,0.330,-3.362,201.776,0.000,-1.564,2.111,0.000,-0.031,0.012,-1.416,8.894,2.111,0.000,-0.031,0.012,0.06,-0.29,1,2
218922,0.059,0.006,1.003,0.103,0.141,-0.125,0.9816,0.0084,-0.0282,0.1889,0.331,-3.356,201.774,0.000,-1.564,2.111,0.000,-0.031,0.012,-1.416,8.894,2.111,0.000,-0.031,0.012,0.05,-0.29,1,2
218936,0.059,0.006,1.003,-0.223,0.167,0.243,0.9816,0.0085,-0.0282,0.1889,0.352,-3.356,201.774,0.000,-1.564,2.111,0.000,-0.031,0.012,-1.416,8.894,2.111,0.000,-0.031,0.012,0.05,-0.25,1,2
218946,0.059,0.007,1.003,-0.417,0.187,0.448,0.9815,0.0089,-0.0281,0.1889,0.393,-3.356,201.776,0.000,-1.564,2.111,0.000,-0.031,0.012,-1.416,8.894,2.111,0.000,-0.031,0.012,0.05,-0.25,1,2
218954,0.059,0.007,1.003,-0.527,0.209,0.537,0.9815,0.0087,-0.0280,0.1889,0.371,-3.343,201.780,0.000,-1.564,2.111,0.000,-0.031,0.012,-1.416,8.894,2.111,0.000,-0.031,0.012,0.05,-0.05,1,2
218964,0.059,0.007,1.003,-0.449,0.282,0.697,0.9815,0.0088,-0.0280,0.1890,0.388,-3.347,201.785,0.000,-1.564,2.111,0.000,-0.031,0.012,-1.416,8.894,2.111,0.000,-0.031,0.012,0.05,-0.05,1,2
218974,0.058,0.007,1.003,-0.456,0.243,0.774,0.9815,0.0086,-0.0279,0.1891,0.367,-3.330,201.794,0.000,-1.564,2.111,0.000,-0.031,0.012,-1.416,8.894,2.111,0.000,-0.031,0.012,0.05,-0.05,1,2
218982,0.058,0.006,1.003,-0.316,0.257,0.700,0.9815,0.0084,-0.0279,0.1891,0.340,-3.318,201.802,0.000,-1.564,2.111,0.000,-0.031,0.012,-1.416,8.894,2.111,0.000,-0.031,0.012,0.05,-0.05,1,2
219305,0.057,0.006,1.004,-0.311,0.226,0.509,0.9815,0.0083,-0.0274,0.1895,0.338,-3.259,201.845,0.000,-1.564,2.111,0.004,0.358,0.012,-1.416,8.894,2.111,0.004,0.358,0.012,-0.01,-0.23,1,2
219325,0.057,0.006,1.004,-0.159,0.447,0.081,0.9815,0.0080,-0.0273,0.1895,0.324,-3.236,201.851,0.000,-1.564,2.111,0.004,0.406,0.012,-1.416,8.894,2.111,0.004,0.406,0.012,0.00,-0.16,1,2
219336,0.057,0.006,1.003,0.006,0.433,-0.032,0.9815,0.0086,-0.0273,0.1895,0.374,-3.260,201.848,0.000,-1.564,2.111,0.004,0.449,0.012,-1.416,8.894,2.111,0.004,0.449,0.012,0.00,0.35,1,2
219354,0.057,0.005,1.003,0.176,0.432,-0.002,0.9815,0.0080,-0.0273,0.1895,0.296,-3.267,201.852,0.000,-1.564,2.111,0.004,0.480,0.012,-1.416,8.894,2.111,0.004,0.480,0.012,0.01,0.33,1,2
219367,0.056,0.005,1.005,0.271,0.485,-0.237,0.9815,0.0077,-0.0270,0.1895,0.284,-3.204,201.851,0.000,-1.564,2.111,0.004,0.506,0.012,-1.416,8.894,2.111,0.004,0.506,0.012,0.01,0.33,1,2
219384,0.057,0.005,1.002,0.267,0.500,-0.345,0.9815,0.0078,-0.0273,0.1895,0.283,-3.242,201.846,0.000,-1.564,2.111,0.004,0.536,0.012,-1.416,8.894,2.111,0.004,0.536,0.012,0.02,0.32,1,2
219399,0.056,0.004,1.003,0.252,0.392,-0.113,0.9815,0.0074,-0.0270,0.1895,0.244,-3.199,201.845,0.000,-1.564,2.111,0.004,0.563,0.012,-1.416,8.894,2.111,0.004,0.563,0.012,0.02,0.29,1,2
219414,0.056,0.005,1.003,-0.081,0.261,0.042,0.9815,0.0076,-0.0271,0.1895,0.266,-3.220,201.844,0.000,-1.564,2.111,0.004,0.587,0.012,-1.416,8.894,2.111,0.004,0.587,0.012,0.03,0.19,1,2
219425,0.056,0.005,1.003,-0.152,0.288,0.077,0.9815,0.0078,-0.0270,0.1895,0.291,-3.205,201.843,0.000,-1.564,2.111,0.004,0.598,0.012,-1.416,8.894,2.111,0.004,0.598,0.012,0.03,0.19,1,2
219433,0.056,0.006,1.003,-0.140,0.265,0.135,0.9815,0.0081,-0.0268,0.1895,0.325,-3.191,201.842,0.000,-1.564,2.111,0.004,0.613,0.012,-1.416,8.894,2.111,0.004,0.613,0.012,0.03,0.18,1,2
219446,0.056,0.007,1.003,-0.182,0.116,0.364,0.9815,0.0086,-0.0268,0.1895,0.386,-3.197,201.842,0.000,-1.564,2.111,0.004,0.630,0.012,-1.416,8.894,2.111,0.004,0.629,0.012,0.03,0.18,1,2
219458,0.056,0.006,1.003,-0.232,0.077,0.472,0.9815,0.0082,-0.0267,0.1895,0.342,-3.178,201.850,0.000,-1.564,2.111,0.004,0.642,0.012,-1.416,8.894,2.111,0.004,0.642,0.012,0.04,0.20,1,2
219466,0.056,0.006,1.003,-0.135,0.071,0.460,0.9815,0.0081,-0.0267,0.1896,0.332,-3.182,201.854,0.000,-1.564,2.111,0.004,0.657,0.012,-1.416,8.894,2.111,0.004,0.657,0.012,0.04,0.20,1,2
219480,0.056,0.005,1.003,-0.068,0.037,0.265,0.9815,0.0079,-0.0268,0.1896,0.301,-3.188,201.860,0.000,-1.564,2.111,0.004,0.671,0.012,-1.416,8.894,2.111,0.004,0.671,0.012,0.05,0.48,1,2
219492,0.056,0.005,1.003,-0.044,0.026,0.191,0.9815,0.0079,-0.0268,0.1896,0.301,-3.188,201.862,0.000,-1.564,2.111,0.004,0.673,0.012,-1.416,8.894,2.111,0.004,0.671,0.012,0.05,0.46,1,2
219502,0.056,0.005,1.003,0.032,-0.063,0.122,0.9815,0.0076,-0.0267,0.1896,0.278,-3.174,201.865,0.000,-1.564,2.111,0.007,0.683,0.012,-1.416,8.894,2.111,0.007,0.683,0.012,0.06,0.46,1,2
219512,0.056,0.005,1.003,0.098,-0.107,0.007,0.9815,0.0074,-0.0267,0.1897,0.255,-3.170,201.867,0.000,-1.564,2.111,0.007,0.684,0.012,-1.416,8.894,2.111,0.007,0.683,0.012,0.06,0.37,1,2
219524,0.055,0.004,1.003,0.176,-0.101,-0.109,0.9815,0.0073,-0.0266,0.1897,0.242,-3.153,201.867,0.000,-1.564,2.111,0.007,0.697,0.012,-1.416,8.894,2.111,0.007,0.697,0.012,0.05,0.37,1,2
219542,0.056,0.006,1.003,0.101,-0.212,-0.276,0.9815,0.0081,-0.0266,0.1896,0.329,-3.165,201.858,0.000,-1.564,2.111,0.007,0.702,0.012,-1.416,8.894,2.111,0.007,0.702,0.012,0.05,-0.25,1,2
219553,0.056,0.006,1.003,0.172,-0.251,-0.132,0.9815,0.0080,-0.0268,0.1896,0.323,-3.187,201.856,0.000,-1.564,2.111,0.007,0.704,0.012,-1.416,8.894,2.111,0.007,0.702,0.012,0.05,-0.24,1,2
219565,0.056,0.006,1.003,0.184,-0.165,-0.135,0.9815,0.0083,-0.0269,0.1896,0.348,-3.206,201.854,0.000,-1.564,2.111,0.007,0.704,0.012,-1.416,8.894,2.111,0.007,0.704,0.012,0.04,-0.24,1,2
219572,0.056,0.006,1.003,0.110,-0.190,-0.109,0.9815,0.0084,-0.0269,0.1896,0.360,-3.207,201.852,0.000,-1.564,2.111,0.007,0.704,0.012,-1.416,8.894,2.111,0.007,0.704,0.012,0.04,-0.22,1,2
219586,0.056,0.006,1.003,0.079,-0.211,0.102,0.9815,0.0084,-0.0267,0.1896,0.364,-3.183,201.852,0.000,-1.564,2.111,0.007,0.704,0.012,-1.416,8.894,2.111,0.007,0.704,0.012,0.04,-0.22,1,2
219596,0.056,0.006,1.003,0.029,-0.254,0.234,0.9815,0.0084,-0.0267,0.1896,0.365,-3.185,201.853,0.000,-1.564,2.111,0.007,0.704,0.012,-1.416,8.894,2.111,0.007,0.704,0.012,0.04,-0.09,1,2
219920,0.058,0.006,1.003,-0.165,-0.684,0.132,0.9814,0.0086,-0.0278,0.1898,0.362,-3.312,201.884,0.000,-1.564,2.111,0.000,-0.023,0.012,-1.416,8.894,2.111,0.000,-0.023,0.012,0.03,-0.09,1,2
219943,0.058,0.006,1.003,-0.194,-0.988,0.184,0.9814,0.0085,-0.0280,0.1899,0.347,-3.339,201.888,0.000,-1.564,2.111,0.000,-0.024,0.012,-1.416,8.894,2.111,0.000,-0.024,0.012,0.03,-0.28,1,2
219956,0.059,0.005,1.003,-0.173,-1.061,0.157,0.9814,0.0082,-0.0282,0.1899,0.305,-3.346,201.893,0.000,-1.564,2.111,0.000,-0.026,0.012,-1.416,8.894,2.111,0.000,-0.026,0.012,0.02,-0.26,1,2
219966,0.058,0.005,1.003,0.026,-0.993,0.032,0.9814,0.0080,-0.0282,0.1899,0.285,-3.341,201.895,0.000,-1.564,2.111,0.000,-0.027,0.012,-1.416,8.894,2.111,0.000,-0.026,0.012,0.02,-0.26,1,2
219976,0.059,0.005,1.003,0.141,-1.014,0.018,0.9814,0.0079,-0.0283,0.1899,0.274,-3.352,201.896,0.000,-1.564,2.111,0.000,-0.027,0.012,-1.416,8.894,2.111,0.000,-0.027,0.012,0.02,-0.23,1,2
219987,0.059,0.005,1.003,0.047,-1.054,0.072,0.9814,0.0079,-0.0283,0.1899,0.275,-3.354,201.896,0.000,-1.564,2.111,0.000,-0.027,0.012,-1.416,8.894,2.111,0.000,-0.027,0.012,0.02,-0.23,1,2
219998,0.059,0.005,1.003,0.143,-0.961,0.023,0.9813,0.0078,-0.0285,0.1899,0.262,-3.383,201.898,0.000,-1.564,2.111,0.000,-0.029,0.012,-1.416,8.894,2.111,0.000,-0.027,0.012,0.02,-0.05,1,2
220014,0.059,0.005,1.003,0.114,-0.846,-0.205,0.9814,0.0080,-0.0285,0.1899,0.278,-3.379,201.895,0.000,-1.564,2.111,0.000,-0.031,0.012,-1.416,8.894,2.111,0.000,-0.031,0.012,0.02,-0.05,1,2
220026,0.060,0.005,1.003,0.124,-0.818,-0.153,0.9814,0.0084,-0.0286,0.1899,0.325,-3.399,201.890,0.000,-1.564,2.111,0.000,-0.031,0.012,-1.416,8.894,2.111,0.000,-0.031,0.012,0.02,-0.05,1,2
220036,0.060,0.006,1.003,0.072,-0.815,-0.091,0.9814,0.0082,-0.0286,0.1899,0.303,-3.402,201.890,0.000,-1.564,2.111,0.000,-0.031,0.012,-1.416,8.894,2.111,0.000,-0.031,0.012,0.02,-0.01,1,2
220050,0.060,0.006,1.003,0.042,-0.693,0.036,0.9814,0.0085,-0.0287,0.1899,0.328,-3.411,201.888,0.000,-1.564,2.111,0.000,-0.031,0.012,-1.416,8.894,2.111,0.000,-0.031,0.012,0.03,0.26,1,2
220056,0.060,0.006,1.003,0.042,-0.669,0.066,0.9814,0.0085,-0.0287,0.1899,0.330,-3.413,201.889,0.000,-1.564,2.111,0.000,-0.031,0.012,-1.416,8.894,2.111,0.000,-0.031,0.012,0.03,0.26,1,2
220064,0.060,0.006,1.003,-0.015,-0.662,0.079,0.9813,0.0087,-0.0288,0.1899,0.351,-3.433,201.888,0.000,-1.564,2.111,0.000,-0.031,0.012,-1.416,8.894,2.111,0.000,-0.031,0.012,0.03,0.26,1,2
220078,0.060,0.006,1.003,-0.051,-0.634,0.190,0.9813,0.0086,-0.0287,0.1899,0.339,-3.421,201.890,0.000,-1.564,2.111,0.000,-0.031,0.012,-1.416,8.894,2.111,0.000,-0.031,0.012,0.03,0.25,1,2
220092,0.060,0.006,1.003,-0.088,-0.611,0.316,0.9813,0.0087,-0.0290,0.1899,0.349,-3.450,201.892,0.000,-1.564,2.111,0.000,-0.047,0.012,-1.416,8.894,2.111,0.000,-0.047,0.012,0.04,0.24,1,2
220104,0.061,0.006,1.003,-0.066,-0.608,0.306,0.9813,0.0087,-0.0291,0.1899,0.346,-3.459,201.897,0.000,-1.564,2.111,0.000,-0.078,0.012,-1.416,8.894,2.111,0.000,-0.078,0.012,0.04,0.24,1,2
220111,0.061,0.006,1.003,-0.078,-0.602,0.308,0.9813,0.0085,-0.0292,0.1899,0.326,-3.472,201.899,0.000,-1.564,2.111,0.000,-0.078,0.012,-1.416,8.894,2.111,0.000,-0.078,0.012,0.04,0.24,1,2
220122,0.061,0.006,1.003,-0.070,-0.523,0.182,0.9813,0.0086,-0.0291,0.1900,0.336,-3.459,201.902,0.000,-1.564,2.111,0.000,-0.079,0.012,-1.416,8.894,2.111,0.000,-0.079,0.012,0.05,0.26,1,2
220138,0.061,0.005,1.003,-0.011,-0.687,0.074,0.9813,0.0084,-0.0293,0.1900,0.306,-3.483,201.906,0.000,-1.564,2.111,0.000,-0.083,0.012,-1.416,8.894,2.111,0.000,-0.083,0.012,0.06,0.57,1,2
220146,0.061,0.005,1.003,0.034,-0.635,-0.045,0.9813,0.0083,-0.0293,0.1900,0.300,-3.484,201.906,0.000,-1.564,2.111,0.000,-0.095,0.012,-1.416,8.894,2.111,0.000,-0.083,0.012,0.06,0.57,1,2
220154,0.061,0.005,1.003,0.011,-0.590,-0.114,0.9813,0.0082,-0.0296,0.1900,0.283,-3.507,201.906,0.000,-1.564,2.111,0.000,-0.095,0.012,-1.416,8.894,2.111,0.000,-0.095,0.012,0.07,0.54,1,2
220164,0.061,0.005,1.003,0.038,-0.569,-0.120,0.9813,0.0082,-0.0295,0.1900,0.276,-3.496,201.905,0.000,-1.564,2.111,0.000,-0.107,0.012,-1.416,8.894,2.111,0.000,-0.107,0.012,0.07,0.54,1,2
220182,0.061,0.006,1.003,0.060,-0.542,-0.083,0.9813,0.0086,-0.0295,0.1900,0.327,-3.510,201.900,0.000,-1.564,2.111,0.000,-0.175,0.012,-1.416,8.894,2.111,0.000,-0.175,0.012,0.07,0.44,1,2
220194,0.061,0.006,1.003,0.043,-0.512,-0.085,0.9813,0.0085,-0.0294,0.1899,0.312,-3.496,201.901,0.000,-1.564,2.111,0.000,-0.219,0.012,-1.416,8.894,2.111,0.000,-0.203,0.012,0.07,-0.25,1,2
220538,0.063,0.006,1.003,0.053,0.492,0.015,0.9813,0.0088,-0.0304,0.1900,0.329,-3.612,201.911,0.000,-1.564,2.111,-0.001,-0.825,0.012,-1.416,8.894,2.111,-0.001,-0.825,0.012,0.08,-0.11,1,2
220566,0.063,0.006,1.003,0.033,0.615,-0.003,0.9813,0.0089,-0.0304,0.1900,0.338,-3.616,201.911,0.000,-1.564,2.111,-0.001,-0.825,0.012,-1.416,8.894,2.111,-0.001,-0.825,0.012,0.07,-0.11,1,2
220584,0.063,0.006,1.003,0.043,0.743,0.092,0.9813,0.0091,-0.0303,0.1900,0.361,-3.605,201.911,0.000,-1.564,2.111,-0.001,-0.825,0.012,-1.416,8.894,2.111,-0.001,-0.825,0.012,0.07,-0.12,1,2
220596,0.063,0.006,1.003,0.018,0.736,0.189,0.9813,0.0091,-0.0302,0.1901,0.361,-3.596,201.913,0.000,-1.564,2.111,-0.001,-0.825,0.012,-1.416,8.894,2.111,-0.001,-0.825,0.012,0.07,-0.24,1,2
220610,0.063,0.006,1.003,-0.037,0.702,0.067,0.9813,0.0088,-0.0303,0.1901,0.327,-3.598,201.917,0.000,-1.564,2.111,0.000,-0.825,0.012,-1.416,8.894,2.111,0.000,-0.825,0.012,0.06,-0.22,1,2
220623,0.063,0.006,1.003,0.004,0.809,0.032,0.9813,0.0087,-0.0302,0.1901,0.317,-3.589,201.918,0.000,-1.564,2.111,0.000,-0.814,0.012,-1.416,8.894,2.111,0.000,-0.814,0.012,0.06,-0.22,1,2
220633,0.063,0.006,1.003,-0.010,0.877,0.066,0.9813,0.0087,-0.0303,0.1901,0.316,-3.604,201.919,0.000,-1.564,2.111,-0.001,-0.802,0.012,-1.416,8.894,2.111,-0.001,-0.802,0.012,0.06,-0.19,1,2
220649,0.063,0.005,1.003,0.115,0.934,-0.024,0.9813,0.0086,-0.0300,0.1901,0.313,-3.562,201.920,0.000,-1.564,2.111,-0.001,-0.768,0.012,-1.416,8.894,2.111,-0.001,-0.768,0.012,0.06,-0.02,1,2
220662,0.063,0.005,1.003,0.167,0.914,-0.111,0.9813,0.0086,-0.0301,0.1901,0.309,-3.576,201.919,0.000,-1.564,2.111,-0.001,-0.737,0.012,-1.416,8.894,2.111,-0.001,-0.753,0.012,0.06,-0.02,1,2
220673,0.062,0.006,1.003,0.107,0.911,-0.120,0.9813,0.0089,-0.0301,0.1901,0.352,-3.577,201.915,0.000,-1.564,2.111,-0.001,-0.724,0.012,-1.416,8.894,2.111,-0.001,-0.724,0.012,0.06,-0.02,1,2
220686,0.062,0.006,1.003,0.102,0.919,-0.045,0.9813,0.0087,-0.0299,0.1901,0.332,-3.549,201.916,0.000,-1.564,2.111,-0.001,-0.708,0.012,-1.416,8.894,2.111,-0.001,-0.708,0.012,0.06,-0.02,1,2
220698,0.062,0.005,1.003,0.187,1.083,-0.181,0.9813,0.0085,-0.0297,0.1901,0.314,-3.531,201.916,0.000,-1.564,2.111,-0.001,-0.690,0.012,-1.416,8.894,2.111,-0.001,-0.690,0.012,0.06,-0.01,1,2
220712,0.062,0.005,1.003,0.155,1.220,-0.294,0.9813,0.0086,-0.0297,0.1901,0.316,-3.531,201.912,0.000,-1.564,2.111,-0.001,-0.677,0.012,-1.416,8.894,2.111,-0.001,-0.677,0.012,0.06,0.02,1,2
220724,0.062,0.006,1.003,-0.020,1.278,-0.094,0.9813,0.0087,-0.0295,0.1900,0.338,-3.503,201.909,0.000,-1.564,2.111,-0.001,-0.615,0.012,-1.416,8.894,2.111,-0.001,-0.634,0.012,0.06,0.02,1,2
220740,0.061,0.006,1.003,0.084,1.252,0.165,0.9813,0.0087,-0.0292,0.1900,0.338,-3.479,201.910,0.000,-1.564,2.111,-0.004,-0.563,0.012,-1.416,8.894,2.111,-0.004,-0.563,0.012,0.06,0.02,1,2
220752,0.061,0.006,1.003,0.094,1.320,0.164,0.9813,0.0085,-0.0293,0.1901,0.317,-3.484,201.912,0.000,-1.564,2.111,-0.004,-0.500,0.012,-1.416,8.894,2.111,-0.004,-0.500,0.012,0.06,-0.02,1,2
220762,0.061,0.006,1.003,-0.015,1.435,0.007,0.9813,0.0086,-0.0290,0.1901,0.334,-3.456,201.912,0.000,-1.564,2.111,-0.004,-0.454,0.012,-1.416,8.894,2.111,-0.004,-0.454,0.012,0.05,-0.02,1,2
220775,0.060,0.006,1.003,-0.098,1.483,0.019,0.9813,0.0088,-0.0290,0.1901,0.358,-3.458,201.911,0.000,-1.564,2.111,-0.004,-0.375,0.012,-1.416,8.894,2.111,-0.004,-0.391,0.012,0.05,-0.37,1,2
220782,0.061,0.006,1.003,-0.082,1.449,0.068,0.9813,0.0091,-0.0289,0.1900,0.390,-3.452,201.909,0.000,-1.564,2.111,-0.004,-0.339,0.012,-1.416,8.894,2.111,-0.004,-0.375,0.012,0.05,-0.37,1,2
220794,0.061,0.007,1.003,0.074,1.446,0.132,0.9813,0.0089,-0.0289,0.1901,0.375,-3.449,201.912,0.000,-1.564,2.111,-0.004,-0.307,0.012,-1.416,8.894,2.111,-0.004,-0.323,0.012,0.04,-0.35,1,2
220814,0.060,0.006,1.003,0.125,1.550,0.013,0.9813,0.0087,-0.0286,0.1901,0.351,-3.412,201.915,0.000,-1.564,2.111,-0.004,-0.196,0.012,-1.416,8.894,2.111,-0.004,-0.233,0.012,0.04,-0.33,1,2
220824,0.060,0.006,1.003,0.165,1.544,0.009,0.9813,0.0085,-0.0284,0.1901,0.340,-3.384,201.916,0.000,-1.564,2.111,-0.004,-0.156,0.012,-1.416,8.894,2.111,-0.004,-0.156,0.012,0.03,-0.33,1,2
220832,0.059,0.006,1.003,0.183,1.482,0.027,0.9813,0.0086,-0.0283,0.1901,0.350,-3.374,201.916,0.000,-1.564,2.111,-0.004,-0.117,0.012,-1.416,8.894,2.111,-0.004,-0.117,0.012,0.04,-0.23,1,2
221198,0.051,0.006,1.003,0.103,0.678,-0.059,0.9814,0.0079,-0.0244,0.1903,0.357,-2.923,201.939,0.000,-1.564,2.111,0.002,-0.031,0.012,-1.416,8.894,2.111,0.002,-0.031,0.012,0.10,-0.18,1,2
221221,0.051,0.006,1.003,0.123,0.652,-0.014,0.9814,0.0078,-0.0243,0.1903,0.344,-2.906,201.940,0.000,-1.564,2.111,0.002,-0.031,0.012,-1.416,8.894,2.111,0.002,-0.031,0.012,0.10,-0.15,1,2
221234,0.051,0.006,1.003,0.056,0.601,0.013,0.9814,0.0078,-0.0242,0.1903,0.348,-2.898,201.940,0.000,-1.564,2.111,0.002,-0.031,0.012,-1.416,8.894,2.111,0.002,-0.031,0.012,0.10,0.04,1,2
221242,0.051,0.006,1.003,-0.058,0.601,0.043,0.9814,0.0078,-0.0241,0.1903,0.352,-2.884,201.940,0.000,-1.564,2.111,0.002,-0.031,0.012,-1.416,8.894,2.111,0.002,-0.031,0.012,0.10,0.04,1,2
221250,0.051,0.007,1.003,-0.072,0.525,0.124,0.9814,0.0080,-0.0242,0.1903,0.372,-2.897,201.940,0.000,-1.564,2.111,0.002,-0.031,0.012,-1.416,8.894,2.111,0.002,-0.031,0.012,0.11,0.04,1,2
221262,0.050,0.007,1.003,-0.038,0.502,0.092,0.9814,0.0080,-0.0241,0.1903,0.370,-2.880,201.941,0.000,-1.564,2.111,0.002,-0.031,0.012,-1.416,8.894,2.111,0.002,-0.031,0.012,0.11,0.04,1,2
221274,0.050,0.007,1.003,-0.059,0.458,0.098,0.9814,0.0079,-0.0239,0.1903,0.368,-2.866,201.942,0.000,-1.564,2.111,0.002,-0.031,0.012,-1.416,8.894,2.111,0.002,-0.031,0.012,0.11,0.04,1,2
221287,0.050,0.007,1.003,-0.064,0.447,0.136,0.9814,0.0079,-0.0238,0.1903,0.367,-2.849,201.944,0.000,-1.564,2.111,0.002,-0.031,-0.004,-1.416,8.894,2.111,0.002,-0.031,-0.004,0.11,0.04,1,2
221303,0.050,0.006,1.004,-0.001,0.412,0.115,0.9814,0.0078,-0.0237,0.1904,0.361,-2.840,201.946,0.000,-1.564,2.111,0.002,-0.031,-0.061,-1.416,8.894,2.111,0.002,-0.031,-0.039,0.13,0.19,1,2
221312,0.050,0.006,1.004,0.008,0.381,0.090,0.9814,0.0078,-0.0237,0.1904,0.360,-2.836,201.947,0.000,-1.564,2.111,0.002,-0.031,-0.061,-1.416,8.894,2.111,0.002,-0.031,-0.061,0.14,0.19,1,2
221322,0.049,0.006,1.004,0.118,0.231,-0.013,0.9814,0.0076,-0.0236,0.1904,0.343,-2.824,201.948,0.000,-1.564,2.111,0.002,-0.031,-0.154,-1.416,8.894,2.111,0.002,-0.031,-0.154,0.16,1.50,1,2
221334,0.049,0.006,1.004,0.168,0.109,-0.118,0.9814,0.0076,-0.0236,0.1904,0.342,-2.821,201.947,0.000,-1.564,2.111,0.002,-0.031,-0.247,-1.416,8.894,2.111,0.002,-0.031,-0.247,0.18,1.43,1,2
221346,0.049,0.006,1.004,0.133,0.051,-0.137,0.9814,0.0078,-0.0236,0.1904,0.358,-2.826,201.945,0.000,-1.564,2.111,0.002,-0.031,-0.295,-1.416,8.894,2.111,0.002,-0.031,-0.295,0.19,1.43,1,2
221354,0.049,0.006,1.004,0.183,0.063,-0.137,0.9814,0.0079,-0.0234,0.1903,0.378,-2.806,201.943,0.000,-1.564,2.111,0.002,-0.031,-0.310,-1.416,8.894,2.111,0.002,-0.031,-0.310,0.19,1.21,1,2
221366,0.049,0.006,1.004,0.151,0.050,-0.148,0.9814,0.0077,-0.0235,0.1903,0.357,-2.807,201.943,0.000,-1.564,2.111,0.002,-0.031,-0.355,-1.416,8.894,2.111,0.002,-0.031,-0.355,0.19,1.21,1,2
221372,0.049,0.006,1.004,0.234,0.016,-0.115,0.9814,0.0078,-0.0233,0.1903,0.368,-2.797,201.941,0.000,-1.564,2.111,0.002,-0.031,-0.370,-1.416,8.894,2.111,0.002,-0.031,-0.370,0.19,-0.15,1,2
221385,0.049,0.006,1.004,0.211,-0.144,-0.119,0.9814,0.0075,-0.0232,0.1903,0.337,-2.777,201.941,0.000,-1.564,2.111,0.002,-0.031,-0.446,-1.416,8.894,2.111,0.002,-0.031,-0.446,0.19,-0.15,1,2
221401,0.049,0.007,1.003,0.169,-0.243,0.022,0.9814,0.0080,-0.0234,0.1903,0.390,-2.807,201.938,0.000,-1.564,2.111,0.002,-0.031,-0.516,-1.416,8.894,2.111,0.002,-0.031,-0.516,0.19,-0.14,1,2
221412,0.049,0.007,1.003,0.068,-0.145,0.137,0.9814,0.0080,-0.0234,0.1903,0.391,-2.807,201.940,0.000,-1.564,2.111,0.002,-0.031,-0.563,-1.416,8.894,2.111,0.002,-0.031,-0.551,0.19,-0.07,1,2
221426,0.049,0.006,1.003,-0.027,-0.003,0.247,0.9814,0.0075,-0.0234,0.1904,0.329,-2.796,201.945,0.000,-1.564,2.111,0.002,-0.031,-0.602,-1.416,8.894,2.111,0.002,-0.031,-0.602,0.19,-0.07,1,2
221433,0.049,0.006,1.003,-0.044,0.034,0.226,0.9814,0.0074,-0.0237,0.1904,0.317,-2.822,201.947,0.000,-1.564,2.111,0.002,-0.031,-0.617,-1.416,8.894,2.111,0.002,-0.031,-0.602,0.20,0.47,1,2
221451,0.048,0.005,1.003,-0.013,-0.109,0.136,0.9814,0.0072,-0.0232,0.1904,0.303,-2.763,201.951,0.000,-1.564,2.111,0.002,-0.031,-0.630,-1.416,8.894,2.111,0.002,-0.031,-0.630,0.20,0.44,1,2
221466,0.049,0.006,1.003,0.004,-0.179,-0.005,0.9814,0.0073,-0.0233,0.1904,0.313,-2.781,201.951,0.000,-1.564,2.111,0.002,-0.031,-0.645,-1.416,8.894,2.111,0.002,-0.031,-0.645,0.21,0.44,1,2
221476,0.048,0.006,1.003,0.030,-0.174,0.007,0.9814,0.0072,-0.0229,0.1904,0.314,-2.739,201.951,0.000,-1.564,2.111,0.002,-0.031,-0.646,-1.416,8.894,2.111,0.002,-0.031,-0.646,0.22,0.47,1,2
221826,0.050,0.005,1.003,-0.004,-0.589,0.026,0.9813,0.0074,-0.0239,0.1906,0.309,-2.846,201.980,0.000,-1.564,2.111,0.002,-0.031,-0.019,-1.416,8.894,2.111,0.002,-0.031,-0.019,0.24,-0.26,1,2
221954,0.051,0.005,1.003,-0.139,-0.714,0.196,0.9813,0.0074,-0.0244,0.1907,0.297,-2.910,201.988,0.000,-1.564,2.111,0.002,-0.031,0.067,-1.416,8.894,2.111,0.002,-0.031,0.067,0.28,0.06,1,2
221970,0.051,0.006,1.003,0.003,-0.981,0.045,0.9813,0.0074,-0.0246,0.1907,0.299,-2.933,201.989,0.000,-1.564,2.111,0.002,-0.031,0.093,-1.416,8.894,2.111,0.002,-0.031,0.093,0.28,0.06,1,2
221977,0.051,0.006,1.002,0.028,-1.072,0.027,0.9813,0.0076,-0.0246,0.1907,0.322,-2.933,201.988,0.000,-1.564,2.111,0.002,-0.031,0.093,-1.416,8.894,2.111,0.002,-0.031,0.093,0.28,0.06,1,2
221992,0.051,0.006,1.003,-0.081,-1.104,0.049,0.9813,0.0078,-0.0245,0.1907,0.342,-2.930,201.987,0.000,-1.564,2.111,0.002,-0.031,0.093,-1.416,8.894,2.111,0.002,-0.031,0.093,0.28,0.06,1,2
222002,0.052,0.006,1.002,-0.067,-1.066,0.071,0.9813,0.0078,-0.0248,0.1907,0.333,-2.955,201.988,0.000,-1.564,2.111,0.002,-0.031,0.093,-1.416,8.894,2.111,0.002,-0.031,0.093,0.28,0.06,1,2
222013,0.052,0.006,1.002,-0.041,-1.049,0.037,0.9813,0.0077,-0.0250,0.1907,0.317,-2.978,201.990,0.000,-1.564,2.111,0.002,-0.031,0.093,-1.416,8.894,2.111,0.002,-0.031,0.093,0.28,0.08,1,2
222022,0.052,0.006,1.003,0.006,-1.094,0.026,0.9813,0.0076,-0.0250,0.1907,0.312,-2.982,201.990,0.000,-1.564,2.111,0.002,-0.031,0.091,-1.416,8.894,2.111,0.002,-0.031,0.091,0.29,0.08,1,2
222030,0.052,0.006,1.003,-0.029,-1.120,0.044,0.9813,0.0077,-0.0249,0.1907,0.319,-2.970,201.990,0.000,-1.564,2.111,0.002,-0.031,0.091,-1.416,8.894,2.111,0.002,-0.031,0.091,0.29,0.28,1,2
222042,0.052,0.006,1.003,-0.049,-1.140,0.118,0.9813,0.0077,-0.0250,0.1907,0.318,-2.984,201.991,0.000,-1.564,2.111,0.002,-0.031,0.090,-1.416,8.894,2.111,0.002,-0.031,0.090,0.29,0.28,1,2
222056,0.052,0.006,1.003,-0.083,-1.117,0.134,0.9813,0.0077,-0.0250,0.1908,0.317,-2.977,201.993,0.000,-1.564,2.111,0.002,-0.031,0.078,-1.416,8.894,2.111,0.002,-0.031,0.078,0.29,0.27,1,2
222070,0.053,0.006,1.003,-0.040,-1.157,0.144,0.9813,0.0078,-0.0251,0.1908,0.325,-2.990,201.994,0.000,-1.564,2.111,0.002,-0.031,0.077,-1.416,8.894,2.111,0.002,-0.031,0.077,0.30,0.24,1,2
222078,0.053,0.006,1.003,-0.077,-1.156,0.099,0.9813,0.0079,-0.0251,0.1908,0.336,-3.001,201.994,0.000,-1.564,2.111,0.002,-0.031,0.077,-1.416,8.894,2.111,0.002,-0.031,0.077,0.30,0.24,1,2
222090,0.053,0.006,1.003,-0.020,-1.118,0.132,0.9813,0.0079,-0.0255,0.1908,0.328,-3.041,201.996,0.000,-1.564,2.111,0.002,-0.031,0.075,-1.416,8.894,2.111,0.002,-0.031,0.075,0.30,0.08,1,2
222103,0.053,0.006,1.003,-0.007,-1.143,0.119,0.9813,0.0079,-0.0256,0.1908,0.326,-3.051,201.997,0.000,-1.564,2.111,0.002,-0.031,0.063,-1.416,8.894,2.111,0.002,-0.031,0.063,0.30,0.08,1,2
222119,0.054,0.006,1.003,0.044,-1.178,0.002,0.9813,0.0079,-0.0258,0.1908,0.327,-3.072,201.998,0.000,-1.564,2.111,0.002,-0.031,0.063,-1.416,8.894,2.111,0.002,-0.031,0.063,0.30,0.07,1,2
222126,0.054,0.006,1.003,0.066,-1.233,-0.032,0.9813,0.0079,-0.0259,0.1908,0.325,-3.084,201.998,0.000,-1.564,2.111,0.002,-0.031,0.063,-1.416,8.894,2.111,0.002,-0.031,0.063,0.30,0.07,1,2
222138,0.054,0.005,1.003,0.032,-1.263,-0.040,0.9812,0.0079,-0.0260,0.1908,0.323,-3.102,201.998,0.000,-1.564,2.111,0.002,-0.031,0.063,-1.416,8.894,2.111,0.002,-0.031,0.063,0.31,0.14,1,2
222150,0.054,0.006,1.003,0.046,-1.208,-0.023,0.9812,0.0080,-0.0261,0.1908,0.328,-3.111,201.997,0.000,-1.564,2.111,0.002,-0.031,0.063,-1.416,8.894,2.111,0.002,-0.031,0.063,0.32,0.72,1,2
222160,0.055,0.006,1.003,0.009,-1.184,-0.011,0.9812,0.0080,-0.0261,0.1908,0.331,-3.117,201.997,0.000,-1.564,2.111,0.002,-0.031,0.074,-1.416,8.894,2.111,0.002,-0.031,0.074,0.33,0.72,1,2
222178,0.055,0.006,1.003,-0.046,-1.211,0.079,0.9812,0.0081,-0.0264,0.1908,0.331,-3.141,201.998,0.000,-1.564,2.111,0.002,-0.031,0.102,-1.416,8.894,2.111,0.002,-0.031,0.102,0.34,0.68,1,2
222186,0.055,0.006,1.003,-0.016,-1.185,0.053,0.9812,0.0081,-0.0264,0.1908,0.330,-3.150,201.999,0.000,-1.564,2.111,0.002,-0.031,0.121,-1.416,8.894,2.111,0.002,-0.031,0.121,0.34,0.68,1,2
222198,0.055,0.006,1.003,-0.074,-1.187,0.028,0.9812,0.0081,-0.0266,0.1908,0.335,-3.169,201.998,0.000,-1.564,2.111,0.002,-0.031,0.157,-1.416,8.894,2.111,0.002,-0.031,0.157,0.35,0.62,1,2
222210,0.056,0.006,1.003,-0.153,-1.037,0.168,0.9812,0.0085,-0.0265,0.1908,0.373,-3.163,201.997,0.000,-1.564,2.111,0.002,-0.031,0.195,-1.416,8.894,2.111,0.002,-0.031,0.195,0.35,0.36,1,2
222492,0.059,0.005,1.003,-0.052,-1.103,0.202,0.9811,0.0082,-0.0283,0.1910,0.302,-3.359,202.025,0.000,-1.564,2.111,0.002,-0.031,0.732,-1.416,8.894,2.111,0.002,-0.031,0.732,0.37,0.51,1,2
222513,0.060,0.006,1.003,-0.105,-1.023,0.275,0.9811,0.0086,-0.0289,0.1911,0.332,-3.437,202.031,0.000,-1.564,2.111,0.002,-0.031,0.769,-1.416,8.894,2.111,0.002,-0.031,0.769,0.34,-0.25,1,2
222522,0.060,0.006,1.003,-0.141,-1.058,0.278,0.9811,0.0088,-0.0291,0.1911,0.348,-3.460,202.032,0.000,-1.564,2.111,0.002,-0.031,0.769,-1.416,8.894,2.111,0.002,-0.031,0.769,0.34,-0.25,1,2
222536,0.061,0.006,1.002,-0.126,-1.040,0.131,0.9811,0.0087,-0.0292,0.1911,0.344,-3.476,202.035,0.000,-1.564,2.111,0.002,-0.031,0.769,-1.416,8.894,2.111,0.002,-0.031,0.769,0.34,-0.17,1,2
222551,0.061,0.006,1.003,-0.067,-1.092,0.103,0.9811,0.0086,-0.0291,0.1911,0.333,-3.468,202.037,0.000,-1.564,2.111,0.002,-0.031,0.769,-1.416,8.894,2.111,0.002,-0.031,0.769,0.35,0.47,1,2
222558,0.061,0.006,1.003,-0.065,-1.047,0.067,0.9811,0.0086,-0.0293,0.1911,0.325,-3.479,202.038,0.000,-1.564,2.111,0.002,-0.031,0.769,-1.416,8.894,2.111,0.002,-0.031,0.769,0.35,0.47,1,2
222570,0.062,0.005,1.003,-0.011,-1.097,0.032,0.9811,0.0084,-0.0299,0.1911,0.290,-3.546,202.040,0.000,-1.564,2.111,0.002,-0.031,0.769,-1.416,8.894,2.111,0.002,-0.031,0.769,0.36,0.45,1,2
222582,0.062,0.005,1.003,0.003,-1.126,0.004,0.9811,0.0085,-0.0298,0.1911,0.298,-3.541,202.040,0.000,-1.564,2.111,0.002,-0.031,0.769,-1.416,8.894,2.111,0.002,-0.031,0.769,0.36,0.45,1,2
222595,0.062,0.005,1.003,0.043,-1.073,-0.049,0.9811,0.0083,-0.0299,0.1911,0.278,-3.545,202.041,0.000,-1.564,2.111,0.002,-0.031,0.769,-1.416,8.894,2.111,0.002,-0.031,0.769,0.36,0.39,1,2
222606,0.062,0.005,1.003,0.096,-1.067,-0.037,0.9811,0.0085,-0.0300,0.1911,0.301,-3.565,202.039,0.000,-1.564,2.111,0.002,-0.031,0.769,-1.416,8.894,2.111,0.002,-0.031,0.769,0.37,0.39,1,2
222614,0.063,0.005,1.003,0.121,-1.016,-0.013,0.9811,0.0084,-0.0300,0.1911,0.283,-3.561,202.040,0.000,-1.564,2.111,0.002,-0.031,0.769,-1.416,8.894,2.111,0.002,-0.031,0.769,0.37,0.08,1,2
222631,0.063,0.005,1.003,0.068,-1.031,0.003,0.9811,0.0088,-0.0303,0.1911,0.322,-3.600,202.037,0.000,-1.564,2.111,0.002,-0.031,0.769,-1.416,8.894,2.111,0.002,-0.031,0.769,0.37,0.07,1,2
222642,0.063,0.006,1.003,0.074,-0.992,-0.006,0.9811,0.0088,-0.0304,0.1911,0.324,-3.610,202.037,0.000,-1.564,2.111,0.002,-0.031,0.769,-1.416,8.894,2.111,0.002,-0.031,0.769,0.37,0.07,1,2
222658,0.064,0.006,1.003,-0.000,-1.040,0.035,0.9810,0.0089,-0.0307,0.1911,0.327,-3.644,202.037,0.000,-1.564,2.111,0.002,-0.031,0.769,-1.416,8.894,2.111,0.002,-0.031,0.769,0.37,0.03,1,2
222672,0.064,0.006,1.003,-0.073,-0.885,0.108,0.9810,0.0091,-0.0307,0.1911,0.348,-3.653,202.037,0.000,-1.564,2.111,0.002,-0.031,0.769,-1.416,8.894,2.111,0.002,-0.031,0.769,0.36,-0.31,1,2
222682,0.064,0.006,1.003,-0.104,-0.880,0.172,0.9810,0.0089,-0.0308,0.1911,0.323,-3.664,202.040,0.000,-1.564,2.111,0.002,-0.031,0.769,-1.416,8.894,2.111,0.002,-0.031,0.769,0.36,-0.31,1,2
222694,0.064,0.006,1.003,-0.106,-0.877,0.204,0.9810,0.0089,-0.0309,0.1912,0.322,-3.672,202.041,0.000,-1.564,2.111,0.002,-0.031,0.769,-1.416,8.894,2.111,0.002,-0.031,0.769,0.36,-0.29,1,2
222703,0.065,0.005,1.003,-0.124,-0.884,0.184,0.9810,0.0089,-0.0310,0.1912,0.320,-3.686,202.043,0.000,-1.564,2.111,0.002,-0.031,0.769,-1.416,8.894,2.111,0.002,-0.031,0.769,0.35,-0.29,1,2
222722,0.065,0.005,1.003,-0.049,-0.831,0.094,0.9810,0.0087,-0.0312,0.1912,0.294,-3.704,202.047,0.000,-1.564,2.111,0.002,-0.031,0.769,-1.416,8.894,2.111,0.002,-0.031,0.769,0.35,-0.28,1,2
222736,0.065,0.005,1.004,0.027,-0.794,0.166,0.9810,0.0088,-0.0314,0.1912,0.301,-3.723,202.049,0.000,-1.564,2.111,0.002,-0.031,0.769,-1.416,8.894,2.111,0.002,-0.031,0.769,0.34,-0.30,1,2
222744,0.065,0.005,1.004,0.050,-0.807,0.155,0.9810,0.0090,-0.0315,0.1912,0.319,-3.742,202.049,0.000,-1.564,2.111,0.002,-0.031,0.769,-1.416,8.894,2.111,0.002,-0.031,0.769,0.33,-0.30,1,2
222752,0.066,0.005,1.004,0.078,-0.736,0.066,0.9810,0.0088,-0.0315,0.1912,0.303,-3.733,202.051,0.000,-1.564,2.111,0.002,-0.031,0.760,-1.416,8.894,2.111,0.002,-0.031,0.760,0.33,-0.61,1,2
222761,0.066,0.006,1.004,0.020,-0.783,0.016,0.9810,0.0090,-0.0316,0.1912,0.325,-3.749,202.050,0.000,-1.564,2.111,0.002,-0.031,0.759,-1.416,8.894,2.111,0.002,-0.031,0.759,0.32,-0.61,1,2
222774,0.066,0.006,1.004,0.090,-0.777,-0.005,0.9810,0.0091,-0.0317,0.1912,0.326,-3.759,202.050,0.000,-1.564,2.111,0.002,-0.031,0.735,-1.416,8.894,2.111,0.002,-0.031,0.735,0.32,-0.58,1,2
223042,0.069,0.003,1.002,-0.135,-0.009,0.385,0.9809,0.0081,-0.0337,0.1914,0.178,-3.965,202.077,0.000,-1.564,2.111,0.002,-0.031,0.143,-1.416,8.894,2.111,0.002,-0.031,0.143,0.32,-0.36,1,2
223070,0.069,0.003,1.002,0.018,-0.039,-0.014,0.9809,0.0079,-0.0334,0.1914,0.157,-3.931,202.081,0.000,-1.564,2.111,0.002,-0.031,0.012,-1.416,8.894,2.111,0.002,-0.031,0.012,0.32,0.36,1,2
223080,0.069,0.004,1.002,0.154,0.105,0.063,0.9809,0.0082,-0.0334,0.1914,0.193,-3.940,202.079,0.000,-1.564,2.111,0.002,-0.031,0.012,-1.416,8.894,2.111,0.002,-0.031,0.012,0.33,0.36,1,2
223086,0.069,0.003,1.002,0.204,0.128,0.030,0.9809,0.0082,-0.0334,0.1914,0.194,-3.940,202.079,0.000,-1.564,2.111,0.002,-0.031,0.012,-1.416,8.894,2.111,0.002,-0.031,0.012,0.33,0.36,1,2
223098,0.068,0.003,1.002,0.240,0.150,-0.145,0.9809,0.0081,-0.0331,0.1914,0.188,-3.907,202.079,0.000,-1.564,2.111,0.002,-0.031,0.012,-1.416,8.894,2.111,0.002,-0.031,0.012,0.33,0.34,1,2
223110,0.068,0.004,1.003,0.300,0.100,-0.175,0.9809,0.0083,-0.0331,0.1914,0.207,-3.906,202.075,0.000,-1.564,2.111,0.002,-0.031,0.010,-1.416,8.894,2.111,0.002,-0.031,0.010,0.34,0.38,1,2
223118,0.068,0.004,1.003,0.232,0.141,-0.111,0.9809,0.0084,-0.0331,0.1914,0.224,-3.908,202.073,0.000,-1.564,2.111,0.002,-0.031,0.010,-1.416,8.894,2.111,0.002,-0.031,0.010,0.34,0.38,1,2
223134,0.069,0.004,1.003,0.174,0.305,0.074,0.9809,0.0085,-0.0331,0.1914,0.226,-3.904,202.073,0.000,-1.564,2.111,0.002,-0.031,0.008,-1.416,8.894,2.111,0.002,-0.031,0.008,0.36,0.83,1,2
223144,0.069,0.004,1.003,0.177,0.360,0.097,0.9809,0.0083,-0.0332,0.1914,0.210,-3.918,202.075,0.000,-1.564,2.111,0.002,-0.031,0.008,-1.416,8.894,2.111,0.002,-0.031,0.008,0.36,0.83,1,2
223158,0.069,0.004,1.003,-0.042,0.388,0.080,0.9809,0.0086,-0.0334,0.1914,0.233,-3.943,202.075,0.000,-1.564,2.111,0.002,-0.031,0.008,-1.416,8.894,2.111,0.002,-0.031,0.008,0.38,0.79,1,2
223170,0.069,0.004,1.003,-0.119,0.371,0.172,0.9809,0.0086,-0.0333,0.1914,0.239,-3.930,202.076,0.000,-1.564,2.111,0.002,-0.031,0.008,-1.416,8.894,2.111,0.002,-0.031,0.008,0.38,0.68,1,2
223176,0.069,0.005,1.003,-0.119,0.430,0.203,0.9809,0.0090,-0.0333,0.1914,0.280,-3.948,202.074,0.000,-1.564,2.111,0.002,-0.031,0.008,-1.416,8.894,2.111,0.002,-0.031,0.008,0.38,0.68,1,2
223184,0.069,0.005,1.003,-0.146,0.522,0.206,0.9809,0.0088,-0.0333,0.1914,0.258,-3.936,202.077,0.000,-1.564,2.111,0.002,-0.031,0.007,-1.416,8.894,2.111,0.002,-0.031,0.008,0.38,0.68,1,2
223197,0.069,0.005,1.003,-0.162,0.645,0.213,0.9809,0.0088,-0.0331,0.1915,0.262,-3.922,202.080,0.000,-1.564,2.111,0.002,-0.031,-0.008,-1.416,8.894,2.111,0.002,-0.031,0.007,0.38,0.06,1,2
223209,0.069,0.005,1.003,-0.058,0.604,0.147,0.9809,0.0092,-0.0333,0.1915,0.305,-3.943,202.079,0.000,-1.564,2.111,0.002,-0.031,-0.019,-1.416,8.894,2.111,0.002,-0.031,-0.019,0.38,0.06,1,2
223223,0.069,0.005,1.003,0.032,0.670,0.097,0.9809,0.0093,-0.0331,0.1915,0.322,-3.924,202.080,0.000,-1.564,2.111,0.002,-0.031,-0.031,-1.416,8.894,2.111,0.002,-0.031,-0.031,0.39,0.06,1,2
223230,0.069,0.005,1.003,0.071,0.687,0.077,0.9809,0.0093,-0.0330,0.1915,0.318,-3.917,202.080,0.000,-1.564,2.111,0.002,-0.031,-0.031,-1.416,8.894,2.111,0.002,-0.031,-0.031,0.39,0.06,1,2
223244,0.069,0.005,1.002,0.207,0.746,-0.097,0.9809,0.0091,-0.0333,0.1915,0.295,-3.948,202.081,0.000,-1.564,2.111,0.002,-0.031,-0.044,-1.416,8.894,2.111,0.002,-0.031,-0.044,0.39,0.06,1,2
223260,0.069,0.005,1.003,0.199,0.781,-0.088,0.9809,0.0091,-0.0333,0.1915,0.293,-3.944,202.081,0.000,-1.564,2.111,0.002,-0.031,-0.045,-1.416,8.894,2.111,0.002,-0.031,-0.045,0.39,0.10,1,2
223274,0.069,0.005,1.002,0.182,0.858,-0.156,0.9809,0.0091,-0.0332,0.1915,0.294,-3.939,202.079,0.000,-1.564,2.111,0.002,-0.031,-0.047,-1.416,8.894,2.111,0.002,-0.031,-0.047,0.40,0.54,1,2
223286,0.069,0.005,1.002,0.145,0.949,-0.049,0.9809,0.0092,-0.0333,0.1914,0.300,-3.949,202.077,0.000,-1.564,2.111,0.002,-0.031,-0.063,-1.416,8.894,2.111,0.002,-0.031,-0.063,0.41,0.54,1,2
223296,0.069,0.005,1.003,0.078,0.972,0.039,0.9809,0.0091,-0.0330,0.1914,0.303,-3.917,202.077,0.000,-1.564,2.111,0.002,-0.031,-0.073,-1.416,8.894,2.111,0.002,-0.031,-0.071,0.41,0.52,1,2
223306,0.069,0.005,1.002,0.021,1.005,0.042,0.9809,0.0093,-0.0331,0.1914,0.317,-3.933,202.077,0.000,-1.564,2.111,0.002,-0.031,-0.087,-1.416,8.894,2.111,0.002,-0.031,-0.087,0.42,0.52,1,2
223320,0.068,0.006,1.002,0.024,1.043,0.104,0.9809,0.0092,-0.0328,0.1915,0.316,-3.892,202.078,0.000,-1.564,2.111,0.002,-0.031,-0.115,-1.416,8.894,2.111,0.002,-0.031,-0.115,0.43,0.50,1,2
223694,0.059,0.007,1.003,0.082,2.020,0.035,0.9810,0.0091,-0.0283,0.1916,0.402,-3.388,202.091,0.000,-1.564,2.111,0.002,-0.031,-0.781,-1.416,8.894,2.111,0.002,-0.031,-0.781,0.42,-0.27,1,2
223718,0.059,0.007,1.003,0.074,1.965,-0.001,0.9810,0.0088,-0.0280,0.1916,0.373,-3.337,202.093,0.000,-1.564,2.111,0.002,-0.031,-0.781,-1.416,8.894,2.111,0.002,-0.031,-0.781,0.42,-0.21,1,2
223728,0.058,0.006,1.003,0.110,1.969,0.003,0.9810,0.0086,-0.0278,0.1916,0.358,-3.315,202.094,0.000,-1.564,2.111,0.002,-0.031,-0.781,-1.416,8.894,2.111,0.002,-0.031,-0.781,0.42,0.20,1,2
223740,0.058,0.006,1.003,0.132,1.943,-0.047,0.9810,0.0085,-0.0279,0.1916,0.342,-3.323,202.095,0.000,-1.564,2.111,0.002,-0.031,-0.781,-1.416,8.894,2.111,0.002,-0.031,-0.781,0.42,0.20,1,2
223751,0.058,0.006,1.003,0.112,1.984,-0.085,0.9810,0.0085,-0.0276,0.1916,0.350,-3.289,202.093,0.000,-1.564,2.111,0.002,-0.031,-0.781,-1.416,8.894,2.111,0.002,-0.031,-0.781,0.42,0.19,1,2
223765,0.057,0.006,1.003,0.109,2.019,-0.016,0.9810,0.0085,-0.0274,0.1916,0.353,-3.264,202.093,0.000,-1.564,2.111,0.002,-0.031,-0.781,-1.416,8.894,2.111,0.002,-0.031,-0.781,0.43,0.19,1,2
223774,0.057,0.006,1.003,0.094,2.049,-0.020,0.9811,0.0085,-0.0272,0.1916,0.355,-3.247,202.093,0.000,-1.564,2.111,0.002,-0.031,-0.781,-1.416,8.894,2.111,0.002,-0.031,-0.781,0.43,0.20,1,2
223784,0.057,0.006,1.003,0.031,2.005,-0.066,0.9811,0.0085,-0.0273,0.1916,0.357,-3.253,202.093,0.000,-1.564,2.111,0.002,-0.031,-0.781,-1.416,8.894,2.111,0.002,-0.031,-0.781,0.43,0.20,1,2
223800,0.056,0.006,1.003,-0.012,1.910,-0.044,0.9811,0.0083,-0.0268,0.1916,0.351,-3.195,202.092,0.000,-1.564,2.111,0.002,-0.031,-0.781,-1.416,8.894,2.111,0.002,-0.031,-0.781,0.44,0.43,1,2
223810,0.056,0.006,1.003,0.026,1.941,0.052,0.9811,0.0085,-0.0266,0.1916,0.373,-3.181,202.091,0.000,-1.564,2.111,0.002,-0.031,-0.781,-1.416,8.894,2.111,0.002,-0.031,-0.781,0.45,0.41,1,2
223818,0.055,0.006,1.003,0.057,1.970,0.051,0.9811,0.0085,-0.0264,0.1916,0.373,-3.159,202.092,0.000,-1.564,2.111,0.002,-0.031,-0.781,-1.416,8.894,2.111,0.002,-0.031,-0.781,0.45,0.41,1,2
223833,0.055,0.006,1.002,0.042,1.938,0.079,0.9811,0.0083,-0.0262,0.1916,0.353,-3.133,202.094,0.000,-1.564,2.111,0.002,-0.031,-0.781,-1.416,8.894,2.111,0.002,-0.031,-0.781,0.45,0.34,1,2
223844,0.055,0.006,1.003,0.031,1.932,0.069,0.9811,0.0084,-0.0261,0.1916,0.376,-3.116,202.094,0.000,-1.564,2.111,0.002,-0.031,-0.781,-1.416,8.894,2.111,0.002,-0.031,-0.781,0.45,0.34,1,2
223862,0.054,0.006,1.003,0.074,1.955,0.120,0.9811,0.0083,-0.0256,0.1916,0.370,-3.060,202.096,0.000,-1.564,2.111,0.002,-0.031,-0.781,-1.416,8.894,2.111,0.002,-0.031,-0.781,0.45,-0.12,1,2
223872,0.054,0.006,1.002,0.014,1.930,0.155,0.9811,0.0081,-0.0256,0.1917,0.351,-3.054,202.098,0.000,-1.564,2.111,0.002,-0.031,-0.781,-1.416,8.894,2.111,0.002,-0.031,-0.781,0.45,-0.12,1,2
223885,0.053,0.006,1.002,0.030,1.864,0.040,0.9811,0.0081,-0.0253,0.1917,0.351,-3.026,202.100,0.000,-1.564,2.111,0.002,-0.031,-0.781,-1.416,8.894,2.111,0.002,-0.031,-0.781,0.44,-0.12,1,2
223896,0.053,0.006,1.002,0.034,1.812,0.030,0.9811,0.0079,-0.0253,0.1917,0.330,-3.016,202.102,0.000,-1.564,2.111,0.002,-0.031,-0.772,-1.416,8.894,2.111,0.002,-0.031,-0.772,0.44,-0.10,1,2
223905,0.052,0.006,1.003,0.098,1.844,0.012,0.9811,0.0080,-0.0250,0.1917,0.352,-2.989,202.101,0.000,-1.564,2.111,0.002,-0.031,-0.744,-1.416,8.894,2.111,0.002,-0.031,-0.760,0.45,-0.10,1,2
223916,0.052,0.006,1.003,0.099,1.826,0.035,0.9811,0.0080,-0.0248,0.1917,0.354,-2.968,202.101,0.000,-1.564,2.111,0.002,-0.031,-0.731,-1.416,8.894,2.111,0.002,-0.031,-0.744,0.45,0.05,1,2
223929,0.051,0.006,1.003,0.042,1.852,-0.016,0.9811,0.0081,-0.0245,0.1917,0.369,-2.932,202.101,0.000,-1.564,2.111,0.002,-0.031,-0.717,-1.416,8.894,2.111,0.002,-0.031,-0.717,0.45,0.05,1,2
223941,0.051,0.006,1.002,0.050,1.867,-0.060,0.9811,0.0081,-0.0243,0.1917,0.376,-2.915,202.100,0.000,-1.564,2.111,0.002,-0.031,-0.687,-1.416,8.894,2.111,0.002,-0.031,-0.687,0.45,0.05,1,2
223950,0.051,0.007,1.002,0.013,1.942,0.059,0.9811,0.0081,-0.0241,0.1917,0.377,-2.889,202.100,0.000,-1.564,2.111,0.002,-0.031,-0.669,-1.416,8.894,2.111,0.002,-0.031,-0.669,0.45,0.05,1,2
223962,0.051,0.007,1.003,-0.104,1.959,0.190,0.9811,0.0081,-0.0242,0.1917,0.378,-2.895,202.102,0.000,-1.564,2.111,0.002,-0.031,-0.650,-1.416,8.894,2.111,0.002,-0.031,-0.650,0.45,0.05,1,2
223976,0.050,0.006,1.002,0.105,1.825,0.201,0.9811,0.0075,-0.0237,0.1917,0.317,-2.834,202.108,0.000,-1.564,2.111,0.002,-0.031,-0.610,-1.416,8.894,2.111,0.002,-0.031,-0.610,0.44,0.00,1,2
224280,0.041,0.007,1.003,0.112,0.319,0.009,0.9812,0.0073,-0.0195,0.1919,0.391,-2.352,202.124,0.000,-1.564,2.111,0.002,-0.031,-0.020,-1.416,8.894,2.111,0.002,-0.031,-0.020,0.44,0.31,1,2
224300,0.042,0.006,1.003,-0.024,0.243,0.064,0.9812,0.0072,-0.0199,0.1919,0.370,-2.394,202.126,0.000,-1.564,2.111,0.002,-0.031,0.007,-1.416,8.894,2.111,0.002,-0.031,0.007,0.45,0.32,1,2
224311,0.041,0.007,1.003,-0.181,0.300,0.184,0.9812,0.0072,-0.0197,0.1919,0.375,-2.369,202.127,0.000,-1.564,2.111,0.002,-0.031,0.007,-1.416,8.894,2.111,0.002,-0.031,0.007,0.45,0.44,1,2
224326,0.041,0.006,1.003,-0.190,0.375,0.321,0.9812,0.0070,-0.0193,0.1920,0.365,-2.320,202.132,0.000,-1.564,2.111,0.002,-0.031,0.008,-1.416,8.894,2.111,0.002,-0.031,0.008,0.46,0.44,1,2
224345,0.041,0.006,1.003,-0.101,0.143,0.135,0.9812,0.0067,-0.0194,0.1920,0.331,-2.333,202.138,0.000,-1.564,2.111,0.002,-0.031,0.008,-1.416,8.894,2.111,0.002,-0.031,0.008,0.46,0.42,1,2
224356,0.041,0.005,1.003,-0.113,-0.054,-0.036,0.9812,0.0066,-0.0193,0.1920,0.318,-2.314,202.138,0.000,-1.564,2.111,0.002,-0.031,0.008,-1.416,8.894,2.111,0.002,-0.031,0.008,0.47,0.40,1,2
224375,0.041,0.006,1.003,-0.000,-0.270,-0.117,0.9812,0.0071,-0.0193,0.1920,0.377,-2.330,202.134,0.000,-1.564,2.111,0.002,-0.031,0.008,-1.416,8.894,2.111,0.002,-0.031,0.008,0.47,0.35,1,2
224381,0.041,0.007,1.003,0.117,-0.322,-0.106,0.9812,0.0072,-0.0193,0.1920,0.387,-2.332,202.133,0.000,-1.564,2.111,0.002,-0.031,0.008,-1.416,8.894,2.111,0.002,-0.031,0.008,0.48,0.35,1,2
224392,0.041,0.007,1.003,0.110,-0.267,-0.111,0.9812,0.0072,-0.0193,0.1920,0.388,-2.334,202.132,0.000,-1.564,2.111,0.002,-0.031,0.008,-1.416,8.894,2.111,0.002,-0.031,0.008,0.48,0.33,1,2
224405,0.041,0.006,1.002,0.121,-0.446,-0.158,0.9812,0.0070,-0.0191,0.1919,0.369,-2.300,202.130,0.000,-1.564,2.111,0.002,-0.031,0.008,-1.416,8.894,2.111,0.002,-0.031,0.008,0.48,0.33,1,2
224414,0.041,0.006,1.002,0.110,-0.537,-0.143,0.9812,0.0071,-0.0192,0.1919,0.376,-2.312,202.129,0.000,-1.564,2.111,0.002,-0.031,0.008,-1.416,8.894,2.111,0.002,-0.031,0.008,0.49,0.31,1,2
224424,0.041,0.006,1.003,0.114,-0.568,0.003,0.9812,0.0069,-0.0194,0.1919,0.355,-2.329,202.129,0.000,-1.564,2.111,0.002,-0.031,0.010,-1.416,8.894,2.111,0.002,-0.031,0.010,0.49,0.31,1,2
224434,0.041,0.006,1.003,0.024,-0.599,0.154,0.9812,0.0068,-0.0193,0.1919,0.338,-2.320,202.131,0.000,-1.564,2.111,0.002,-0.031,0.010,-1.416,8.894,2.111,0.002,-0.031,0.010,0.49,0.25,1,2
224442,0.041,0.006,1.003,-0.051,-0.602,0.195,0.9812,0.0068,-0.0193,0.1920,0.339,-2.322,202.132,0.000,-1.564,2.111,0.002,-0.031,0.010,-1.416,8.894,2.111,0.002,-0.031,0.010,0.49,0.25,1,2
224456,0.041,0.006,1.002,-0.123,-0.687,0.173,0.9812,0.0068,-0.0193,0.1920,0.337,-2.324,202.134,0.000,-1.564,2.111,0.002,-0.031,0.010,-1.416,8.894,2.111,0.002,-0.031,0.010,0.49,-0.20,1,2
224466,0.041,0.006,1.002,-0.150,-0.841,0.187,0.9812,0.0068,-0.0193,0.1920,0.334,-2.323,202.136,0.000,-1.564,2.111,0.002,-0.031,0.010,-1.416,8.894,2.111,0.002,-0.031,0.010,0.48,-0.20,1,2
224483,0.041,0.006,1.003,-0.207,-0.851,0.254,0.9812,0.0069,-0.0194,0.1920,0.348,-2.328,202.140,0.000,-1.564,2.111,0.002,-0.031,0.010,-1.416,8.894,2.111,0.002,-0.031,0.010,0.48,-0.19,1,2
224492,0.041,0.006,1.003,-0.182,-0.886,0.234,0.9812,0.0070,-0.0192,0.1920,0.361,-2.315,202.141,0.000,-1.564,2.111,0.002,-0.031,0.010,-1.416,8.894,2.111,0.002,-0.031,0.010,0.48,-0.19,1,2
224504,0.041,0.006,1.002,-0.022,-0.967,0.048,0.9812,0.0070,-0.0193,0.1920,0.362,-2.326,202.142,0.000,-1.564,2.111,0.002,-0.031,0.010,-1.416,8.894,2.111,0.002,-0.031,0.010,0.47,-0.19,1,2
224516,0.041,0.006,1.002,0.014,-1.139,0.014,0.9812,0.0068,-0.0193,0.1921,0.344,-2.322,202.143,0.000,-1.564,2.111,0.002,-0.031,0.010,-1.416,8.894,2.111,0.002,-0.031,0.010,0.47,-0.28,1,2
224526,0.041,0.006,1.003,0.077,-1.165,0.032,0.9812,0.0070,-0.0195,0.1921,0.358,-2.352,202.142,0.000,-1.564,2.111,0.002,-0.031,0.010,-1.416,8.894,2.111,0.002,-0.031,0.010,0.47,-0.28,1,2
224536,0.041,0.006,1.003,0.127,-1.165,0.020,0.9812,0.0068,-0.0195,0.1921,0.335,-2.340,202.144,0.000,-1.564,2.111,0.002,-0.031,0.010,-1.416,8.894,2.111,0.002,-0.031,0.010,0.47,-0.27,1,2
224550,0.041,0.005,1.003,0.178,-1.257,-0.016,0.9812,0.0065,-0.0198,0.1921,0.297,-2.375,202.145,0.000,-1.564,2.111,0.002,-0.031,0.010,-1.416,8.894,2.111,0.002,-0.031,0.010,0.46,-0.22,1,2
224561,0.041,0.005,1.003,0.105,-1.352,-0.034,0.9812,0.0064,-0.0198,0.1921,0.287,-2.368,202.145,0.000,-1.564,2.111,0.002,-0.031,0.010,-1.416,8.894,2.111,0.002,-0.031,0.010,0.46,-0.22,1,2
224858,0.049,0.005,1.002,0.048,-2.388,-0.168,0.9810,0.0071,-0.0237,0.1922,0.276,-2.819,202.162,0.000,-1.564,2.111,0.002,-0.031,-0.352,-1.416,8.894,2.111,0.002,-0.031,-0.352,0.49,0.03,1,2
224882,0.050,0.005,1.002,0.327,-2.424,-0.331,0.9810,0.0075,-0.0242,0.1921,0.311,-2.884,202.154,0.000,-1.564,2.111,0.002,-0.031,-0.352,-1.416,8.894,2.111,0.002,-0.031,-0.352,0.49,0.03,1,2
224894,0.051,0.006,1.002,0.286,-2.443,-0.265,0.9810,0.0078,-0.0244,0.1921,0.341,-2.910,202.149,0.000,-1.564,2.111,0.002,-0.031,-0.351,-1.416,8.894,2.111,0.002,-0.031,-0.352,0.49,0.01,1,2
224904,0.051,0.006,1.003,0.227,-2.458,-0.132,0.9810,0.0076,-0.0245,0.1921,0.320,-2.923,202.148,0.000,-1.564,2.111,0.002,-0.031,-0.351,-1.416,8.894,2.111,0.002,-0.031,-0.351,0.49,0.01,1,2
224914,0.052,0.006,1.002,0.164,-2.427,0.002,0.9810,0.0078,-0.0249,0.1921,0.324,-2.971,202.147,0.000,-1.564,2.111,0.002,-0.031,-0.352,-1.416,8.894,2.111,0.002,-0.031,-0.352,0.49,-0.07,1,2
224922,0.052,0.005,1.002,0.097,-2.438,0.114,0.9810,0.0078,-0.0250,0.1921,0.328,-2.988,202.148,0.000,-1.564,2.111,0.002,-0.031,-0.352,-1.416,8.894,2.111,0.002,-0.031,-0.352,0.49,-0.07,1,2
224937,0.053,0.006,1.003,-0.216,-2.357,0.262,0.9810,0.0077,-0.0252,0.1921,0.309,-3.008,202.151,0.000,-1.564,2.111,0.002,-0.031,-0.351,-1.416,8.894,2.111,0.002,-0.031,-0.351,0.49,-0.07,1,2
224951,0.053,0.006,1.003,-0.320,-2.316,0.325,0.9810,0.0079,-0.0254,0.1921,0.327,-3.030,202.154,0.000,-1.564,2.111,0.002,-0.031,-0.351,-1.416,8.894,2.111,0.002,-0.031,-0.351,0.49,-0.04,1,2
224958,0.053,0.006,1.003,-0.351,-2.313,0.344,0.9810,0.0081,-0.0254,0.1921,0.347,-3.037,202.155,0.000,-1.564,2.111,0.002,-0.031,-0.351,-1.416,8.894,2.111,0.002,-0.031,-0.351,0.49,-0.04,1,2
224970,0.054,0.006,1.002,-0.338,-2.348,0.344,0.9810,0.0080,-0.0258,0.1922,0.327,-3.079,202.159,0.000,-1.564,2.111,0.002,-0.031,-0.351,-1.416,8.894,2.111,0.002,-0.031,-0.351,0.49,-0.04,1,2
224980,0.054,0.006,1.002,-0.351,-2.347,0.246,0.9810,0.0083,-0.0260,0.1922,0.362,-3.110,202.160,0.000,-1.564,2.111,0.002,-0.031,-0.351,-1.416,8.894,2.111,0.002,-0.031,-0.351,0.50,0.18,1,2
224995,0.055,0.006,1.003,-0.127,-2.310,0.213,0.9810,0.0084,-0.0263,0.1922,0.364,-3.143,202.163,0.000,-1.564,2.111,0.002,-0.031,-0.351,-1.416,8.894,2.111,0.002,-0.031,-0.351,0.50,0.17,1,2
225006,0.056,0.006,1.002,0.008,-2.284,0.134,0.9809,0.0084,-0.0266,0.1922,0.357,-3.180,202.165,0.000,-1.564,2.111,0.002,-0.031,-0.347,-1.416,8.894,2.111,0.002,-0.031,-0.347,0.50,0.17,1,2
225018,0.056,0.006,1.002,0.107,-2.315,0.039,0.9809,0.0080,-0.0270,0.1923,0.309,-3.214,202.169,0.000,-1.564,2.111,0.002,-0.031,-0.347,-1.416,8.894,2.111,0.002,-0.031,-0.347,0.50,0.14,1,2
225029,0.056,0.005,1.002,0.161,-2.344,-0.103,0.9809,0.0080,-0.0272,0.1923,0.298,-3.237,202.169,0.000,-1.564,2.111,0.002,-0.031,-0.344,-1.416,8.894,2.111,0.002,-0.031,-0.344,0.50,-0.11,1,2
225036,0.057,0.005,1.002,0.204,-2.291,-0.150,0.9809,0.0079,-0.0272,0.1922,0.291,-3.228,202.168,0.000,-1.564,2.111,0.002,-0.031,-0.335,-1.416,8.894,2.111,0.002,-0.031,-0.344,0.50,-0.11,1,2
225050,0.057,0.005,1.003,0.176,-2.225,-0.127,0.9809,0.0080,-0.0276,0.1922,0.289,-3.282,202.166,0.000,-1.564,2.111,0.002,-0.031,-0.335,-1.416,8.894,2.111,0.002,-0.031,-0.335,0.50,-0.10,1,2
225062,0.058,0.005,1.002,0.083,-2.074,-0.055,0.9809,0.0081,-0.0278,0.1922,0.292,-3.309,202.165,0.000,-1.564,2.111,0.002,-0.031,-0.324,-1.416,8.894,2.111,0.002,-0.031,-0.324,0.49,-0.10,1,2
225073,0.058,0.006,1.003,-0.051,-2.006,-0.097,0.9809,0.0082,-0.0278,0.1922,0.314,-3.314,202.163,0.000,-1.564,2.111,0.002,-0.031,-0.321,-1.416,8.894,2.111,0.002,-0.031,-0.323,0.49,-0.10,1,2
225090,0.059,0.006,1.003,-0.232,-2.001,0.150,0.9809,0.0086,-0.0281,0.1922,0.352,-3.348,202.161,0.000,-1.564,2.111,0.002,-0.031,-0.292,-1.416,8.894,2.111,0.002,-0.031,-0.292,0.49,-0.15,1,2
225097,0.059,0.006,1.002,-0.221,-1.961,0.207,0.9809,0.0088,-0.0283,0.1922,0.365,-3.382,202.161,0.000,-1.564,2.111,0.002,-0.031,-0.292,-1.416,8.894,2.111,0.002,-0.031,-0.292,0.49,-0.15,1,2
225110,0.060,0.007,1.002,-0.190,-1.908,0.260,0.9809,0.0089,-0.0284,0.1922,0.378,-3.391,202.163,0.000,-1.564,2.111,0.002,-0.031,-0.261,-1.416,8.894,2.111,0.002,-0.031,-0.261,0.49,-0.14,1,2
225122,0.060,0.007,1.003,-0.100,-2.035,0.315,0.9809,0.0090,-0.0286,0.1922,0.380,-3.416,202.167,0.000,-1.564,2.111,0.002,-0.031,-0.219,-1.416,8.894,2.111,0.002,-0.031,-0.219,0.49,-0.14,1,2
225447,0.069,0.007,1.004,-0.170,-0.693,0.336,0.9807,0.0101,-0.0328,0.1924,0.418,-3.914,202.189,0.000,-1.564,2.111,0.002,-0.031,0.013,-1.416,8.894,2.111,0.002,-0.031,0.013,0.44,-0.05,1,2
225473,0.069,0.007,1.003,-0.165,-0.538,0.287,0.9807,0.0099,-0.0332,0.1925,0.377,-3.952,202.202,0.000,-1.564,2.111,0.002,-0.031,0.012,-1.416,8.894,2.111,0.002,-0.031,0.012,0.44,-0.06,1,2
225482,0.069,0.006,1.003,-0.125,-0.542,0.279,0.9807,0.0098,-0.0332,0.1926,0.364,-3.954,202.205,0.000,-1.564,2.111,0.002,-0.031,0.012,-1.416,8.894,2.111,0.002,-0.031,0.012,0.44,-0.06,1,2
225498,0.070,0.006,1.003,-0.074,-0.529,0.153,0.9807,0.0096,-0.0335,0.1926,0.336,-3.978,202.210,0.000,-1.564,2.111,0.002,-0.031,0.012,-1.416,8.894,2.111,0.002,-0.031,0.012,0.44,-0.20,1,2
225510,0.070,0.006,1.003,0.052,-0.488,-0.021,0.9807,0.0095,-0.0334,0.1926,0.327,-3.965,202.211,0.000,-1.564,2.111,0.002,-0.031,0.012,-1.416,8.894,2.111,0.002,-0.031,0.012,0.43,-0.19,1,2
225521,0.070,0.006,1.003,0.186,-0.362,-0.044,0.9806,0.0094,-0.0337,0.1926,0.313,-3.995,202.212,0.000,-1.564,2.111,0.002,-0.031,0.012,-1.416,8.894,2.111,0.002,-0.031,0.012,0.43,-0.19,1,2
225534,0.070,0.005,1.003,0.233,-0.334,-0.164,0.9806,0.0094,-0.0337,0.1926,0.315,-4.001,202.211,0.000,-1.564,2.111,0.002,-0.031,0.012,-1.416,8.894,2.111,0.002,-0.031,0.012,0.43,-0.18,1,2
225554,0.070,0.005,1.003,0.128,-0.179,-0.264,0.9807,0.0093,-0.0339,0.1926,0.300,-4.013,202.207,0.000,-1.564,2.111,0.002,-0.031,0.012,-1.416,8.894,2.111,0.002,-0.031,0.012,0.43,-0.23,1,2
225561,0.071,0.005,1.003,0.082,-0.168,-0.295,0.9807,0.0094,-0.0339,0.1925,0.307,-4.020,202.205,0.000,-1.564,2.111,0.002,-0.031,0.012,-1.416,8.894,2.111,0.002,-0.031,0.012,0.42,-0.23,1,2
225570,0.071,0.006,1.003,0.115,-0.128,-0.135,0.9807,0.0096,-0.0340,0.1925,0.330,-4.036,202.201,0.000,-1.564,2.111,0.002,-0.031,0.012,-1.416,8.894,2.111,0.002,-0.031,0.012,0.42,-0.22,1,2
225578,0.071,0.006,1.003,0.109,-0.061,-0.035,0.9807,0.0096,-0.0340,0.1925,0.331,-4.036,202.200,0.000,-1.564,2.111,0.002,-0.031,0.012,-1.416,8.894,2.111,0.002,-0.031,0.012,0.42,-0.22,1,2
225591,0.071,0.006,1.003,-0.007,-0.012,0.022,0.9807,0.0097,-0.0339,0.1925,0.341,-4.030,202.200,0.000,-1.564,2.111,0.002,-0.031,0.012,-1.416,8.894,2.111,0.002,-0.031,0.012,0.42,-0.20,1,2
225606,0.071,0.006,1.003,-0.090,0.063,0.171,0.9807,0.0099,-0.0340,0.1925,0.368,-4.041,202.199,0.000,-1.564,2.111,0.002,-0.031,0.013,-1.416,8.894,2.111,0.002,-0.031,0.013,0.41,-0.20,1,2
225618,0.071,0.006,1.003,-0.059,0.110,0.326,0.9806,0.0099,-0.0340,0.1925,0.361,-4.038,202.203,0.000,-1.564,2.111,0.002,-0.031,0.013,-1.416,8.894,2.111,0.002,-0.031,0.013,0.41,-0.20,1,2
225624,0.071,0.006,1.003,-0.035,0.165,0.358,0.9806,0.0099,-0.0340,0.1925,0.361,-4.037,202.204,0.000,-1.564,2.111,0.002,-0.031,0.013,-1.416,8.894,2.111,0.002,-0.031,0.013,0.41,-0.20,1,2
225632,0.071,0.006,1.003,-0.065,0.241,0.385,0.9806,0.0099,-0.0339,0.1926,0.351,-4.056,202.209,0.000,-1.564,2.111,0.002,-0.031,0.012,-1.416,8.894,2.111,0.002,-0.031,0.012,0.41,-0.28,1,2
225646,0.071,0.006,1.003,-0.125,0.330,0.328,0.9806,0.0098,-0.0341,0.1926,0.350,-4.052,202.213,0.000,-1.564,2.111,0.002,-0.031,0.013,-1.416,8.894,2.111,0.002,-0.031,0.012,0.40,-0.28,1,2
225662,0.071,0.006,1.003,-0.075,0.378,0.220,0.9806,0.0096,-0.0340,0.1927,0.326,-4.041,202.218,0.000,-1.564,2.111,0.002,-0.031,0.012,-1.416,8.894,2.111,0.002,-0.031,0.012,0.40,-0.27,1,2
225672,0.071,0.005,1.003,0.096,0.323,-0.024,0.9806,0.0090,-0.0342,0.1927,0.260,-4.041,202.225,0.000,-1.564,2.111,0.002,-0.031,0.012,-1.416,8.894,2.111,0.002,-0.031,0.012,0.40,-0.22,1,2
225678,0.071,0.005,1.003,0.093,0.346,-0.103,0.9806,0.0090,-0.0342,0.1927,0.262,-4.041,202.224,0.000,-1.564,2.111,0.002,-0.031,0.012,-1.416,8.894,2.111,0.002,-0.031,0.012,0.40,-0.22,1,2
225690,0.071,0.005,1.003,0.053,0.474,-0.154,0.9806,0.0093,-0.0339,0.1927,0.294,-4.014,202.220,0.000,-1.564,2.111,0.002,-0.031,0.012,-1.416,8.894,2.111,0.002,-0.031,0.012,0.40,0.08,1,2
225702,0.071,0.006,1.003,0.065,0.519,-0.169,0.9806,0.0096,-0.0340,0.1926,0.327,-4.034,202.216,0.000,-1.564,2.111,0.002,-0.031,0.012,-1.416,8.894,2.111,0.002,-0.031,0.012,0.40,0.08,1,2
225714,0.071,0.005,1.003,0.171,0.562,-0.185,0.9806,0.0094,-0.0340,0.1926,0.304,-4.032,202.216,0.000,-1.564,2.111,0.002,-0.031,0.012,-1.416,8.894,2.111,0.002,-0.031,0.012,0.40,0.07,1,2
225725,0.071,0.006,1.003,0.163,0.644,-0.179,0.9806,0.0096,-0.0340,0.1926,0.327,-4.035,202.212,0.000,-1.564,2.111,0.002,-0.031,0.012,-1.416,8.894,2.111,0.002,-0.031,0.012,0.40,0.07,1,2
226040,0.065,0.005,1.003,0.080,1.733,-0.149,0.9807,0.0088,-0.0313,0.1927,0.297,-3.714,202.223,0.000,-1.564,2.111,0.002,-0.031,0.012,-1.416,8.894,2.111,0.002,-0.031,0.012,0.37,-0.46,1,2
226058,0.065,0.006,1.003,0.150,1.712,-0.148,0.9807,0.0089,-0.0311,0.1927,0.317,-3.694,202.220,0.000,-1.564,2.111,0.002,-0.031,0.012,-1.416,8.894,2.111,0.002,-0.031,0.012,0.37,-0.39,1,2
226076,0.064,0.006,1.003,0.116,1.797,-0.074,0.9807,0.0091,-0.0307,0.1927,0.343,-3.656,202.216,0.000,-1.564,2.111,0.002,-0.031,0.012,-1.416,8.894,2.111,0.002,-0.031,0.012,0.37,0.10,1,2
226086,0.064,0.006,1.003,0.075,1.797,0.002,0.9807,0.0091,-0.0306,0.1927,0.346,-3.644,202.216,0.000,-1.564,2.111,0.002,-0.031,0.012,-1.416,8.894,2.111,0.002,-0.031,0.012,0.37,0.10,1,2
226098,0.064,0.006,1.003,0.065,1.811,0.100,0.9807,0.0091,-0.0306,0.1927,0.350,-3.640,202.217,0.000,-1.564,2.111,0.002,-0.031,0.012,-1.416,8.894,2.111,0.002,-0.031,0.012,0.37,0.09,1,2
226104,0.064,0.006,1.003,0.115,1.830,0.108,0.9807,0.0090,-0.0307,0.1927,0.329,-3.650,202.219,0.000,-1.564,2.111,0.002,-0.031,0.013,-1.416,8.894,2.111,0.002,-0.031,0.013,0.37,0.09,1,2
226124,0.063,0.006,1.003,-0.000,1.867,0.156,0.9807,0.0088,-0.0303,0.1927,0.325,-3.605,202.223,0.000,-1.564,2.111,0.002,-0.031,0.013,-1.416,8.894,2.111,0.002,-0.031,0.013,0.38,0.09,1,2
226136,0.063,0.006,1.003,-0.017,1.908,0.135,0.9807,0.0088,-0.0302,0.1927,0.322,-3.586,202.225,0.000,-1.564,2.111,0.002,-0.031,0.013,-1.416,8.894,2.111,0.002,-0.031,0.013,0.38,0.12,1,2
226149,0.063,0.005,1.003,-0.018,1.887,0.120,0.9807,0.0088,-0.0301,0.1927,0.321,-3.573,202.226,0.000,-1.564,2.111,0.002,-0.031,0.013,-1.416,8.894,2.111,0.002,-0.031,0.013,0.38,0.12,1,2
226154,0.062,0.005,1.003,-0.008,1.914,0.128,0.9807,0.0087,-0.0299,0.1927,0.322,-3.555,202.227,0.000,-1.564,2.111,0.002,-0.031,0.013,-1.416,8.894,2.111,0.002,-0.031,0.013,0.39,0.39,1,2
226167,0.062,0.005,1.003,0.010,1.942,0.023,0.9808,0.0087,-0.0297,0.1928,0.300,-3.521,202.229,0.000,-1.564,2.111,0.002,-0.031,0.013,-1.416,8.894,2.111,0.002,-0.031,0.013,0.39,0.39,1,2
226178,0.062,0.006,1.003,-0.009,1.875,-0.075,0.9808,0.0086,-0.0295,0.1927,0.344,-3.503,202.226,0.000,-1.564,2.111,0.002,-0.031,0.013,-1.416,8.894,2.111,0.002,-0.031,0.013,0.40,0.37,1,2
226186,0.061,0.006,1.003,0.071,1.879,-0.014,0.9808,0.0087,-0.0294,0.1927,0.323,-3.498,202.227,0.000,-1.564,2.111,0.002,-0.031,0.012,-1.416,8.894,2.111,0.002,-0.031,0.012,0.40,0.37,1,2
226200,0.061,0.006,1.003,0.226,1.848,-0.117,0.9808,0.0087,-0.0292,0.1927,0.329,-3.479,202.226,0.000,-1.564,2.111,0.002,-0.031,0.012,-1.416,8.894,2.111,0.002,-0.031,0.012,0.40,0.36,1,2
226211,0.061,0.006,1.003,0.231,1.817,-0.130,0.9808,0.0087,-0.0293,0.1927,0.326,-3.491,202.225,0.000,-1.564,2.111,0.002,-0.031,0.013,-1.416,8.894,2.111,0.002,-0.031,0.012,0.41,0.36,1,2
226221,0.060,0.006,1.003,0.128,1.855,-0.165,0.9808,0.0088,-0.0288,0.1927,0.353,-3.433,202.222,0.000,-1.564,2.111,0.002,-0.031,0.013,-1.416,8.894,2.111,0.002,-0.031,0.012,0.41,0.47,1,2
226232,0.060,0.006,1.003,0.139,1.920,0.003,0.9808,0.0090,-0.0289,0.1927,0.378,-3.449,202.220,0.000,-1.564,2.111,0.002,-0.031,0.012,-1.416,8.894,2.111,0.002,-0.031,0.013,0.42,0.45,1,2
226244,0.060,0.006,1.003,0.097,1.860,0.105,0.9808,0.0086,-0.0286,0.1927,0.337,-3.404,202.223,0.000,-1.564,2.111,0.002,-0.031,0.013,-1.416,8.894,2.111,0.002,-0.031,0.013,0.42,0.45,1,2
226266,0.059,0.006,1.003,-0.019,1.917,0.090,0.9808,0.0085,-0.0283,0.1927,0.332,-3.370,202.226,0.000,-1.564,2.111,0.002,-0.031,0.013,-1.416,8.894,2.111,0.002,-0.031,0.013,0.43,0.40,1,2
226278,0.059,0.006,1.003,-0.068,1.896,0.091,0.9808,0.0085,-0.0283,0.1928,0.332,-3.367,202.227,0.000,-1.564,2.111,0.002,-0.031,0.013,-1.416,8.894,2.111,0.002,-0.031,0.013,0.43,0.11,1,2
226289,0.058,0.006,1.003,-0.015,1.862,0.117,0.9808,0.0082,-0.0280,0.1928,0.300,-3.333,202.230,0.000,-1.564,2.111,0.002,-0.031,0.013,-1.416,8.894,2.111,0.002,-0.031,0.013,0.43,0.11,1,2
226297,0.058,0.005,1.003,-0.009,1.877,0.128,0.9808,0.0083,-0.0278,0.1928,0.316,-3.304,202.230,0.000,-1.564,2.111,0.002,-0.031,0.013,-1.416,8.894,2.111,0.002,-0.031,0.013,0.43,0.11,1,2
226312,0.058,0.006,1.003,0.002,1.804,0.076,0.9808,0.0084,-0.0276,0.1928,0.338,-3.286,202.231,0.000,-1.564,2.111,0.002,-0.031,0.013,-1.416,8.894,2.111,0.002,-0.031,0.013,0.43,0.10,1,2
226324,0.057,0.006,1.002,0.011,1.806,0.052,0.9808,0.0084,-0.0274,0.1928,0.340,-3.270,202.231,0.000,-1.564,2.111,0.002,-0.031,0.012,-1.416,8.894,2.111,0.002,-0.031,0.012,0.43,0.10,1,2
226640,0.047,0.007,1.003,0.069,0.861,0.023,0.9809,0.0076,-0.0226,0.1930,0.359,-2.712,202.250,0.000,-1.564,2.111,0.002,-0.031,0.012,-1.416,8.894,2.111,0.002,-0.031,0.012,0.47,0.28,1,2
226669,0.047,0.007,1.003,-0.013,0.688,-0.002,0.9809,0.0078,-0.0223,0.1930,0.380,-2.683,202.250,0.000,-1.564,2.111,0.002,-0.031,0.012,-1.416,8.894,2.111,0.002,-0.031,0.012,0.49,0.74,1,2
226680,0.047,0.007,1.003,-0.017,0.612,-0.016,0.9809,0.0078,-0.0223,0.1930,0.381,-2.678,202.250,0.000,-1.564,2.111,0.002,-0.031,0.012,-1.416,8.894,2.111,0.002,-0.031,0.012,0.50,0.74,1,2
226696,0.047,0.007,1.003,0.116,0.556,0.056,0.9809,0.0078,-0.0222,0.1930,0.383,-2.669,202.250,0.000,-1.564,2.111,0.002,-0.031,0.012,-1.416,8.894,2.111,0.002,-0.031,0.012,0.51,0.71,1,2
226706,0.047,0.007,1.003,0.085,0.495,0.069,0.9809,0.0077,-0.0223,0.1930,0.370,-2.682,202.251,0.000,-1.564,2.111,0.002,-0.031,0.012,-1.416,8.894,2.111,0.002,-0.031,0.012,0.51,0.71,1,2
226714,0.047,0.007,1.003,0.076,0.486,0.060,0.9809,0.0078,-0.0221,0.1930,0.383,-2.660,202.251,0.000,-1.564,2.111,0.002,-0.031,0.012,-1.416,8.894,2.111,0.002,-0.031,0.012,0.51,0.62,1,2
226727,0.046,0.007,1.002,0.090,0.439,0.073,0.9809,0.0076,-0.0219,0.1930,0.376,-2.632,202.253,0.000,-1.564,2.111,0.002,-0.031,0.012,-1.416,8.894,2.111,0.002,-0.031,0.012,0.52,0.62,1,2
226739,0.046,0.007,1.002,0.051,0.415,0.074,0.9809,0.0074,-0.0219,0.1930,0.354,-2.622,202.255,0.000,-1.564,2.111,0.002,-0.031,0.012,-1.416,8.894,2.111,0.002,-0.031,0.012,0.52,0.10,1,2
226747,0.046,0.006,1.002,0.029,0.362,0.114,0.9809,0.0076,-0.0218,0.1930,0.377,-2.624,202.254,0.000,-1.564,2.111,0.002,-0.031,0.012,-1.416,8.894,2.111,0.002,-0.031,0.012,0.52,0.10,1,2
226758,0.046,0.006,1.002,-0.038,0.319,0.100,0.9809,0.0075,-0.0215,0.1930,0.366,-2.586,202.256,0.000,-1.564,2.111,0.002,-0.031,0.012,-1.416,8.894,2.111,0.002,-0.031,0.012,0.52,0.10,1,2
226772,0.045,0.006,1.002,-0.014,0.211,0.111,0.9809,0.0074,-0.0217,0.1930,0.358,-2.604,202.258,0.000,-1.564,2.111,0.002,-0.031,0.012,-1.416,8.894,2.111,0.002,-0.031,0.012,0.52,0.05,1,2
226778,0.045,0.006,1.002,0.003,0.171,0.102,0.9809,0.0074,-0.0215,0.1930,0.359,-2.580,202.259,0.000,-1.564,2.111,0.002,-0.031,0.012,-1.416,8.894,2.111,0.002,-0.031,0.012,0.51,0.05,1,2
226791,0.045,0.006,1.002,0.045,0.088,0.066,0.9809,0.0074,-0.0215,0.1931,0.358,-2.579,202.260,0.000,-1.564,2.111,0.002,-0.031,0.012,-1.416,8.894,2.111,0.002,-0.031,0.012,0.51,-0.34,1,2
226804,0.045,0.006,1.002,0.021,0.030,0.032,0.9809,0.0074,-0.0214,0.1931,0.358,-2.573,202.260,0.000,-1.564,2.111,0.002,-0.031,0.012,-1.416,8.894,2.111,0.002,-0.031,0.012,0.51,-0.34,1,2
226818,0.045,0.006,1.002,0.032,-0.069,0.019,0.9809,0.0074,-0.0214,0.1931,0.361,-2.571,202.261,0.000,-1.564,2.111,0.002,-0.031,0.012,-1.416,8.894,2.111,0.002,-0.031,0.012,0.50,-0.32,1,2
226830,0.045,0.007,1.003,0.112,-0.042,0.092,0.9809,0.0075,-0.0214,0.1931,0.367,-2.574,202.261,0.000,-1.564,2.111,0.002,-0.031,0.012,-1.416,8.894,2.111,0.002,-0.031,0.012,0.50,-0.31,1,2
226842,0.045,0.006,1.003,0.072,-0.103,0.021,0.9809,0.0074,-0.0214,0.1931,0.360,-2.571,202.263,0.000,-1.564,2.111,0.002,-0.031,0.012,-1.416,8.894,2.111,0.002,-0.031,0.012,0.49,-0.31,1,2
226856,0.045,0.006,1.003,0.017,-0.254,0.026,0.9809,0.0074,-0.0212,0.1931,0.366,-2.552,202.262,0.000,-1.564,2.111,0.002,-0.031,0.012,-1.416,8.894,2.111,0.002,-0.031,0.012,0.50,-0.20,1,2
226867,0.045,0.006,1.003,0.055,-0.273,0.031,0.9809,0.0074,-0.0215,0.1931,0.361,-2.577,202.263,0.000,-1.564,2.111,0.002,-0.031,0.012,-1.416,8.894,2.111,0.002,-0.031,0.012,0.51,-0.20,1,2
226878,0.045,0.006,1.003,-0.008,-0.344,0.050,0.9809,0.0075,-0.0213,0.1931,0.369,-2.560,202.263,0.000,-1.564,2.111,0.002,-0.031,0.012,-1.416,8.894,2.111,0.002,-0.031,0.012,0.51,0.59,1,2
226887,0.045,0.006,1.003,-0.009,-0.394,0.019,0.9809,0.0076,-0.0212,0.1931,0.388,-2.553,202.263,0.000,-1.564,2.111,0.002,-0.031,0.012,-1.416,8.894,2.111,0.002,-0.031,0.012,0.52,0.59,1,2
226902,0.045,0.006,1.003,-0.011,-0.441,0.076,0.9809,0.0076,-0.0212,0.1931,0.385,-2.552,202.263,0.000,-1.564,2.111,0.002,-0.031,0.012,-1.416,8.894,2.111,0.002,-0.031,0.012,0.53,0.56,1,2
226913,0.045,0.006,1.003,-0.018,-0.501,0.109,0.9809,0.0074,-0.0213,0.1931,0.362,-2.563,202.265,0.000,-1.564,2.111,0.002,-0.031,0.012,-1.416,8.894,2.111,0.002,-0.031,0.012,0.53,0.51,1,2
226920,0.045,0.006,1.003,0.034,-0.508,0.108,0.9809,0.0074,-0.0213,0.1931,0.359,-2.562,202.266,0.000,-1.564,2.111,0.002,-0.031,0.012,-1.416,8.894,2.111,0.002,-0.031,0.012,0.53,0.51,1,2
227237,0.049,0.006,1.002,-0.050,-1.545,0.048,0.9808,0.0077,-0.0236,0.1934,0.347,-2.826,202.296,0.000,-1.564,2.111,0.002,-0.031,0.012,-1.416,8.894,2.111,0.002,-0.031,0.012,0.61,0.40,1,2
227256,0.050,0.006,1.002,-0.022,-1.652,0.088,0.9808,0.0080,-0.0239,0.1934,0.364,-2.866,202.296,0.000,-1.564,2.111,0.002,-0.031,0.012,-1.416,8.894,2.111,0.002,-0.031,0.012,0.62,0.38,1,2
227267,0.050,0.006,1.002,-0.039,-1.729,0.095,0.9808,0.0080,-0.0241,0.1934,0.362,-2.881,202.297,0.000,-1.564,2.111,0.004,-0.031,0.012,-1.416,8.894,2.111,0.004,-0.031,0.012,0.62,0.38,1,2
227282,0.051,0.006,1.003,-0.086,-1.758,0.070,0.9808,0.0079,-0.0242,0.1934,0.357,-2.895,202.298,0.000,-1.564,2.111,0.002,-0.031,0.012,-1.416,8.894,2.111,0.002,-0.031,0.012,0.63,0.37,1,2
227298,0.051,0.006,1.003,-0.007,-1.775,0.125,0.9808,0.0080,-0.0244,0.1934,0.356,-2.922,202.300,0.000,-1.564,2.111,0.004,-0.031,0.012,-1.416,8.894,2.111,0.004,-0.031,0.012,0.63,0.35,1,2
227310,0.051,0.006,1.003,-0.019,-1.719,0.151,0.9808,0.0080,-0.0246,0.1934,0.357,-2.938,202.301,0.000,-1.564,2.111,0.002,-0.031,0.012,-1.416,8.894,2.111,0.002,-0.031,0.012,0.63,0.35,1,2
227320,0.052,0.006,1.003,0.010,-1.765,0.070,0.9808,0.0080,-0.0247,0.1934,0.357,-2.959,202.302,0.000,-1.564,2.111,0.004,-0.031,0.012,-1.416,8.894,2.111,0.004,-0.031,0.012,0.63,0.30,1,2
227334,0.052,0.006,1.003,0.011,-1.807,0.080,0.9808,0.0080,-0.0248,0.1934,0.350,-2.969,202.303,0.000,-1.564,2.111,0.004,-0.031,0.012,-1.416,8.894,2.111,0.004,-0.031,0.012,0.63,0.03,1,2
227346,0.052,0.006,1.003,0.012,-1.814,0.098,0.9808,0.0079,-0.0251,0.1934,0.330,-2.994,202.305,0.000,-1.564,2.111,0.004,-0.031,0.012,-1.416,8.894,2.111,0.004,-0.031,0.012,0.63,0.03,1,2
227354,0.052,0.006,1.003,-0.020,-1.803,0.097,0.9808,0.0079,-0.0250,0.1934,0.330,-2.985,202.306,0.000,-1.564,2.111,0.004,-0.031,0.012,-1.416,8.894,2.111,0.004,-0.031,0.012,0.63,0.02,1,2
227364,0.053,0.006,1.003,-0.044,-1.865,0.082,0.9807,0.0079,-0.0254,0.1934,0.329,-3.027,202.307,0.000,-1.564,2.111,0.002,-0.031,0.012,-1.416,8.894,2.111,0.002,-0.031,0.012,0.63,0.02,1,2
227372,0.053,0.006,1.003,-0.094,-1.851,0.080,0.9807,0.0080,-0.0255,0.1934,0.333,-3.041,202.307,0.000,-1.564,2.111,0.002,-0.031,0.012,-1.416,8.894,2.111,0.002,-0.031,0.012,0.64,0.07,1,2
227382,0.053,0.006,1.003,-0.068,-1.855,0.047,0.9807,0.0080,-0.0254,0.1935,0.335,-3.036,202.308,0.000,-1.564,2.111,0.002,-0.031,0.012,-1.416,8.894,2.111,0.002,-0.031,0.012,0.64,0.07,1,2
227397,0.054,0.006,1.003,-0.054,-1.902,0.092,0.9807,0.0082,-0.0258,0.1935,0.353,-3.078,202.307,0.000,-1.564,2.111,0.002,-0.031,0.012,-1.416,8.894,2.111,0.004,-0.031,0.012,0.65,0.45,1,2
227414,0.054,0.006,1.003,-0.060,-1.850,0.126,0.9807,0.0083,-0.0258,0.1935,0.362,-3.084,202.308,0.000,-1.564,2.111,0.002,-0.031,0.012,-1.416,8.894,2.111,0.002,-0.031,0.012,0.65,0.43,1,2
227420,0.054,0.006,1.003,-0.059,-1.890,0.135,0.9807,0.0083,-0.0259,0.1935,0.360,-3.094,202.309,0.000,-1.564,2.111,0.004,-0.031,0.012,-1.416,8.894,2.111,0.002,-0.031,0.012,0.66,0.43,1,2
227430,0.054,0.006,1.003,-0.035,-1.857,0.114,0.9807,0.0081,-0.0260,0.1935,0.336,-3.106,202.312,0.000,-1.564,2.111,0.002,-0.031,0.012,-1.416,8.894,2.111,0.002,-0.031,0.012,0.66,0.35,1,2
227442,0.055,0.006,1.003,-0.039,-1.818,0.087,0.9807,0.0082,-0.0261,0.1935,0.346,-3.112,202.312,0.000,-1.564,2.111,0.002,-0.031,0.012,-1.416,8.894,2.111,0.002,-0.031,0.012,0.66,0.35,1,2
227457,0.055,0.006,1.003,0.019,-1.796,0.131,0.9807,0.0083,-0.0265,0.1935,0.351,-3.165,202.313,0.000,-1.564,2.111,0.002,-0.031,0.012,-1.416,8.894,2.111,0.002,-0.031,0.012,0.65,-0.22,1,2
227466,0.055,0.006,1.003,0.059,-1.842,0.112,0.9807,0.0082,-0.0265,0.1935,0.335,-3.166,202.315,0.000,-1.564,2.111,0.002,-0.031,0.012,-1.416,8.894,2.111,0.002,-0.031,0.012,0.65,-0.22,1,2
227478,0.056,0.006,1.003,0.020,-1.896,0.132,0.9807,0.0083,-0.0267,0.1935,0.337,-3.190,202.316,0.000,-1.564,2.111,0.002,-0.031,0.012,-1.416,8.894,2.111,0.002,-0.031,0.012,0.65,-0.21,1,2
227490,0.056,0.006,1.003,-0.038,-1.879,0.074,0.9807,0.0083,-0.0269,0.1935,0.336,-3.211,202.317,0.000,-1.564,2.111,0.002,-0.031,0.012,-1.416,8.894,2.111,0.002,-0.031,0.012,0.65,-0.18,1,2
227501,0.056,0.006,1.003,-0.011,-1.834,0.045,0.9807,0.0085,-0.0270,0.1935,0.357,-3.220,202.316,0.000,-1.564,2.111,0.002,-0.031,0.012,-1.416,8.894,2.111,0.002,-0.031,0.012,0.65,-0.18,1,2
227514,0.057,0.006,1.003,0.019,-1.846,0.056,0.9807,0.0084,-0.0273,0.1935,0.337,-3.257,202.318,0.000,-1.564,2.111,0.002,-0.031,0.012,-1.416,8.894,2.111,0.002,-0.031,0.012,0.65,0.03,1,2
227852,0.067,0.006,1.003,-0.004,-0.966,0.103,0.9805,0.0092,-0.0320,0.1937,0.320,-3.802,202.342,0.000,-1.564,2.111,0.002,-0.031,0.012,-1.416,8.894,2.111,0.002,-0.031,0.012,0.69,-0.20,1,2
228133,0.069,0.006,1.002,0.090,0.247,0.034,0.9804,0.0097,-0.0334,0.1939,0.347,-3.976,202.357,0.000,-1.564,2.111,0.000,-0.031,0.012,-1.416,8.894,2.111,0.000,-0.031,0.012,0.65,0.30,1,2
228145,0.069,0.006,1.002,0.109,0.312,0.067,0.9804,0.0096,-0.0334,0.1939,0.344,-3.965,202.358,0.000,-1.564,2.111,0.002,-0.031,0.012,-1.416,8.894,2.111,0.002,-0.031,0.012,0.66,0.30,1,2
228160,0.069,0.006,1.002,0.069,0.365,0.080,0.9804,0.0097,-0.0335,0.1939,0.347,-3.983,202.359,0.000,-1.564,2.111,0.000,-0.031,0.012,-1.416,8.894,2.111,0.002,-0.031,0.012,0.66,0.24,1,2
228170,0.070,0.006,1.002,0.031,0.448,0.158,0.9804,0.0097,-0.0335,0.1939,0.348,-3.977,202.360,0.000,-1.564,2.111,0.000,-0.031,0.012,-1.416,8.894,2.111,0.000,-0.031,0.012,0.65,-0.09,1,2
228186,0.069,0.006,1.003,-0.004,0.504,0.058,0.9804,0.0095,-0.0333,0.1939,0.329,-3.951,202.363,0.000,-1.564,2.111,0.000,-0.031,0.012,-1.416,8.894,2.111,0.000,-0.031,0.012,0.65,-0.09,1,2
228196,0.069,0.006,1.003,-0.007,0.505,-0.012,0.9804,0.0094,-0.0333,0.1939,0.318,-3.950,202.364,0.000,-1.564,2.111,0.000,-0.031,0.012,-1.416,8.894,2.111,0.000,-0.031,0.012,0.65,-0.09,1,2
228210,0.069,0.006,1.003,0.082,0.601,0.031,0.9804,0.0095,-0.0334,0.1939,0.322,-3.968,202.364,0.000,-1.564,2.111,0.000,-0.031,0.012,-1.416,8.894,2.111,0.000,-0.031,0.012,0.65,-0.08,1,2
228216,0.069,0.006,1.003,0.017,0.596,0.025,0.9804,0.0093,-0.0332,0.1939,0.311,-3.944,202.365,0.000,-1.564,2.111,0.000,-0.031,0.012,-1.416,8.894,2.111,0.000,-0.031,0.012,0.65,-0.08,1,2
228232,0.069,0.006,1.003,0.028,0.703,0.055,0.9804,0.0094,-0.0333,0.1939,0.321,-3.955,202.365,0.000,-1.564,2.111,0.002,-0.031,0.012,-1.416,8.894,2.111,0.002,-0.031,0.012,0.65,0.01,1,2
228242,0.069,0.005,1.003,0.044,0.747,0.136,0.9804,0.0092,-0.0332,0.1939,0.300,-3.937,202.367,0.000,-1.564,2.111,0.002,-0.031,0.012,-1.416,8.894,2.111,0.002,-0.031,0.012,0.65,0.01,1,2
228250,0.069,0.005,1.003,0.056,0.783,0.069,0.9804,0.0094,-0.0333,0.1939,0.316,-3.950,202.368,0.000,-1.564,2.111,0.000,-0.031,0.012,-1.416,8.894,2.111,0.000,-0.031,0.012,0.65,0.01,1,2
228263,0.069,0.005,1.003,0.054,0.800,0.022,0.9804,0.0092,-0.0332,0.1939,0.294,-3.942,202.369,0.000,-1.564,2.111,0.000,-0.031,0.012,-1.416,8.894,2.111,0.000,-0.031,0.012,0.65,0.01,1,2
228272,0.069,0.005,1.003,0.052,0.854,0.017,0.9804,0.0092,-0.0332,0.1939,0.295,-3.932,202.370,0.000,-1.564,2.111,0.000,-0.031,0.012,-1.416,8.894,2.111,0.000,-0.031,0.012,0.65,0.01,1,2
228282,0.069,0.005,1.003,0.079,0.932,0.014,0.9804,0.0094,-0.0330,0.1939,0.319,-3.920,202.368,0.000,-1.564,2.111,0.000,-0.031,0.012,-1.416,8.894,2.111,0.000,-0.031,0.012,0.65,0.01,1,2
228296,0.069,0.005,1.003,0.073,0.946,0.067,0.9804,0.0092,-0.0330,0.1940,0.297,-3.912,202.370,0.000,-1.564,2.111,0.000,-0.031,0.012,-1.416,8.894,2.111,0.000,-0.031,0.012,0.65,-0.02,1,2
228306,0.069,0.006,1.003,0.050,1.023,0.000,0.9804,0.0094,-0.0329,0.1940,0.324,-3.905,202.369,0.000,-1.564,2.111,0.000,-0.031,0.012,-1.416,8.894,2.111,0.000,-0.031,0.012,0.65,-0.02,1,2
228313,0.069,0.006,1.003,0.019,1.019,0.010,0.9804,0.0093,-0.0330,0.1940,0.315,-3.920,202.370,0.000,-1.564,2.111,0.000,-0.031,0.012,-1.416,8.894,2.111,0.000,-0.031,0.012,0.65,-0.22,1,2
228327,0.068,0.006,1.003,0.043,1.085,-0.054,0.9804,0.0093,-0.0327,0.1940,0.323,-3.884,202.369,0.000,-1.564,2.111,0.002,-0.031,0.013,-1.416,8.894,2.111,0.002,-0.031,0.013,0.64,-0.22,1,2
228342,0.068,0.006,1.003,0.063,1.180,0.034,0.9804,0.0093,-0.0326,0.1940,0.327,-3.868,202.369,0.000,-1.564,2.111,0.000,-0.031,0.012,-1.416,8.894,2.111,0.000,-0.031,0.012,0.64,-0.21,1,2
228354,0.068,0.006,1.003,0.083,1.212,0.054,0.9804,0.0094,-0.0325,0.1940,0.332,-3.860,202.369,0.000,-1.564,2.111,0.002,-0.031,0.013,-1.416,8.894,2.111,0.002,-0.031,0.013,0.64,-0.21,1,2
228774,0.057,0.006,1.003,0.108,1.633,0.007,0.9805,0.0086,-0.0271,0.1942,0.358,-3.239,202.392,0.000,-1.564,2.111,0.000,-0.031,0.012,-1.416,8.894,2.111,0.000,-0.031,0.012,0.58,0.05,1,2
228792,0.057,0.006,1.003,0.054,1.668,0.079,0.9805,0.0084,-0.0271,0.1942,0.346,-3.229,202.394,0.000,-1.564,2.111,0.002,-0.031,0.012,-1.416,8.894,2.111,0.002,-0.031,0.012,0.58,0.05,1,2
228802,0.056,0.006,1.003,0.112,1.595,0.062,0.9805,0.0086,-0.0271,0.1942,0.359,-3.232,202.394,0.000,-1.564,2.111,0.000,-0.031,0.012,-1.416,8.894,2.111,0.000,-0.031,0.012,0.58,0.05,1,2
228812,0.056,0.006,1.003,0.139,1.573,0.073,0.9805,0.0085,-0.0270,0.1942,0.360,-3.226,202.395,0.000,-1.564,2.111,0.000,-0.031,0.012,-1.416,8.894,2.111,0.000,-0.031,0.012,0.58,0.05,1,2
228824,0.056,0.006,1.003,0.074,1.550,-0.000,0.9806,0.0085,-0.0268,0.1942,0.362,-3.201,202.395,0.000,-1.564,2.111,0.000,-0.031,0.013,-1.416,8.894,2.111,0.000,-0.031,0.013,0.58,0.08,1,2
228840,0.055,0.006,1.002,0.078,1.563,0.072,0.9806,0.0084,-0.0264,0.1942,0.355,-3.151,202.397,0.000,-1.564,2.111,0.000,-0.031,0.013,-1.416,8.894,2.111,0.000,-0.031,0.013,0.59,0.37,1,2
228850,0.055,0.006,1.002,0.056,1.520,0.096,0.9806,0.0085,-0.0264,0.1942,0.371,-3.153,202.397,0.000,-1.564,2.111,0.000,-0.031,0.012,-1.416,8.894,2.111,0.000,-0.031,0.012,0.59,0.35,1,2
228858,0.055,0.006,1.002,0.057,1.529,0.102,0.9806,0.0085,-0.0263,0.1942,0.369,-3.144,202.398,0.000,-1.564,2.111,0.000,-0.031,0.012,-1.416,8.894,2.111,0.000,-0.031,0.012,0.60,0.35,1,2
229207,0.048,0.007,1.003,-0.132,0.643,0.270,0.9806,0.0082,-0.0229,0.1945,0.410,-2.756,202.425,0.000,-1.564,2.111,0.176,-1.877,0.704,0.176,-1.877,0.762,-0.001,-0.125,0.017,0.53,-0.61,1,1
229224,0.048,0.006,1.003,-0.099,0.895,0.140,0.9806,0.0077,-0.0231,0.1945,0.347,-2.762,202.432,0.000,-1.564,2.111,0.176,-1.877,0.762,0.176,-1.877,0.762,0.023,-0.143,0.008,0.52,-0.55,1,1
229234,0.048,0.006,1.002,-0.022,0.762,0.090,0.9806,0.0076,-0.0231,0.1945,0.334,-2.764,202.433,0.000,-1.564,2.111,0.176,-1.877,0.704,0.176,-1.877,0.762,0.023,-0.144,0.015,0.52,-0.24,1,1
229250,0.048,0.006,1.002,-0.093,0.195,0.090,0.9806,0.0074,-0.0229,0.1945,0.321,-2.738,202.435,0.000,-1.564,2.111,0.176,-1.877,0.704,0.176,-1.877,0.704,0.023,-0.099,0.020,0.52,-0.24,1,1
229261,0.048,0.006,1.002,-0.079,-0.041,0.002,0.9806,0.0076,-0.0226,0.1945,0.345,-2.714,202.435,0.000,-1.564,2.111,0.176,-1.877,0.704,0.176,-1.877,0.704,0.022,-0.036,0.025,0.51,-0.22,1,1
229273,0.048,0.007,1.003,0.055,0.188,0.020,0.9806,0.0080,-0.0227,0.1945,0.390,-2.731,202.432,0.000,-1.564,2.111,0.176,-1.877,0.704,0.176,-1.877,0.704,0.016,-0.022,0.033,0.51,-0.23,1,1
229287,0.047,0.007,1.003,0.099,0.357,0.037,0.9806,0.0081,-0.0224,0.1945,0.412,-2.702,202.432,0.000,-1.564,2.111,0.176,-1.877,0.762,0.176,-1.877,0.762,0.003,-0.039,0.035,0.51,-0.23,1,1
229304,0.047,0.008,1.003,0.165,0.010,0.095,0.9806,0.0083,-0.0225,0.1945,0.437,-2.715,202.431,0.000,-1.564,2.111,0.176,-1.877,0.704,0.176,-1.877,0.704,-0.006,-0.029,0.035,0.50,-0.36,1,1
229322,0.047,0.006,1.003,0.158,0.007,0.114,0.9806,0.0076,-0.0223,0.1946,0.353,-2.672,202.437,0.000,-1.564,2.111,0.176,-1.877,0.704,0.176,-1.877,0.704,-0.011,-0.007,0.023,0.49,-0.34,1,1
229335,0.047,0.006,1.003,0.078,-0.018,-0.035,0.9806,0.0073,-0.0223,0.1946,0.321,-2.671,202.439,0.000,-1.564,2.111,0.176,-1.877,0.762,0.176,-1.877,0.704,-0.011,-0.004,0.031,0.49,-0.27,1,1
229351,0.047,0.006,1.003,-0.075,-0.138,-0.016,0.9806,0.0075,-0.0223,0.1946,0.340,-2.676,202.438,0.000,-1.564,2.111,0.176,-1.877,0.704,0.176,-1.877,0.762,-0.004,0.003,0.040,0.50,-0.27,1,1
229373,0.046,0.006,1.003,-0.113,-0.070,0.181,0.9806,0.0077,-0.0220,0.1946,0.375,-2.641,202.439,0.000,-1.564,2.111,0.176,-1.877,0.704,0.176,-1.877,0.704,0.004,0.011,0.022,0.50,0.18,1,1
229558,0.047,0.006,1.003,-0.003,-1.101,-0.032,0.9806,0.0075,-0.0226,0.1947,0.342,-2.708,202.453,0.000,-1.564,2.111,0.176,-1.877,0.704,0.176,-1.877,0.704,-0.010,0.075,0.033,0.55,-0.18,1,1
229572,0.047,0.006,1.003,-0.010,-0.997,0.087,0.9806,0.0076,-0.0224,0.1947,0.352,-2.689,202.453,0.000,-1.564,2.111,0.176,-1.877,0.117,0.176,-1.877,0.704,-0.008,0.070,0.035,0.55,-0.18,1,1
229584,0.048,0.006,1.003,-0.045,-1.089,0.117,0.9806,0.0073,-0.0229,0.1947,0.312,-2.734,202.457,0.000,-1.564,2.111,0.176,-1.877,0.704,0.176,-1.877,0.704,-0.005,0.062,-0.004,0.55,-0.17,1,1
229597,0.047,0.006,1.003,-0.089,-1.149,0.073,0.9806,0.0073,-0.0227,0.1947,0.318,-2.719,202.458,0.000,-1.564,2.111,0.176,-1.877,0.704,0.176,-1.877,0.704,-0.003,0.064,0.013,0.55,-0.10,1,1
229614,0.048,0.006,1.002,0.021,-1.347,0.025,0.9806,0.0075,-0.0228,0.1947,0.331,-2.724,202.458,0.000,-1.564,2.111,0.176,-1.877,0.704,0.176,-1.877,0.704,-0.005,0.073,0.029,0.56,0.38,1,1
229625,0.048,0.006,1.002,0.146,-1.356,-0.061,0.9806,0.0076,-0.0229,0.1947,0.341,-2.740,202.457,0.000,-1.564,2.111,0.176,-1.877,0.704,0.176,-1.877,0.704,-0.011,0.081,0.037,0.56,0.38,1,1
229646,0.048,0.007,1.003,0.052,-1.276,0.015,0.9805,0.0083,-0.0230,0.1947,0.421,-2.775,202.453,0.000,-1.564,2.111,0.176,-1.877,0.704,0.176,-1.877,0.704,-0.017,0.072,0.044,0.57,0.37,1,1
229658,0.049,0.007,1.003,0.021,-1.298,0.083,0.9805,0.0081,-0.0232,0.1947,0.389,-2.788,202.455,0.000,-1.564,2.111,0.176,-1.877,0.704,0.176,-1.877,0.704,-0.015,0.065,0.040,0.57,0.37,1,1
229672,0.049,0.007,1.003,-0.009,-1.267,0.108,0.9805,0.0080,-0.0233,0.1947,0.376,-2.797,202.456,0.000,-1.564,2.111,0.176,-1.877,0.704,0.176,-1.877,0.704,-0.013,0.057,0.032,0.58,0.51,1,1
229686,0.049,0.006,1.003,-0.080,-1.353,0.149,0.9805,0.0079,-0.0234,0.1948,0.360,-2.805,202.459,0.000,-1.564,2.111,0.176,-1.877,0.704,0.176,-1.877,0.704,-0.009,0.055,0.026,0.59,0.51,1,1
229698,0.049,0.006,1.003,-0.086,-1.424,0.134,0.9805,0.0075,-0.0234,0.1948,0.321,-2.801,202.462,0.000,-1.564,2.111,0.176,-1.877,0.704,0.176,-1.877,0.704,-0.002,0.060,0.022,0.59,0.49,1,1
229710,0.050,0.006,1.003,0.003,-1.546,0.053,0.9805,0.0077,-0.0236,0.1948,0.344,-2.825,202.462,0.000,-1.564,2.111,0.176,-1.877,0.704,0.176,-1.877,0.704,-0.005,0.069,0.027,0.60,0.46,1,1
229722,0.050,0.006,1.003,-0.054,-1.481,-0.044,0.9805,0.0078,-0.0238,0.1948,0.347,-2.851,202.462,0.000,-1.564,2.111,0.176,-1.877,0.704,0.176,-1.877,0.704,-0.005,0.070,0.036,0.60,0.46,1,1
229738,0.050,0.007,1.003,-0.093,-1.420,-0.058,0.9805,0.0082,-0.0237,0.1948,0.390,-2.851,202.459,0.000,-1.564,2.111,0.176,-1.877,0.704,0.176,-1.877,0.704,-0.004,0.064,0.042,0.61,0.39,1,1
229752,0.050,0.007,1.003,0.031,-1.472,0.054,0.9805,0.0084,-0.0239,0.1948,0.416,-2.875,202.458,0.000,-1.564,2.111,0.176,-1.877,0.704,0.176,-1.877,0.704,-0.007,0.051,0.040,0.60,-0.09,1,1
229770,0.051,0.008,1.003,-0.031,-1.561,0.279,0.9805,0.0087,-0.0242,0.1948,0.437,-2.916,202.460,0.000,-1.564,2.111,0.176,-1.877,0.704,0.176,-1.877,0.704,-0.006,0.057,0.018,0.60,-0.09,1,1
229784,0.051,0.007,1.003,0.044,-1.705,0.233,0.9805,0.0081,-0.0244,0.1948,0.367,-2.929,202.467,0.000,-1.564,2.111,0.176,-1.877,0.704,0.176,-1.877,0.704,-0.008,0.066,0.008,0.60,-0.09,1,1
229801,0.052,0.006,1.003,-0.018,-1.783,0.081,0.9805,0.0078,-0.0246,0.1949,0.326,-2.934,202.471,0.000,-1.564,2.111,0.176,-1.877,0.704,0.176,-1.877,0.704,-0.011,0.078,0.016,0.60,-0.09,1,1
229816,0.052,0.006,1.003,-0.016,-1.789,-0.024,0.9805,0.0079,-0.0249,0.1949,0.331,-2.976,202.471,0.000,-1.564,2.111,0.176,-1.877,0.704,0.176,-1.877,0.704,-0.008,0.084,0.033,0.60,-0.18,1,1
229830,0.053,0.006,1.003,-0.043,-1.775,0.000,0.9805,0.0082,-0.0250,0.1948,0.360,-2.989,202.469,0.000,-1.564,2.111,0.176,-1.877,0.704,0.176,-1.877,0.704,-0.005,0.081,0.041,0.59,-0.18,1,1
229842,0.053,0.007,1.003,-0.128,-1.686,0.173,0.9805,0.0086,-0.0252,0.1948,0.407,-3.026,202.468,0.000,-1.564,2.111,0.176,-1.877,0.704,0.176,-1.877,0.704,-0.003,0.070,0.032,0.59,-0.17,1,1
229862,0.053,0.007,1.003,-0.057,-1.650,0.185,0.9805,0.0085,-0.0253,0.1949,0.387,-3.039,202.474,0.000,-1.564,2.111,0.176,-1.877,0.704,0.176,-1.877,0.704,0.000,0.052,0.015,0.58,-0.20,1,1
229878,0.054,0.006,1.003,-0.043,-1.733,0.111,0.9804,0.0083,-0.0256,0.1949,0.360,-3.065,202.477,0.000,-1.564,2.111,0.176,-1.877,0.704,0.176,-1.877,0.704,-0.001,0.051,0.023,0.57,-0.56,1,1
230263,0.064,0.006,1.002,0.069,-1.226,0.067,0.9802,0.0090,-0.0310,0.1952,0.313,-3.689,202.517,0.000,-1.564,2.111,0.000,-1.877,0.704,0.000,-1.877,0.704,-0.024,-0.021,0.036,0.54,-0.32,1,1
230280,0.065,0.006,1.003,-0.033,-1.200,0.100,0.9802,0.0090,-0.0310,0.1952,0.320,-3.687,202.517,0.000,-1.564,2.111,0.000,-1.877,0.704,0.000,-1.877,0.704,-0.021,-0.019,0.036,0.53,-0.73,1,1
230294,0.065,0.005,1.003,-0.028,-1.171,-0.059,0.9802,0.0090,-0.0312,0.1952,0.315,-3.705,202.518,0.000,-1.564,2.111,0.000,-1.877,0.704,0.000,-1.877,0.704,-0.019,-0.021,0.040,0.52,-0.70,1,1
230301,0.065,0.005,1.003,0.117,-1.136,-0.119,0.9802,0.0090,-0.0313,0.1952,0.315,-3.718,202.517,0.000,-1.564,2.111,0.000,-1.877,0.704,0.000,-1.877,0.704,-0.022,-0.022,0.049,0.51,-0.70,1,1
230314,0.065,0.007,1.003,0.069,-1.044,-0.063,0.9802,0.0095,-0.0314,0.1952,0.369,-3.740,202.512,0.000,-1.564,2.111,0.000,-1.877,0.704,0.000,-1.877,0.704,-0.026,-0.028,0.056,0.51,-0.64,1,1
230327,0.066,0.007,1.003,-0.069,-0.833,0.236,0.9802,0.0102,-0.0315,0.1952,0.442,-3.766,202.508,0.000,-1.564,2.111,0.000,-1.877,0.704,0.000,-1.877,0.704,-0.021,-0.044,0.038,0.50,-0.64,1,1
230344,0.066,0.006,1.003,0.015,-0.819,0.348,0.9802,0.0093,-0.0318,0.1953,0.337,-3.778,202.521,0.000,-1.564,2.111,0.000,-1.877,0.704,0.000,-1.877,0.704,-0.014,-0.063,0.003,0.50,-0.38,1,1
230356,0.066,0.005,1.003,-0.019,-0.904,0.207,0.9802,0.0090,-0.0316,0.1953,0.304,-3.754,202.526,0.000,-1.564,2.111,0.000,-1.877,0.704,0.000,-1.877,0.704,-0.016,-0.057,0.001,0.49,-0.36,1,1
230366,0.066,0.005,1.003,-0.020,-1.082,0.056,0.9802,0.0089,-0.0317,0.1953,0.293,-3.768,202.528,0.000,-1.564,2.111,0.000,-1.877,0.704,0.000,-1.877,0.704,-0.015,-0.040,0.015,0.49,-0.36,1,1
230377,0.066,0.005,1.003,-0.058,-1.150,-0.003,0.9802,0.0088,-0.0321,0.1953,0.270,-3.800,202.530,0.000,-1.564,2.111,0.000,-1.877,0.704,0.000,-1.877,0.704,-0.014,-0.021,0.028,0.49,-0.30,1,1
230392,0.066,0.005,1.003,0.165,-0.912,-0.127,0.9802,0.0091,-0.0319,0.1953,0.307,-3.793,202.526,0.000,-1.564,2.111,0.000,-1.877,0.704,0.000,-1.877,0.704,-0.025,-0.018,0.049,0.49,0.16,1,1
230743,0.068,0.004,1.002,-0.103,0.791,-0.018,0.9801,0.0087,-0.0329,0.1954,0.241,-3.890,202.537,0.000,-1.564,2.111,0.000,-1.877,0.704,0.000,-1.877,0.704,-0.006,-0.152,-0.001,0.37,-0.18,1,1
230760,0.068,0.006,1.003,-0.086,0.907,0.095,0.9801,0.0098,-0.0328,0.1953,0.371,-3.902,202.529,0.000,-1.564,2.111,0.000,-1.877,0.704,0.000,-1.877,0.704,-0.007,-0.149,0.019,0.37,-0.17,1,1
230774,0.068,0.006,1.003,0.233,1.032,-0.004,0.9801,0.0094,-0.0327,0.1954,0.328,-3.885,202.533,0.000,-1.564,2.111,0.000,-1.877,0.704,0.000,-1.877,0.704,-0.018,-0.160,0.024,0.36,-0.20,1,1
230790,0.068,0.007,1.002,0.168,1.028,-0.079,0.9801,0.0101,-0.0324,0.1953,0.413,-3.870,202.526,0.000,-1.564,2.111,0.000,-1.877,0.704,0.000,-1.877,0.704,-0.028,-0.157,0.039,0.35,-0.55,1,1
230798,0.068,0.007,1.002,0.127,1.039,0.010,0.9801,0.0101,-0.0326,0.1953,0.410,-3.889,202.526,0.000,-1.564,2.111,0.000,-1.877,0.704,0.000,-1.877,0.704,-0.029,-0.156,0.039,0.35,-0.55,1,1
230814,0.068,0.006,1.002,0.192,1.044,0.181,0.9801,0.0094,-0.0325,0.1954,0.332,-3.862,202.534,0.000,-1.564,2.111,0.000,-1.877,0.762,0.000,-1.877,0.704,-0.030,-0.150,0.021,0.34,-0.52,1,1
230834,0.067,0.005,1.003,0.033,1.211,-0.041,0.9801,0.0086,-0.0324,0.1954,0.244,-3.839,202.541,0.000,-1.564,2.111,0.000,-1.877,0.762,0.000,-1.877,0.762,-0.030,-0.158,0.035,0.33,-0.46,1,1
230850,0.067,0.005,1.003,-0.116,1.217,0.009,0.9801,0.0090,-0.0325,0.1954,0.280,-3.854,202.538,0.000,-1.564,2.111,0.000,-1.877,0.704,0.000,-1.877,0.704,-0.016,-0.156,0.042,0.33,-0.08,1,1
230861,0.067,0.005,1.003,-0.033,1.263,0.079,0.9801,0.0090,-0.0324,0.1954,0.281,-3.843,202.539,0.000,-1.564,2.111,0.000,-1.877,0.704,0.000,-1.877,0.704,-0.013,-0.157,0.038,0.33,-0.08,1,1
230874,0.067,0.005,1.002,-0.105,1.325,0.057,0.9801,0.0090,-0.0323,0.1954,0.293,-3.830,202.539,0.000,-1.564,2.111,0.000,-1.877,0.704,0.000,-1.877,0.704,-0.012,-0.158,0.033,0.33,-0.08,1,1
230886,0.067,0.006,1.003,-0.083,1.430,0.079,0.9802,0.0097,-0.0319,0.1954,0.381,-3.808,202.534,0.000,-1.564,2.111,0.000,-1.877,0.704,0.000,-1.877,0.704,-0.008,-0.163,0.029,0.33,-0.08,1,1
230902,0.066,0.006,1.002,0.042,1.381,0.076,0.9802,0.0094,-0.0319,0.1954,0.343,-3.799,202.538,0.000,-1.564,2.111,0.000,-1.877,0.762,0.000,-1.877,0.704,-0.010,-0.164,0.028,0.33,-0.08,1,1
231160,0.060,0.006,1.003,0.161,1.747,0.082,0.9802,0.0086,-0.0286,0.1956,0.327,-3.411,202.559,0.000,-1.564,2.111,0.000,-1.877,0.762,0.000,-1.877,0.704,-0.025,-0.142,0.031,0.29,0.01,1,1
231178,0.060,0.005,1.002,0.080,1.844,0.182,0.9802,0.0083,-0.0286,0.1956,0.292,-3.404,202.564,0.000,-1.564,2.111,0.000,-1.877,0.762,0.000,-1.877,0.762,-0.026,-0.146,0.022,0.29,-0.03,1,1
231192,0.059,0.005,1.002,0.001,1.801,0.102,0.9802,0.0082,-0.0283,0.1956,0.288,-3.369,202.566,0.000,-1.564,2.111,0.000,-1.877,0.762,0.000,-1.877,0.762,-0.019,-0.140,0.024,0.28,-0.41,1,1
231204,0.058,0.005,1.003,0.029,1.807,0.016,0.9802,0.0082,-0.0281,0.1957,0.293,-3.338,202.567,0.000,-1.564,2.111,0.000,-1.877,0.704,0.000,-1.877,0.704,-0.016,-0.137,0.028,0.28,-0.41,1,1
231222,0.058,0.005,1.002,-0.031,1.826,0.003,0.9802,0.0084,-0.0277,0.1956,0.319,-3.299,202.566,0.000,-1.564,2.111,0.000,-1.877,0.762,0.000,-1.877,0.704,-0.014,-0.137,0.038,0.27,-0.39,1,1
231234,0.057,0.006,1.002,-0.004,1.826,-0.000,0.9802,0.0083,-0.0277,0.1957,0.309,-3.295,202.566,0.000,-1.564,2.111,0.000,-1.877,0.704,0.000,-1.877,0.762,-0.013,-0.136,0.040,0.27,-0.35,1,1
231245,0.057,0.006,1.002,0.008,1.812,-0.089,0.9803,0.0085,-0.0272,0.1956,0.347,-3.249,202.564,0.000,-1.564,2.111,0.000,-1.877,0.704,0.000,-1.877,0.704,-0.013,-0.136,0.047,0.27,-0.35,1,1
231258,0.057,0.007,1.002,0.065,1.841,-0.023,0.9803,0.0089,-0.0269,0.1956,0.395,-3.221,202.560,0.000,-1.564,2.111,0.000,-1.877,0.704,0.000,-1.877,0.704,-0.017,-0.137,0.047,0.26,-0.17,1,1
231270,0.056,0.007,1.003,0.074,1.880,0.130,0.9803,0.0087,-0.0268,0.1956,0.380,-3.212,202.562,0.000,-1.564,2.111,0.000,-1.877,0.704,0.000,-1.877,0.704,-0.019,-0.142,0.034,0.26,-0.16,1,1
231282,0.056,0.006,1.003,0.110,1.787,0.206,0.9803,0.0084,-0.0266,0.1957,0.347,-3.177,202.566,0.000,-1.564,2.111,0.000,-1.877,0.704,0.000,-1.877,0.704,-0.023,-0.138,0.020,0.26,-0.16,1,1
231296,0.055,0.006,1.002,0.115,1.660,0.177,0.9803,0.0081,-0.0264,0.1957,0.318,-3.145,202.571,0.000,-1.564,2.111,0.000,-1.877,0.704,0.000,-1.877,0.704,-0.025,-0.127,0.013,0.26,-0.16,1,1
231311,0.055,0.005,1.002,0.027,1.555,0.051,0.9803,0.0078,-0.0263,0.1957,0.286,-3.130,202.576,0.000,-1.564,2.111,0.000,-1.877,0.704,0.000,-1.877,0.704,-0.023,-0.110,0.013,0.26,-0.19,1,1
231324,0.054,0.005,1.003,0.104,1.618,-0.151,0.9803,0.0076,-0.0259,0.1957,0.276,-3.087,202.575,0.000,-1.564,2.111,0.000,-1.877,0.704,0.000,-1.877,0.704,-0.022,-0.106,0.036,0.25,-0.19,1,1
231338,0.054,0.006,1.002,0.087,1.536,-0.261,0.9803,0.0080,-0.0257,0.1957,0.319,-3.065,202.570,0.000,-1.564,2.111,0.000,-1.877,0.704,0.000,-1.877,0.704,-0.025,-0.102,0.058,0.25,-0.18,1,1
231356,0.054,0.007,1.003,0.011,1.572,0.038,0.9803,0.0088,-0.0255,0.1957,0.422,-3.063,202.563,0.000,-1.564,2.111,0.000,-1.877,0.704,0.000,-1.877,0.704,-0.020,-0.101,0.055,0.25,-0.17,1,1
231377,0.053,0.007,1.003,-0.013,1.833,0.176,0.9803,0.0085,-0.0250,0.1957,0.394,-3.005,202.568,0.000,-1.564,2.111,0.000,-1.877,0.704,0.000,-1.877,0.762,-0.022,-0.122,0.026,0.23,-0.25,1,1
231386,0.053,0.006,1.003,-0.025,1.740,0.181,0.9803,0.0084,-0.0252,0.1957,0.375,-3.022,202.570,0.000,-1.564,2.111,0.000,-1.877,0.704,0.000,-1.877,0.704,-0.018,-0.129,0.019,0.23,-0.25,1,1
231397,0.052,0.006,1.003,0.018,1.539,0.076,0.9803,0.0077,-0.0251,0.1957,0.309,-2.989,202.575,0.000,-1.564,2.111,0.000,-1.877,0.704,0.000,-1.877,0.704,-0.016,-0.123,0.017,0.22,-0.97,1,1
231418,0.052,0.005,1.003,0.099,1.188,-0.097,0.9803,0.0074,-0.0247,0.1957,0.279,-2.944,202.576,0.000,-1.564,2.111,0.000,-1.877,0.704,0.000,-1.877,0.704,-0.023,-0.067,0.041,0.20,-0.93,1,1
231792,0.045,0.007,1.002,0.110,-0.111,-0.002,0.9804,0.0076,-0.0215,0.1958,0.373,-2.591,202.580,0.000,-1.564,2.111,0.000,-1.877,0.704,0.000,-1.877,0.762,-0.014,0.000,0.037,0.15,0.65,1,1
231802,0.045,0.007,1.002,0.110,-0.135,0.069,0.9804,0.0077,-0.0216,0.1958,0.376,-2.598,202.580,0.000,-1.564,2.111,0.000,-1.877,0.704,0.000,-1.877,0.704,-0.018,-0.006,0.035,0.15,0.65,1,1
231811,0.045,0.007,1.002,0.194,-0.186,0.179,0.9804,0.0079,-0.0215,0.1958,0.403,-2.598,202.580,0.000,-1.564,2.111,0.000,-1.877,0.704,0.000,-1.877,0.704,-0.023,-0.011,0.025,0.16,0.53,1,1
231830,0.045,0.006,1.002,-0.005,-0.251,0.229,0.9804,0.0070,-0.0215,0.1959,0.306,-2.579,202.589,0.000,-1.564,2.111,0.000,-1.877,0.762,0.000,-1.877,0.704,-0.019,-0.008,0.005,0.15,-0.29,1,1
231846,0.045,0.005,1.002,-0.005,-0.312,0.111,0.9804,0.0066,-0.0216,0.1959,0.251,-2.578,202.594,0.000,-1.564,2.111,0.000,-1.877,0.704,0.000,-1.877,0.762,-0.018,-0.011,0.015,0.15,-0.29,1,1
231863,0.045,0.005,1.003,-0.064,-0.483,0.103,0.9804,0.0066,-0.0217,0.1959,0.259,-2.592,202.595,0.000,-1.564,2.111,0.000,-1.877,0.704,0.000,-1.877,0.704,-0.014,-0.003,0.022,0.14,-0.27,1,1
231871,0.045,0.005,1.003,-0.123,-0.544,0.097,0.9804,0.0069,-0.0215,0.1959,0.297,-2.577,202.594,0.000,-1.564,2.111,0.000,-1.877,0.704,0.000,-1.877,0.704,-0.010,0.005,0.025,0.14,-0.26,1,1
231884,0.045,0.006,1.003,-0.106,-0.493,0.094,0.9804,0.0072,-0.0216,0.1959,0.321,-2.585,202.594,0.000,-1.564,2.111,0.000,-1.877,0.762,0.000,-1.877,0.762,-0.007,0.008,0.030,0.14,-0.26,1,1
231896,0.045,0.006,1.003,-0.026,-0.506,0.044,0.9804,0.0076,-0.0215,0.1959,0.368,-2.589,202.593,0.000,-1.564,2.111,0.000,-1.877,0.762,0.000,-1.877,0.762,-0.009,0.006,0.035,0.14,-0.22,1,1
231910,0.045,0.007,1.003,0.059,-0.690,0.051,0.9804,0.0078,-0.0215,0.1959,0.390,-2.590,202.592,0.000,-1.564,2.111,0.000,-1.877,0.762,0.000,-1.877,0.762,-0.015,0.012,0.043,0.14,0.05,1,1
231921,0.045,0.007,1.003,0.091,-0.707,0.107,0.9804,0.0080,-0.0215,0.1959,0.413,-2.593,202.592,0.000,-1.564,2.111,0.000,-1.877,0.762,0.000,-1.877,0.762,-0.020,0.017,0.041,0.14,0.05,1,1
232272,0.052,0.008,1.003,0.092,-1.838,0.131,0.9802,0.0090,-0.0246,0.1961,0.453,-2.973,202.619,0.000,-1.564,2.111,0.000,-1.877,0.762,0.000,-1.877,0.762,-0.030,0.031,0.052,0.14,0.13,1,1
232279,0.052,0.007,1.003,0.148,-1.787,0.155,0.9802,0.0087,-0.0245,0.1962,0.424,-2.948,202.621,0.000,-1.564,2.111,0.000,-1.877,0.762,0.000,-1.877,0.762,-0.034,0.028,0.046,0.14,0.13,1,1
232291,0.052,0.006,1.003,-0.013,-1.753,0.084,0.9802,0.0083,-0.0248,0.1962,0.375,-2.979,202.625,0.000,-1.564,2.111,0.000,-1.877,0.762,0.000,-1.877,0.762,-0.033,0.020,0.042,0.14,0.40,1,1
232302,0.052,0.006,1.003,-0.081,-1.668,0.130,0.9802,0.0081,-0.0249,0.1962,0.345,-2.980,202.628,0.000,-1.564,2.111,0.000,-1.877,0.704,0.000,-1.877,0.704,-0.026,0.009,0.040,0.15,0.40,1,1
232314,0.053,0.006,1.003,-0.068,-1.848,0.183,0.9802,0.0078,-0.0253,0.1962,0.307,-3.023,202.631,0.000,-1.564,2.111,0.000,-1.877,0.704,0.000,-1.877,0.704,-0.020,0.009,0.030,0.15,0.38,1,1
232330,0.053,0.006,1.003,-0.139,-2.080,0.220,0.9802,0.0080,-0.0256,0.1962,0.322,-3.053,202.633,0.000,-1.564,2.111,0.000,-1.877,0.704,0.000,-1.877,0.704,-0.014,0.036,0.019,0.16,0.36,1,1
232344,0.053,0.006,1.003,-0.197,-2.098,0.001,0.9802,0.0079,-0.0256,0.1963,0.316,-3.059,202.635,0.000,-1.564,2.111,0.000,-1.877,0.704,0.000,-1.877,0.704,-0.005,0.050,0.027,0.16,0.36,1,1
232359,0.054,0.007,1.003,0.052,-2.093,-0.217,0.9802,0.0086,-0.0258,0.1962,0.392,-3.091,202.629,0.000,-1.564,2.111,0.000,-1.877,0.704,0.000,-1.877,0.704,-0.012,0.053,0.051,0.17,0.33,1,1
232372,0.054,0.008,1.003,0.047,-2.041,-0.153,0.9802,0.0091,-0.0258,0.1962,0.447,-3.105,202.623,0.000,-1.564,2.111,0.000,-1.877,0.704,0.000,-1.877,0.704,-0.022,0.046,0.067,0.17,0.16,1,1
232390,0.055,0.007,1.003,0.084,-1.940,0.145,0.9802,0.0089,-0.0262,0.1962,0.416,-3.144,202.625,0.000,-1.564,2.111,0.000,-1.877,0.704,0.000,-1.877,0.704,-0.028,0.032,0.046,0.17,0.15,1,1
232400,0.055,0.007,1.003,0.188,-1.818,0.229,0.9802,0.0088,-0.0264,0.1962,0.391,-3.168,202.629,0.000,-1.564,2.111,0.000,-1.877,0.704,0.000,-1.877,0.704,-0.032,0.019,0.028,0.17,0.15,1,1
232416,0.056,0.006,1.003,0.021,-1.738,0.320,0.9802,0.0083,-0.0266,0.1963,0.330,-3.169,202.636,0.000,-1.564,2.111,0.000,-1.877,0.704,0.000,-1.877,0.704,-0.032,-0.002,0.010,0.17,0.13,1,1
232434,0.056,0.004,1.003,-0.080,-2.014,0.261,0.9801,0.0075,-0.0272,0.1963,0.229,-3.223,202.648,0.000,-1.564,2.111,0.000,-1.877,0.762,0.000,-1.877,0.704,-0.019,0.007,-0.004,0.17,-0.07,1,1
232691,0.064,0.007,1.003,-0.159,-1.453,0.263,0.9800,0.0099,-0.0307,0.1963,0.420,-3.677,202.644,0.000,-1.564,2.111,0.000,-1.877,0.762,0.000,-1.877,0.762,-0.020,-0.034,0.018,0.26,0.26,1,1
232700,0.065,0.007,1.002,0.036,-1.322,0.105,0.9800,0.0099,-0.0309,0.1964,0.414,-3.696,202.646,0.000,-1.564,2.111,0.000,-1.877,0.704,0.000,-1.877,0.762,-0.024,-0.043,0.015,0.27,0.26,1,1
232712,0.065,0.008,1.003,0.048,-1.329,-0.020,0.9800,0.0101,-0.0307,0.1963,0.443,-3.679,202.644,0.000,-1.564,2.111,0.000,-1.877,0.762,0.000,-1.877,0.762,-0.031,-0.046,0.025,0.27,0.25,1,1
232730,0.065,0.008,1.003,-0.144,-1.257,0.113,0.9800,0.0103,-0.0311,0.1963,0.453,-3.725,202.644,0.000,-1.564,2.111,0.000,-1.877,0.704,0.000,-1.877,0.704,-0.023,-0.050,0.025,0.27,0.17,1,1
232744,0.065,0.006,1.003,0.069,-1.236,0.167,0.9800,0.0093,-0.0314,0.1964,0.340,-3.735,202.654,0.000,-1.564,2.111,0.000,-1.877,0.704,0.000,-1.877,0.704,-0.024,-0.058,0.011,0.27,0.17,1,1
232757,0.066,0.005,1.003,0.132,-1.166,0.067,0.9800,0.0090,-0.0316,0.1964,0.296,-3.758,202.658,0.000,-1.564,2.111,0.000,-1.877,0.762,0.000,-1.877,0.704,-0.033,-0.060,0.013,0.26,-0.42,1,1
232764,0.066,0.005,1.003,0.006,-1.237,0.012,0.9800,0.0090,-0.0318,0.1964,0.290,-3.777,202.659,0.000,-1.564,2.111,0.000,-1.877,0.704,0.000,-1.877,0.704,-0.032,-0.060,0.020,0.26,-0.42,1,1
232777,0.066,0.005,1.002,0.019,-1.121,0.035,0.9799,0.0089,-0.0320,0.1964,0.274,-3.799,202.660,0.000,-1.564,2.111,0.000,-1.877,0.762,0.000,-1.877,0.762,-0.027,-0.058,0.030,0.25,-0.39,1,1
232796,0.067,0.006,1.002,0.037,-0.938,-0.023,0.9799,0.0093,-0.0320,0.1964,0.325,-3.806,202.657,0.000,-1.564,2.111,0.000,-1.877,0.762,0.000,-1.877,0.762,-0.029,-0.075,0.040,0.24,-0.38,1,1
232813,0.067,0.007,1.002,-0.103,-0.888,-0.035,0.9799,0.0100,-0.0321,0.1964,0.402,-3.834,202.651,0.000,-1.564,2.111,0.000,-1.877,0.704,0.000,-1.877,0.762,-0.020,-0.086,0.046,0.25,-0.24,1,1
232826,0.067,0.007,1.002,-0.035,-0.804,0.079,0.9799,0.0101,-0.0322,0.1964,0.413,-3.844,202.651,0.000,-1.564,2.111,0.000,-1.877,0.762,0.000,-1.877,0.704,-0.018,-0.092,0.040,0.26,-0.24,1,1
232842,0.068,0.007,1.002,0.022,-0.744,0.060,0.9799,0.0101,-0.0325,0.1964,0.402,-3.880,202.653,0.000,-1.564,2.111,0.000,-1.877,0.704,0.000,-1.877,0.704,-0.022,-0.099,0.034,0.27,0.78,1,1
232856,0.068,0.006,1.002,-0.108,-0.667,0.114,0.9799,0.0095,-0.0324,0.1964,0.333,-3.859,202.659,0.000,-1.564,2.111,0.000,-1.877,0.704,0.000,-1.877,0.704,-0.017,-0.104,0.025,0.28,0.74,1,1
232867,0.068,0.006,1.002,-0.046,-0.662,0.156,0.9799,0.0093,-0.0327,0.1964,0.314,-3.881,202.661,0.000,-1.564,2.111,0.000,-1.877,0.704,0.000,-1.877,0.704,-0.016,-0.106,0.021,0.28,0.74,1,1
232882,0.068,0.005,1.002,0.000,-0.638,0.142,0.9799,0.0093,-0.0330,0.1965,0.305,-3.915,202.664,0.000,-1.564,2.111,0.000,-1.877,0.762,0.000,-1.877,0.704,-0.019,-0.103,0.017,0.29,0.67,1,1
232892,0.068,0.005,1.002,-0.097,-0.487,0.150,0.9799,0.0091,-0.0330,0.1965,0.282,-3.909,202.667,0.000,-1.564,2.111,0.000,-1.877,0.762,0.000,-1.877,0.762,-0.016,-0.108,0.018,0.29,0.33,1,1
232905,0.069,0.005,1.003,-0.055,-0.462,0.106,0.9799,0.0091,-0.0330,0.1965,0.285,-3.916,202.669,0.000,-1.564,2.111,0.000,-1.877,0.762,0.000,-1.877,0.762,-0.013,-0.114,0.023,0.30,0.33,1,1
232920,0.069,0.006,1.002,0.051,-0.425,0.034,0.9799,0.0096,-0.0330,0.1965,0.338,-3.924,202.666,0.000,-1.564,2.111,0.000,-1.877,0.704,0.000,-1.877,0.704,-0.019,-0.116,0.034,0.30,0.31,1,1
232934,0.069,0.007,1.002,0.025,-0.364,0.022,0.9799,0.0100,-0.0331,0.1965,0.380,-3.946,202.663,0.000,-1.564,2.111,0.000,-1.877,0.704,0.000,-1.877,0.704,-0.022,-0.118,0.032,0.30,0.25,1,1
233316,0.067,0.006,1.002,0.250,1.511,0.117,0.9799,0.0093,-0.0322,0.1966,0.316,-3.827,202.673,0.000,-1.564,2.111,0.000,-1.877,0.762,0.000,-1.877,0.762,-0.034,-0.207,0.038,0.27,0.26,1,1
233331,0.067,0.005,1.002,0.064,1.391,0.307,0.9799,0.0090,-0.0322,0.1966,0.281,-3.826,202.678,0.000,-1.564,2.111,0.000,-1.877,0.762,0.000,-1.877,0.762,-0.031,-0.201,0.015,0.27,0.16,1,1
233345,0.066,0.003,1.003,0.016,1.349,0.156,0.9799,0.0079,-0.0321,0.1967,0.160,-3.782,202.690,0.000,-1.564,2.111,0.000,-1.877,0.762,0.000,-1.877,0.762,-0.022,-0.190,0.008,0.27,0.16,1,1
233353,0.066,0.003,1.002,0.009,1.269,0.052,0.9799,0.0082,-0.0321,0.1966,0.203,-3.788,202.688,0.000,-1.564,2.111,0.000,-1.877,0.762,0.000,-1.877,0.762,-0.019,-0.179,0.015,0.26,-0.56,1,1
233369,0.066,0.005,1.003,-0.199,1.438,0.134,0.9799,0.0088,-0.0318,0.1966,0.274,-3.775,202.684,0.000,-1.564,2.111,0.000,-1.877,0.762,0.000,-1.877,0.762,-0.011,-0.174,0.023,0.25,-0.56,1,1
233377,0.066,0.005,1.003,-0.243,1.492,0.174,0.9799,0.0089,-0.0318,0.1966,0.279,-3.770,202.685,0.000,-1.564,2.111,0.000,-1.877,0.762,0.000,-1.877,0.762,-0.002,-0.178,0.020,0.25,-0.53,1,1
233396,0.066,0.005,1.003,0.117,1.653,-0.212,0.9799,0.0090,-0.0315,0.1966,0.302,-3.741,202.684,0.000,-1.564,2.111,0.000,-1.877,0.762,0.000,-1.877,0.762,-0.011,-0.190,0.044,0.25,-0.44,1,1
233405,0.066,0.006,1.003,0.169,1.674,-0.326,0.9799,0.0094,-0.0315,0.1966,0.346,-3.746,202.678,0.000,-1.564,2.111,0.000,-1.877,0.762,0.000,-1.877,0.762,-0.019,-0.197,0.064,0.25,-0.44,1,1
233418,0.065,0.007,1.003,0.228,1.725,-0.072,0.9799,0.0098,-0.0312,0.1966,0.394,-3.727,202.673,0.000,-1.564,2.111,0.000,-1.877,0.762,0.000,-1.877,0.762,-0.030,-0.202,0.071,0.25,0.16,1,1
233433,0.065,0.006,1.003,0.146,1.875,0.311,0.9799,0.0093,-0.0312,0.1966,0.340,-3.711,202.680,0.000,-1.564,2.111,0.000,-1.877,0.762,0.000,-1.877,0.762,-0.035,-0.215,0.031,0.25,0.15,1,1
233454,0.064,0.004,1.002,0.046,1.899,-0.004,0.9799,0.0083,-0.0309,0.1967,0.236,-3.660,202.690,0.000,-1.564,2.111,0.000,-1.877,0.762,0.000,-1.877,0.704,-0.032,-0.219,0.027,0.25,0.13,1,1
233881,0.051,0.010,1.002,0.226,1.619,-0.006,0.9801,0.0097,-0.0237,0.1967,0.557,-2.887,202.679,0.000,-1.564,2.111,0.000,-1.877,0.762,0.000,-1.877,0.762,-0.043,-0.115,0.080,0.29,0.04,1,1
233896,0.050,0.009,1.002,0.170,1.651,0.309,0.9801,0.0092,-0.0238,0.1967,0.501,-2.884,202.686,0.000,-1.564,2.111,0.000,-1.877,0.880,0.000,-1.877,0.880,-0.044,-0.135,0.038,0.29,0.04,1,1
233910,0.050,0.007,1.002,0.237,1.452,0.246,0.9801,0.0080,-0.0238,0.1968,0.368,-2.854,202.696,0.000,-1.564,2.111,0.000,-1.877,0.762,0.000,-1.877,0.880,-0.044,-0.130,0.025,0.29,0.04,1,1
233922,0.050,0.006,1.002,0.048,1.180,0.107,0.9801,0.0077,-0.0237,0.1968,0.328,-2.838,202.701,0.000,-1.564,2.111,0.000,-1.877,0.762,0.000,-1.877,0.762,-0.039,-0.109,0.021,0.29,0.01,1,1
233937,0.049,0.006,1.002,-0.067,1.021,0.160,0.9801,0.0075,-0.0235,0.1968,0.307,-2.813,202.704,0.000,-1.564,2.111,0.000,-1.877,0.762,0.000,-1.877,0.762,-0.024,-0.083,0.019,0.28,-0.21,1,1
233952,0.049,0.006,1.002,-0.016,1.065,0.049,0.9801,0.0076,-0.0232,0.1968,0.331,-2.784,202.703,0.000,-1.564,2.111,0.000,-1.877,0.762,0.000,-1.877,0.762,-0.020,-0.074,0.023,0.28,-0.21,1,1
233964,0.049,0.007,1.003,-0.031,1.139,-0.004,0.9801,0.0083,-0.0231,0.1968,0.410,-2.785,202.700,0.000,-1.564,2.111,0.000,-1.877,0.762,0.000,-1.877,0.762,-0.020,-0.080,0.034,0.28,-0.20,1,1
